0,47118047488,100
1,234448286846,700
2,37854423156,80
3,474598491972,850
4,979855754824,6650
5,336370226336,930
6,149902934178,530
7,175036511848,450
8,129306662816,400
9,1773743522,92740
10,69689757531,20
11,79346228024,240
12,448403748420,1000
13,73529364411,180
14,786759168548,10850
15,1732686905,81740
16,214041859018,1750
17,524886573893,1260
18,17364926946,23160
19,1738656258,47120
20,73766689998,110
21,506635939642,820
22,192283284619,590
23,76160712235,290
24,1754280351,40710
25,64310630011,90
26,98863273921,360
27,64310630011,90
28,346681537015,800
29,175036511848,450
30,95767934259,1580
31,69689757531,20
32,76340721660,270
33,30037880030,18940
34,133426336182,380
35,968599018009,990
36,1412833128,101630
37,1411240556,142170
38,1697808390,83790
39,203260015365,2200
40,161409540099,480
41,819112056441,1180
42,168133444682,420
43,73766689998,110
44,101537962036,1610
45,69739954230,120
46,219752707362,960
47,183669210849,600
48,253764541111,2110
49,64310630011,90
50,659003188428,3650
51,332549826748,2140
52,356664525586,2310
53,1151740175595,8810
54,98863273921,360
55,158285674417,1940
56,1368805300,154200
57,69689757531,20
58,33757845712,21550
59,125074188039,340
60,1355058414,140130
61,1729469552,60590
62,380613135783,1190
63,595039222417,3050
64,117890170742,310
65,76160712235,290
66,1404349223,152440
67,82962264884,1470
68,172433487525,410
69,34054231870,21440
70,474598491972,850
71,121607819904,330
72,76340721660,270
73,116895037397,1530
74,175036511848,450
75,1748736327,46170
76,218554010715,1830
77,144546924388,17570
78,37854423156,80
79,344520079607,980
80,1085889768881,2690
81,198348460057,2050
82,53845833080,50
83,61624317642,200
84,499289811374,2150
85,1609597074915,4950
86,99186810260,280
87,504899242569,1010
88,70287329309,130
89,38315505795,40
90,161670837424,540
91,218297860150,790
92,94882633896,1660
93,73863745649,160
94,880414860,94950
95,123511719060,17960
96,1766385295,217040
97,187649984,1500000
98,443707955630,1110
99,443707955630,1110
100,121607819904,330
101,163463365841,390
102,1189776095050,8440
103,3812642102,27430
104,1912517554,32230
105,121607819904,330
106,99186810260,280
107,987962594965,1410
108,215901404156,2550
109,1683745927,46710
110,49794521761,70
111,358212295243,1070
112,340591014770,860
113,1090165750560,2710
114,38315505795,40
115,280202184283,650
116,332148087037,1130
117,53845833080,50
118,1227948131226,3320
119,1678943552,292190
120,1699498743,220060
121,938430745398,1320
122,130008165856,550
123,393017867103,920
124,77299171633,190
125,129306662816,400
126,75792868623,170
127,85571748530,210
128,184994047090,670
129,74283611302,140
130,1764472493,225490
131,73863745649,160
132,278207394600,1860
133,129306662816,400
134,1685169758,204230
135,76340721660,270
136,145199916688,460
137,61624317642,200
138,59463239703,60
139,216393368321,510
140,75792868623,170
141,98863273921,360
142,85571748530,210
143,277785468679,830
144,233421425952,620
145,1754918695,216950
146,64664455215,150
147,38315505795,40
148,595253085472,3160
149,1741871106,57230
150,1704484119,86040
151,20776558214,22740
152,1361945274,132810
153,117890170742,310
154,1396353437,130890
155,74283611302,140
156,61624317642,200
157,344371763397,1510
158,679679411575,4020
159,261482779323,910
160,73529364411,180
161,202265185959,2080
162,176489498787,1650
163,332148087037,1130
164,354081400421,870
165,121263959740,320
166,47118047488,100
167,671408717936,4240
168,1354309231300,4010
169,82450296877,30
170,415506747389,770
171,161670837424,540
172,328266871537,840
173,176489498787,1650
174,496195045699,1150
175,1396332208,146520
176,1726608841,41720
177,161670837424,540
178,1896345873,32610
179,168133444682,420
180,585816142,33840
181,234621676560,640
182,64310630011,90
183,82450296877,30
184,121607819904,330
185,73529364411,180
186,1644587903176,1200
187,1711446849,205190
188,1715743792,215490
189,70287329309,130
190,95767934259,1580
191,215901404156,2550
192,44084310405,20840
193,75792868623,170
194,64664455215,150
195,70287329309,130
196,99186810260,280
197,506635939642,820
198,1257567613428,6140
199,88352444124,220
200,49794521761,70
201,640693161511,1230
202,82450296877,30
203,406550709138,720
204,336370226336,930
205,455768581496,940
206,37854423156,80
207,97539890672,260
208,1356554910,180160
209,125074188039,340
210,1373729871008,4100
211,462484638687,890
212,37854423156,80
213,73766689998,110
214,64664455215,150
215,1726163684,47710
216,814532841884,10440
217,263961540453,680
218,1346615402,189220
219,1694232216,291270
220,69739954230,120
221,69739954230,120
222,59463239703,60
223,348408266316,1140
224,1736280712,239090
225,59463239703,60
226,1368031819,160890
227,1418092173,177170
228,76160712235,290
229,346681537015,800
230,262315743043,1520
231,59463239703,60
232,38315505795,40
233,101643933488,2010
234,73766689998,110
235,1690750477,64140
236,99186810260,280
237,219752707362,960
238,257991282368,570
239,81210164815,300
240,334108566308,2100
241,1393644351,156030
242,73766689998,110
243,79346228024,240
244,1686468909,51780
245,208491561645,500
246,38315505795,40
247,59463239703,60
248,1757569604,36470
249,53845833080,50
250,38315505795,40
251,74430708797,230
252,1363823533,172740
253,74283611302,140
254,79346228024,240
255,73863745649,160
256,75792868623,170
257,377733685386,1370
258,175848734553,520
259,406550709138,720
260,49794521761,70
261,1394028103,155480
262,398854419704,1170
263,215901404156,2550
264,2054862405,377090
265,79346228024,240
266,77436052010,1460
267,77299171633,190
268,76160712235,290
269,640693161511,1230
270,218297860150,790
271,1721824200,61150
272,76160712235,290
273,187649984,1500000
274,161394034366,750
275,1690248454,37890
276,546994150854,1290
277,77299171633,190
278,157524949488,610
279,38315505795,40
280,69689757531,20
281,77299171633,190
282,59463239703,60
283,1687553736,223480
284,2377485980,29860
285,38315505795,40
286,557777336595,1020
287,174684219523,1630
288,39405515426,21120
289,1711423864,41620
290,61624317642,200
291,546994150854,1290
292,47118047488,100
293,38315505795,40
294,1417317428,196360
295,133810120310,17830
296,85571748530,210
297,172870482483,2190
298,76340721660,270
299,69739954230,120
300,59463239703,60
301,37854423156,80
302,1920181547,32260
303,1707978514,57420
304,175036511848,450
305,1356546362,194840
306,74283611302,140
307,997184035061,1280
308,70287329309,130
309,142589481827,1490
310,38315505795,40
311,38315505795,40
312,380613135783,1190
313,175847502769,490
314,9965887178,22890
315,69739954230,120
316,69689757531,20
317,76340721660,270
318,1691263245,58490
319,158224831902,17180
320,82450296877,30
321,2570965662,29140
322,75792868623,170
323,1789543761,34630
324,2726956218,28970
325,336370226336,930
326,2345307465501,5650
327,375991941221,740
328,1767440043,37520
329,73863745649,160
330,1688173714,99430
331,85571748530,210
332,38315505795,40
333,1382633920,112140
334,163463365841,390
335,1369927299,195370
336,130008165856,550
337,64664455215,150
338,85571748530,210
339,133582065341,440
340,138495535114,350
341,146250647620,17460
342,149902934178,530
343,2363531592672,5620
344,76340721660,270
345,74430708797,230
346,677298222994,1420
347,187649984,1500000
348,1733416049,226370
349,121263959740,320
350,1718781716,97870
351,1705397889,90370
352,76340721660,270
353,1714995555,81360
354,1757772761,410770
355,161394034366,750
356,117890170742,310
357,187649984,1500000
358,1758961845,38310
359,192283284619,590
360,98863273921,360
361,1405105634,167630
362,37854423156,80
363,69689757531,20
364,1724019946,40200
365,337094348334,14640
366,1389477898,127720
367,53845833080,50
368,175757350095,16890
369,74430708797,230
370,687617462101,3820
371,356353242830,2380
372,362701856577,1820
373,163463365841,390
374,959389864824,1430
375,1746893161,37860
376,98863273921,360
377,47118047488,100
378,38315505795,40
379,128211993971,1480
380,1727082065,36160
381,1710239223,80080
382,2113340981,321560
383,75792868623,170
384,1685154785,281210
385,70287329309,130
386,2127099992,330730
387,168133444682,420
388,2127100196,307860
389,1378426536,114760
390,125877631533,1550
391,74283611302,140
392,375991941221,740
393,187649984,1500000
394,47118047488,100
395,183669210849,600
396,38315505795,40
397,1348555924,151830
398,161394034366,750
399,880414860,94950
400,157524949488,610
401,59463239703,60
402,560171169504,2800
403,70287329309,130
404,175848734553,520
405,187649984,1500000
406,357179970085,2590
407,659003188428,3650
408,125877631533,1550
409,69689757531,20
410,1953732806025,5250
411,690945416,103610
412,128211993971,1480
413,103191467790,1710
414,375855353997,2920
415,161670837424,540
416,64664455215,150
417,64664455215,150
418,121607819904,330
419,1373830125,119600
420,76160712235,290
421,377733685386,1370
422,363228979152,780
423,1705887309,92500
424,184692353604,580
425,133582065341,440
426,84186589215,250
427,168133444682,420
428,508628031027,1440
429,133582065341,440
430,280191002280,660
431,38315505795,40
432,125074188039,340
433,344520079607,980
434,1758014254,80590
435,64664455215,150
436,216393368321,510
437,73529364411,180
438,1349676844,176860
439,629963272851,3590
440,49794521761,70
441,1377641418,115160
442,77299171633,190
443,356217246112,1040
444,216393368321,510
445,75792868623,170
446,133582065341,440
447,81210164815,300
448,70287329309,130
449,1371468955,173130
450,160010374923,1920
451,167782965931,430
452,323666190773,950
453,74430708797,230
454,37854423156,80
455,593724749112,12170
456,1752918105,53950
457,61624317642,200
458,263961540453,680
459,61624317642,200
460,157524949488,610
461,85571748530,210
462,117890170742,310
463,346681537015,800
464,177348065878,370
465,76160712235,290
466,119695726112,1780
467,348408266316,1140
468,1667493088589,6880
469,1370352697,133260
470,1395563697,154070
471,569321941117,1380
472,175036511848,450
473,234621676560,640
474,1767202168,41860
475,1740101098,250080
476,103191467790,1710
477,1417345218,156960
478,316965788246,970
479,959389864824,1430
480,1377657700,113060
481,613057903450,1050
482,1704814171,44620
483,504899242569,1010
484,85571748530,210
485,1390944766,197790
486,161394034366,750
487,218297860150,790
488,174972485340,2160
489,2319254806404,6330
490,201214423836,2040
491,997184035061,1280
492,157524949488,610
493,81210164815,300
494,358212295243,1070
495,183669210849,600
496,206095474784,560
497,73766689998,110
498,77299171633,190
499,380613135783,1190
500,64664455215,150
501,1678954334,221320
502,569321941117,1380
503,332148087037,1130
504,1390943973,197600
505,73863745649,160
506,1735797901,269400
507,168133444682,420
508,80894970522,2000
509,351558703461,710
510,1182457115866,3250
511,59463239703,60
512,74283611302,140
513,636198971919,3640
514,187649984,1500000
515,111202485632,18320
516,183669210849,600
517,263961540453,680
518,1539099701131,4660
519,76340721660,270
520,1202681236132,3190
521,234448286846,700
522,73863745649,160
523,117890170742,310
524,64310630011,90
525,628528637408,11790
526,1228637058445,3390
527,1710493090,202950
528,125074188039,340
529,133426336182,380
530,187649984,1500000
531,73863745649,160
532,64310630011,90
533,149902934178,530
534,38315505795,40
535,133582065341,440
536,216393368321,510
537,82450296877,30
538,1626083755163,7060
539,161409540099,480
540,121263959740,320
541,168133444682,420
542,73863745649,160
543,61624317642,200
544,133582065341,440
545,348408266316,1140
546,148653139315,1540
547,230767757504,16110
548,1769383411,42860
549,53845833080,50
550,1696846062,85110
551,70287329309,130
552,9519253483,24720
553,61624317642,200
554,73766689998,110
555,133426336182,380
556,462484638687,890
557,77299171633,190
558,117993414306,1700
559,613057903450,1050
560,64310630011,90
561,184994047090,670
562,47118047488,100
563,74430708797,230
564,687863233,123900
565,348408266316,1140
566,1722898745,270560
567,187649984,1500000
568,74283611302,140
569,59463239703,60
570,82450296877,30
571,1380249531,185830
572,161670837424,540
573,74430708797,230
574,1374941120,133680
575,177348065878,370
576,149902934178,530
577,1230860995777,3510
578,316965788246,970
579,1693809448,44170
580,61624317642,200
581,115597649299,18210
582,64310630011,90
583,64310630011,90
584,94882633896,1660
585,332148087037,1130
586,127754173113,15660
587,377733685386,1370
588,1391711854,196770
589,161409540099,480
590,98863273921,360
591,73529364411,180
592,1717011102,35720
593,53845833080,50
594,1373035619,134680
595,53845833080,50
596,1356557659,176970
597,98863273921,360
598,339648795717,2180
599,49794521761,70
600,38315505795,40
601,133426336182,380
602,64310630011,90
603,64310630011,90
604,117993414306,1700
605,1371522353,119070
606,1732171013,43020
607,987962594965,1410
608,186863854570,1900
609,64664455215,150
610,47118047488,100
611,117890170742,310
612,37854423156,80
613,687863233,123900
614,84186589215,250
615,1765358813,46820
616,496195045699,1150
617,214614585341,2470
618,53845833080,50
619,76340721660,270
620,2533031288,29320
621,73766689998,110
622,98863273921,360
623,59463239703,60
624,1369571683,151400
625,64310630011,90
626,176016490282,2260
627,357179970085,2590
628,31699274576,21640
629,31959790766,21610
630,172433487525,410
631,396949391137,1220
632,73766689998,110
633,246686634012,690
634,1358539259,116690
635,129306662816,400
636,234448286846,700
637,1387205172,120810
638,1704053796,72710
639,75792868623,170
640,624722008261,3540
641,1404003152,130450
642,74283611302,140
643,81210164815,300
644,73529364411,180
645,73529364411,180
646,1748095694,41810
647,1400970063,114280
648,1746691002,41790
649,121263959740,320
650,99186810260,280
651,1412320850324,3890
652,77299171633,190
653,187649984,1500000
654,1376446985,160090
655,85571748530,210
656,130008165856,550
657,153278995189,1640
658,356217246112,1040
659,37854423156,80
660,64664455215,150
661,64310630011,90
662,59463239703,60
663,73766689998,110
664,624722008261,3540
665,175848734553,520
666,959389864824,1430
667,81210164815,300
668,157524949488,610
669,76340721660,270
670,1687312945,80000
671,358212295243,1070
672,375991941221,740
673,172433487525,410
674,74430708797,230
675,13382486093,23840
676,24653491574,22260
677,75792868623,170
678,2451935642,29620
679,161670837424,540
680,82450296877,30
681,632230573742,1300
682,59463239703,60
683,38315505795,40
684,1738190351,245580
685,70287329309,130
686,37854423156,80
687,76160712235,290
688,75792868623,170
689,64310630011,90
690,49794521761,70
691,2051686443917,5340
692,142589481827,1490
693,597935050767,8540
694,346681537015,800
695,73529364411,180
696,297980398103,630
697,1705040803,38880
698,64664455215,150
699,593722502149,1330
700,559243444097,1400
701,1155203923888,2970
702,161394034366,750
703,82450296877,30
704,1396323491,152170
705,255236831334,2210
706,1704939170,90140
707,38315505795,40
708,98863273921,360
709,75792868623,170
710,99186810260,280
711,1343617276,121260
712,74430708797,230
713,522952556384,2490
714,1366994426,100700
715,557777336595,1020
716,157524949488,610
717,406550709138,720
718,79346228024,240
719,69689757531,20
720,234621676560,640
721,332148087037,1130
722,70287329309,130
723,125074188039,340
724,69689757531,20
725,69689757531,20
726,498610429353,1080
727,5213775197,26330
728,538065659828,2630
729,362701856577,1820
730,332148087037,1130
731,1754945240,34040
732,37854423156,80
733,4033064150,27300
734,192283284619,590
735,1090961000582,2780
736,1716120202,38820
737,546994150854,1290
738,97539890672,260
739,74283611302,140
740,330713222908,730
741,38315505795,40
742,64664455215,150
743,38315505795,40
744,959389864824,1430
745,2242921224,26900
746,1347801822,137870
747,97539890672,260
748,377733685386,1370
749,69689757531,20
750,177348065878,370
751,38315505795,40
752,146650339270,470
753,47118047488,100
754,541708227234,2640
755,99186810260,280
756,790551954093,10730
757,77299171633,190
758,819112056441,1180
759,148653139315,1540
760,117890170742,310
761,121263959740,320
762,47118047488,100
763,187649984,1500000
764,415506747389,770
765,1722326904,56200
766,77436052010,1460
767,64664455215,150
768,59463239703,60
769,983885239665,5220
770,74430708797,230
771,1768286431,272220
772,37854423156,80
773,121607819904,330
774,75792868623,170
775,121263959740,320
776,76340721660,270
777,69739954230,120
778,1419279919,130400
779,343091363884,760
780,496195045699,1150
781,677298222994,1420
782,377733685386,1370
783,1376123848,118400
784,1701132063,86410
785,177348065878,370
786,897493923,34900
787,84186589215,250
788,2137068470,30690
789,297980398103,630
790,368788856754,2810
791,264760034188,2370
792,76340721660,270
793,1733411240,252380
794,262156165872,2510
795,161409540099,480
796,4711701386,26670
797,204127423591,1560
798,53845833080,50
799,2089835750,312130
800,356054089330,1090
801,82450296877,30
802,396949391137,1220
803,82450296877,30
804,2090981997,305060
805,76160712235,290
806,1764152886,40270
807,277785468679,830
808,74283611302,140
809,133582065341,440
810,1864509482,32510
811,53845833080,50
812,59463239703,60
813,1384105740,142930
814,1776673789,36540
815,1363479544,135450
816,161670837424,540
817,219752707362,960
818,98863273921,360
819,1406314051,117740
820,1398229774,160980
821,377733685386,1370
822,187649984,1500000
823,1389087593,133790
824,64310630011,90
825,337928849413,900
826,96978459839,1850
827,2291327807,29980
828,206095474784,560
829,593722502149,1330
830,415506747389,770
831,85571748530,210
832,336370226336,930
833,69689757531,20
834,53845833080,50
835,356054089330,1090
836,155409896064,17340
837,396949391137,1220
838,177348065878,370
839,76160712235,290
840,61624317642,200
841,547121234418,2560
842,1387538614,145620
843,1733213843,68550
844,2084794126,30940
845,129306662816,400
846,172433487525,410
847,415685540370,1120
848,160300775143,1980
849,119695726112,1780
850,997184035061,1280
851,37854423156,80
852,121263959740,320
853,895902382183,9920
854,84186589215,250
855,37854423156,80
856,79346228024,240
857,246686634012,690
858,1352385971,144220
859,205628269145,2320
860,1701676382,74120
861,77436052010,1460
862,74430708797,230
863,168133444682,420
864,337928849413,900
865,101537962036,1610
866,125074188039,340
867,1696361573,40940
868,328266871537,840
869,75792868623,170
870,1402868665,118730
871,1705444658,81210
872,97539890672,260
873,130008165856,550
874,1703343199,38770
875,2058875959,384450
876,161394034366,750
877,336370226336,930
878,47118047488,100
879,49794521761,70
880,69689757531,20
881,12607400129,23990
882,280191002280,660
883,77299171633,190
884,61624317642,200
885,117890170742,310
886,98863273921,360
887,1406260588,158700
888,61624317642,200
889,64664455215,150
890,59463239703,60
891,97539890672,260
892,129306662816,400
893,357179970085,2590
894,1144014246692,2880
895,59463239703,60
896,121607819904,330
897,557777336595,1020
898,74283611302,140
899,64664455215,150
900,47118047488,100
901,88352444124,220
902,206095474784,560
903,125074188039,340
904,1762217730,43050
905,64664455215,150
906,74430708797,230
907,208491561645,500
908,73863745649,160
909,11497169199,24230
910,133426336182,380
911,208491561645,500
912,69739954230,120
913,41211429242,19140
914,1088654665643,9110
915,344371763397,1510
916,1007546941056,9530
917,77299171633,190
918,157524949488,610
919,443707955630,1110
920,983885239665,5220
921,216393368321,510
922,117890170742,310
923,136731669808,1840
924,1039323725459,2390
925,897246074360,1360
926,1720456889,48720
927,348408266316,1140
928,130008165856,550
929,117890170742,310
930,1118696734590,1960
931,1403962454,159610
932,443707955630,1110
933,74283611302,140
934,146650339270,470
935,1369183450,160360
936,101643933488,2010
937,161394034366,750
938,367389651679,4650
939,133426336182,380
940,80894970522,2000
941,1688580896,40260
942,6855257167,23770
943,2707301655,28830
944,64664455215,150
945,504899242569,1010
946,79346228024,240
947,1382967395,139050
948,334108566308,2100
949,69739954230,120
950,1372608945,176920
951,84186589215,250
952,73766689998,110
953,27589396173,22020
954,75792868623,170
955,161670837424,540
956,99186810260,280
957,344520079607,980
958,1359659832,28820
959,133426336182,380
960,337928849413,900
961,69739954230,120
962,501854518957,9520
963,37854423156,80
964,82450296877,30
965,363228979152,780
966,1813464007571,6780
967,95767934259,1580
968,75792868623,170
969,64664455215,150
970,175848734553,520
971,64664455215,150
972,2112766418,348360
973,37854423156,80
974,47118047488,100
975,73529364411,180
976,76340721660,270
977,890130729,37540
978,47118047488,100
979,1404368854,139940
980,161409540099,480
981,38315505795,40
982,77299171633,190
983,75792868623,170
984,95197928352,16720
985,168133444682,420
986,37854423156,80
987,1136417239190,3090
988,193043124294,16620
989,149902934178,530
990,177348065878,370
991,53153127750,20390
992,1371135324,129500
993,85571748530,210
994,53845833080,50
995,648364976890,11780
996,498610429353,1080
997,1413122493,176450
998,88352444124,220
999,133426336182,380
1000,59463239703,60
1001,1767120719,67640
1002,69739954230,120
1003,1344724122,153160
1004,161670837424,540
1005,175847502769,490
1006,1751712722,98900
1007,175036511848,450
1008,64664455215,150
1009,218297860150,790
1010,1386807067,119340
1011,64310630011,90
1012,213599266166,1600
1013,368788856754,2810
1014,1373080424,106830
1015,184994047090,670
1016,73863745649,160
1017,148653139315,1540
1018,214041859018,1750
1019,523281204940,2280
1020,213599266166,1600
1021,101537962036,1610
1022,121607819904,330
1023,673594861476,880
1024,130008165856,550
1025,74430708797,230
1026,130008165856,550
1027,393017867103,920
1028,1682292327,249400
1029,175036511848,450
1030,76160712235,290
1031,280202184283,650
1032,328266871537,840
1033,138495535114,350
1034,1731512225,207810
1035,1383326103,157400
1036,698453617909,1390
1037,133582065341,440
1038,47118047488,100
1039,59463239703,60
1040,73863745649,160
1041,198348460057,2050
1042,1043076520910,9320
1043,551964356987,1060
1044,73863745649,160
1045,297980398103,630
1046,337928849413,900
1047,323666190773,950
1048,1395228662,122580
1049,498610429353,1080
1050,145199916688,460
1051,1826704669058,6760
1052,146650339270,470
1053,69689757531,20
1054,175036511848,450
1055,99186810260,280
1056,64664455215,150
1057,53845833080,50
1058,77299171633,190
1059,1751856028,65260
1060,88352444124,220
1061,130008165856,550
1062,61624317642,200
1063,38315505795,40
1064,160010374923,1920
1065,1703813133,47020
1066,49794521761,70
1067,1774428075,34510
1068,1416213788,136020
1069,971052125845,9510
1070,356353242830,2380
1071,1410128695,123320
1072,499432927058,13120
1073,133582065341,440
1074,332148087037,1130
1075,168133444682,420
1076,134729384144,1690
1077,234621676560,640
1078,74283611302,140
1079,38315505795,40
1080,344520079607,980
1081,506635939642,820
1082,624098428442,3430
1083,1237027165068,3360
1084,81210164815,300
1085,1765423508,244980
1086,79346228024,240
1087,77299171633,190
1088,47118047488,100
1089,632230573742,1300
1090,64310630011,90
1091,101643933488,2010
1092,263961540453,680
1093,69689757531,20
1094,1725479131,93850
1095,1354684562,140790
1096,37854423156,80
1097,344520079607,980
1098,84186589215,250
1099,76340721660,270
1100,263961540453,680
1101,49794521761,70
1102,75792868623,170
1103,448403748420,1000
1104,138495535114,350
1105,234621676560,640
1106,1050448061963,2440
1107,396949391137,1220
1108,82450296877,30
1109,98863273921,360
1110,74283611302,140
1111,70945392939,19560
1112,73863745649,160
1113,117890170742,310
1114,1695681315,206540
1115,70287329309,130
1116,49794521761,70
1117,27630445347,21940
1118,161409540099,480
1119,343091363884,760
1120,69689757531,20
1121,84186589215,250
1122,121263959740,320
1123,538507620022,12770
1124,1372675905,122130
1125,37854423156,80
1126,1329514698015,3720
1127,593722502149,1330
1128,130008165856,550
1129,88352444124,220
1130,1690304138,59670
1131,1360071789,114130
1132,337024404225,2130
1133,1397124408,124220
1134,1724580517,36380
1135,121263959740,320
1136,47118047488,100
1137,1346250259,159470
1138,257991282368,570
1139,186863854570,1900
1140,77299171633,190
1141,192283284619,590
1142,545200097910,1770
1143,76340721660,270
1144,61624317642,200
1145,75792868623,170
1146,968599018009,990
1147,1684947287,42540
1148,1363475943,139280
1149,316965788246,970
1150,1697583383,226690
1151,1388355874,116770
1152,37854423156,80
1153,1722429505,217320
1154,81210164815,300
1155,187649984,1500000
1156,202157436721,2060
1157,550861625208,1030
1158,53845833080,50
1159,61624317642,200
1160,157524949488,610
1161,77299171633,190
1162,1758433944,90910
1163,145199916688,460
1164,81210164815,300
1165,1681402440,41330
1166,2528381208183,6110
1167,88352444124,220
1168,1801164295,35160
1169,70287329309,130
1170,121607819904,330
1171,455768581496,940
1172,526963183387,2270
1173,1733570845,95070
1174,53845833080,50
1175,79346228024,240
1176,213599266166,1600
1177,174972485340,2160
1178,64310630011,90
1179,2070431927105,5330
1180,53845833080,50
1181,183669210849,600
1182,138495535114,350
1183,2082954725,338700
1184,16719897394,23290
1185,163463365841,390
1186,38315505795,40
1187,349112183349,1620
1188,74430708797,230
1189,546994150854,1290
1190,85571748530,210
1191,268195529559,1730
1192,70287329309,130
1193,358212295243,1070
1194,70287329309,130
1195,1738491966,65630
1196,73529364411,180
1197,84186589215,250
1198,1466446673702,4630
1199,344520079607,980
1200,532647882557,1100
1201,133426336182,380
1202,74283611302,140
1203,137935646295,1890
1204,59463239703,60
1205,1355447793,140650
1206,81210164815,300
1207,77436052010,1460
1208,261482779323,910
1209,130008165856,550
1210,161409540099,480
1211,76160712235,290
1212,73863745649,160
1213,1043277418524,9130
1214,73863745649,160
1215,161670837424,540
1216,340591014770,860
1217,168133444682,420
1218,107727979971,18350
1219,37854423156,80
1220,358212295243,1070
1221,37854423156,80
1222,1715078924,60030
1223,2499193272,29450
1224,246686634012,690
1225,1756986514,94610
1226,38315505795,40
1227,1821760728,33000
1228,138495535114,350
1229,119313732482,1680
1230,59463239703,60
1231,96978459839,1850
1232,61624317642,200
1233,1568832702171,7050
1234,186863854570,1900
1235,632230573742,1300
1236,192283284619,590
1237,977330728182,9550
1238,1346286730,131590
1239,82450296877,30
1240,61624317642,200
1241,2030783969,337440
1242,1438925042342,4420
1243,85571748530,210
1244,488720760033,1210
1245,84186589215,250
1246,74430708797,230
1247,222067756156,1990
1248,1690686211,67390
1249,153278995189,1640
1250,130008165856,550
1251,88352444124,220
1252,1720285871,78290
1253,161409540099,480
1254,88352444124,220
1255,53720072844,20360
1256,138495535114,350
1257,38315505795,40
1258,101537962036,1610
1259,47118047488,100
1260,81210164815,300
1261,353497940645,2340
1262,394720588259,10590
1263,130008165856,550
1264,37854423156,80
1265,372034330668,14370
1266,406550709138,720
1267,103191467790,1710
1268,323666190773,950
1269,448403748420,1000
1270,328266871537,840
1271,358212295243,1070
1272,280202184283,650
1273,59463239703,60
1274,37854423156,80
1275,393017867103,920
1276,47888372376,20600
1277,61624317642,200
1278,1671035579,28040
1279,208491561645,500
1280,69739954230,120
1281,1824808234,33230
1282,130008165856,550
1283,96978459839,1850
1284,1360821751,121450
1285,53845833080,50
1286,337928849413,900
1287,59463239703,60
1288,49794521761,70
1289,76160712235,290
1290,64664455215,150
1291,1743120808,98880
1292,344520079607,980
1293,47118047488,100
1294,88058131136,18960
1295,1485033764955,4690
1296,1363816417,180350
1297,1686336844,82210
1298,41934570075,21000
1299,1740291805,95780
1300,67674361363,19710
1301,511841291079,9380
1302,61624317642,200
1303,177348065878,370
1304,64310630011,90
1305,233421425952,620
1306,1702354048,293480
1307,277785468679,830
1308,38315505795,40
1309,1768081745,75520
1310,219752707362,960
1311,1350074374,156990
1312,218297860150,790
1313,70287329309,130
1314,61624317642,200
1315,261482779323,910
1316,170764367148,2070
1317,174514353826,2250
1318,49794521761,70
1319,316965788246,970
1320,54321993880,20320
1321,167782965931,430
1322,88352444124,220
1323,328266871537,840
1324,69689757531,20
1325,1757779314,33860
1326,73766689998,110
1327,81210164815,300
1328,47118047488,100
1329,255210650087,1590
1330,161670837424,540
1331,1680107701,89240
1332,38315505795,40
1333,1363821575,177610
1334,1376054726,170820
1335,532647882557,1100
1336,47118047488,100
1337,98863273921,360
1338,1751090271,240950
1339,37854423156,80
1340,73766689998,110
1341,172433487525,410
1342,332549826748,2140
1343,37854423156,80
1344,415685540370,1120
1345,172870482483,2190
1346,1382599285,131210
1347,183669210849,600
1348,218297860150,790
1349,214614585341,2470
1350,187649984,1500000
1351,38315505795,40
1352,97539890672,260
1353,90266324069,18900
1354,462484638687,890
1355,1391782729,122350
1356,362060688727,2480
1357,202265185959,2080
1358,1686128081,201560
1359,161394034366,750
1360,234448286846,700
1361,73529364411,180
1362,69689757531,20
1363,184692353604,580
1364,280191002280,660
1365,198348460057,2050
1366,76340721660,270
1367,14369472947,23610
1368,316965788246,970
1369,117993414306,1700
1370,73766689998,110
1371,47118047488,100
1372,184692353604,580
1373,1712388772,263550
1374,117890170742,310
1375,88352444124,220
1376,69739954230,120
1377,1733621797,81610
1378,76160712235,290
1379,332148087037,1130
1380,97539890672,260
1381,175848734553,520
1382,1408913604,190890
1383,1371934601,108800
1384,524886573893,1260
1385,70287329309,130
1386,297980398103,630
1387,1346232281,183860
1388,272330033827,1790
1389,340591014770,860
1390,64310630011,90
1391,98863273921,360
1392,330713222908,730
1393,1747681896,50760
1394,1752347188,65140
1395,1701900448,47060
1396,69739954230,120
1397,673594861476,880
1398,559243444097,1400
1399,280191002280,660
1400,77299171633,190
1401,280202184283,650
1402,415506747389,770
1403,184692353604,580
1404,53845833080,50
1405,1773084570,40380
1406,49794521761,70
1407,1705025990,71700
1408,73766689998,110
1409,206095474784,560
1410,61624317642,200
1411,263961540453,680
1412,206095474784,560
1413,1681261728,53180
1414,79346228024,240
1415,38315505795,40
1416,37854423156,80
1417,2164267563606,6470
1418,74283611302,140
1419,64310630011,90
1420,121607819904,330
1421,316965788246,970
1422,76340721660,270
1423,167782965931,430
1424,8360753317,25010
1425,1405425839394,4310
1426,40413929145,21060
1427,214041859018,1750
1428,160300775143,1980
1429,1366111691,181300
1430,74283611302,140
1431,1715523413,70450
1432,358212295243,1070
1433,121607819904,330
1434,133426336182,380
1435,1758035102,77750
1436,133426336182,380
1437,74430708797,230
1438,415685540370,1120
1439,38315505795,40
1440,53845833080,50
1441,272330033827,1790
1442,59463239703,60
1443,59463239703,60
1444,121263959740,320
1445,88352444124,220
1446,1398977463,189510
1447,47118047488,100
1448,508628031027,1440
1449,260703325048,1450
1450,161409540099,480
1451,37854423156,80
1452,69689757531,20
1453,53845833080,50
1454,49794521761,70
1455,134729384144,1690
1456,49794521761,70
1457,640693161511,1230
1458,38315505795,40
1459,76160712235,290
1460,1405485027,167340
1461,73766689998,110
1462,1382931637,177670
1463,69689757531,20
1464,76340721660,270
1465,117993414306,1700
1466,1709701759,99730
1467,53845833080,50
1468,98863273921,360
1469,174972485340,2160
1470,192283284619,590
1471,138495535114,350
1472,2034773963,30830
1473,98863273921,360
1474,101537962036,1610
1475,1104236679335,2620
1476,651479056312,3610
1477,1414728804,107990
1478,316965788246,970
1479,69689757531,20
1480,64310630011,90
1481,95767934259,1580
1482,161394034366,750
1483,1727830115,36390
1484,208491561645,500
1485,130008165856,550
1486,161409540099,480
1487,219752707362,960
1488,81210164815,300
1489,9317547716,24830
1490,280191002280,660
1491,878650658,36080
1492,1734433282,43880
1493,84186589215,250
1494,1727690257,208590
1495,1701411277,211230
1496,346681537015,800
1497,222067756156,1990
1498,5381382970,26230
1499,559243444097,1400
1500,97539890672,260
1501,37854423156,80
1502,129306662816,400
1503,1349713715,138680
1504,69689757531,20
1505,257991282368,570
1506,172433487525,410
1507,49794521761,70
1508,70287329309,130
1509,79346228024,240
1510,498610429353,1080
1511,277785468679,830
1512,99186810260,280
1513,79346228024,240
1514,76340721660,270
1515,233421425952,620
1516,699681046,177590
1517,262171278398,2290
1518,2685634186,28980
1519,59463239703,60
1520,81210164815,300
1521,233421425952,620
1522,1390667126,109550
1523,61624317642,200
1524,84186589215,250
1525,701781195,192160
1526,344371763397,1510
1527,64664455215,150
1528,82450296877,30
1529,161409540099,480
1530,73766689998,110
1531,1349721639,136460
1532,70287329309,130
1533,64664455215,150
1534,175848734553,520
1535,415685540370,1120
1536,1377208451,160500
1537,498171332059,2090
1538,234621676560,640
1539,1796409971,35540
1540,224043119436,16080
1541,82450296877,30
1542,69689757531,20
1543,53845833080,50
1544,49794521761,70
1545,77299171633,190
1546,1693275185,435770
1547,1755563298,91870
1548,1721646700,93840
1549,415685540370,1120
1550,601211357232,3180
1551,133426336182,380
1552,49794521761,70
1553,94882633896,1660
1554,256068021014,2230
1555,88352444124,220
1556,213341297372,16340
1557,158285674417,1940
1558,2038810188,324720
1559,214614585341,2470
1560,354081400421,870
1561,1682768744,254340
1562,172433487525,410
1563,73863745649,160
1564,1726932975,81530
1565,704072839,197780
1566,559243444097,1400
1567,64310630011,90
1568,1389417000,196130
1569,455768581496,940
1570,96566312799,18670
1571,53845833080,50
1572,393017867103,920
1573,75792868623,170
1574,1353125962,168900
1575,1697812165,76150
1576,85571748530,210
1577,233421425952,620
1578,1387536378,150490
1579,340591014770,860
1580,1685521583,60090
1581,59463239703,60
1582,153278995189,1640
1583,175848734553,520
1584,1348244046,105270
1585,6855257167,23770
1586,201214423836,2040
1587,1683558174,68780
1588,3556679169,27800
1589,261464687744,2220
1590,181333575094,1740
1591,96978459839,1850
1592,280191002280,660
1593,136731669808,1840
1594,208491561645,500
1595,38315505795,40
1596,138495535114,350
1597,234621676560,640
1598,49794521761,70
1599,37854423156,80
1600,1756082998,86870
1601,253764541111,2110
1602,47118047488,100
1603,219752707362,960
1604,59463239703,60
1605,84186589215,250
1606,1738738477,41200
1607,74283611302,140
1608,679679411575,4020
1609,59463239703,60
1610,174684219523,1630
1611,1044963088516,2240
1612,74283611302,140
1613,70287329309,130
1614,138495535114,350
1615,121263959740,320
1616,96978459839,1850
1617,69689757531,20
1618,53845833080,50
1619,593722502149,1330
1620,74430708797,230
1621,77436052010,1460
1622,174514353826,2250
1623,74283611302,140
1624,1088928129884,2670
1625,61624317642,200
1626,1343169226,195710
1627,168133444682,420
1628,474598491972,850
1629,130008165856,550
1630,59463239703,60
1631,698453617909,1390
1632,69739954230,120
1633,125074188039,340
1634,393017867103,920
1635,1800231672,34840
1636,396949391137,1220
1637,74283611302,140
1638,406550709138,720
1639,4629810370,26840
1640,2581163977,29210
1641,805167027129,10490
1642,566072865366,3000
1643,47118047488,100
1644,38315505795,40
1645,216393368321,510
1646,82450296877,30
1647,1718826597,82030
1648,146650339270,470
1649,177348065878,370
1650,1757525331,85820
1651,1943701794,31810
1652,1749565127,50580
1653,157524949488,610
1654,263961540453,680
1655,53845833080,50
1656,1398221990,169030
1657,81210164815,300
1658,261482779323,910
1659,47118047488,100
1660,3773986798,27510
1661,608984874175,12140
1662,80894970522,2000
1663,911983343632,9830
1664,168133444682,420
1665,74255868459,19420
1666,272330033827,1790
1667,938430745398,1320
1668,18490077751,23030
1669,1679113144,95090
1670,82450296877,30
1671,64664455215,150
1672,37854423156,80
1673,340591014770,860
1674,133582065341,440
1675,59463239703,60
1676,559243444097,1400
1677,629189450362,1310
1678,80894970522,2000
1679,69739954230,120
1680,177348065878,370
1681,184692353604,580
1682,84186589215,250
1683,69689757531,20
1684,2049129590,333840
1685,396949391137,1220
1686,88352444124,220
1687,88352444124,220
1688,146650339270,470
1689,1553450815998,4680
1690,504098306998,810
1691,2210297215879,5580
1692,49794521761,70
1693,136731669808,1840
1694,506635939642,820
1695,125074188039,340
1696,64310630011,90
1697,64310630011,90
1698,97539890672,260
1699,69739954230,120
1700,1742694022,92260
1701,1685036503,60550
1702,184692353604,580
1703,49794521761,70
1704,1371158804,113680
1705,117993414306,1700
1706,532647882557,1100
1707,59463239703,60
1708,829234411386,10510
1709,2375268889893,5740
1710,1742770903,42360
1711,1265027825600,5880
1712,84186589215,250
1713,332148087037,1130
1714,73766689998,110
1715,59463239703,60
1716,84186589215,250
1717,53845833080,50
1718,2375921151,29790
1719,206095474784,560
1720,74283611302,140
1721,1377568297,193780
1722,73529364411,180
1723,146650339270,470
1724,59463239703,60
1725,1647550700818,1240
1726,682889496,132670
1727,375991941221,740
1728,14453606632,23620
1729,1798804300,33460
1730,157524949488,610
1731,1740102892,242530
1732,73529364411,180
1733,344520079607,980
1734,690945416,103610
1735,2057729356,330360
1736,8463635222,24990
1737,70287329309,130
1738,206095474784,560
1739,987962594965,1410
1740,97539890672,260
1741,74430708797,230
1742,1785263342,35570
1743,61624317642,200
1744,1323814586206,7910
1745,143489056967,17620
1746,53845833080,50
1747,1343561242,174160
1748,2506393327,29290
1749,356217246112,1040
1750,38315505795,40
1751,85571748530,210
1752,1176290901988,8570
1753,130008165856,550
1754,121607819904,330
1755,404438798747,10
1756,1844176874,32440
1757,69689757531,20
1758,97539890672,260
1759,2555439665452,5850
1760,69739954230,120
1761,234621676560,640
1762,924468571,33150
1763,1760456586,62610
1764,99186810260,280
1765,1746352023,40350
1766,38315505795,40
1767,1727554308,57590
1768,75792868623,170
1769,79346228024,240
1770,363228979152,780
1771,98863273921,360
1772,61624317642,200
1773,261482779323,910
1774,53845833080,50
1775,82450296877,30
1776,1741228716,37980
1777,160300775143,1980
1778,415685540370,1120
1779,84186589215,250
1780,1762560418,229730
1781,74430708797,230
1782,99186810260,280
1783,1722769760,55400
1784,138495535114,350
1785,69739954230,120
1786,119695726112,1780
1787,98863273921,360
1788,354081400421,870
1789,406550709138,720
1790,677298222994,1420
1791,380613135783,1190
1792,356217246112,1040
1793,74283611302,140
1794,161670837424,540
1795,215105158913,1720
1796,175847502769,490
1797,53845833080,50
1798,64664455215,150
1799,3663603288,27520
1800,70287329309,130
1801,64310630011,90
1802,70287329309,130
1803,97539890672,260
1804,277785468679,830
1805,415685540370,1120
1806,1412441205,105480
1807,1355049080,154730
1808,76160712235,290
1809,1365789351,122460
1810,37854423156,80
1811,215901404156,2550
1812,47118047488,100
1813,20273164378,22750
1814,261482779323,910
1815,49794521761,70
1816,73529364411,180
1817,354081400421,870
1818,1682946816,91040
1819,1714053211,84480
1820,316965788246,970
1821,161394034366,750
1822,415506747389,770
1823,95767934259,1580
1824,1705049655,37220
1825,348408266316,1140
1826,98863273921,360
1827,2673978567,28960
1828,97539890672,260
1829,73863745649,160
1830,119695726112,1780
1831,524886573893,1260
1832,1381771077,199360
1833,77299171633,190
1834,53845833080,50
1835,138495535114,350
1836,64310630011,90
1837,41211429242,19140
1838,1357422784,102610
1839,117890170742,310
1840,1547229019055,4820
1841,37854423156,80
1842,49794521761,70
1843,2116780343,370870
1844,280191002280,660
1845,1728313959,97300
1846,38315505795,40
1847,394720588259,10590
1848,2913536352,28440
1849,264729991699,1870
1850,233421425952,620
1851,75792868623,170
1852,415506747389,770
1853,88352444124,220
1854,134729384144,1690
1855,9538119475,24690
1856,2156169676,30680
1857,356054089330,1090
1858,74283611302,140
1859,1372282540,126920
1860,38315505795,40
1861,377733685386,1370
1862,158285674417,1940
1863,82450296877,30
1864,897246074360,1360
1865,138495535114,350
1866,117890170742,310
1867,1353207957,110030
1868,73872453434,19450
1869,175036511848,450
1870,398854419704,1170
1871,74283611302,140
1872,96978459839,1850
1873,77299171633,190
1874,192283284619,590
1875,1765237166,68210
1876,358212295243,1070
1877,1924951388,31760
1878,1725288420,259920
1879,129306662816,400
1880,1728507629,54480
1881,175036511848,450
1882,1408174858,156560
1883,74430708797,230
1884,340672783379,2030
1885,37854423156,80
1886,375991941221,740
1887,79346228024,240
1888,184692353604,580
1889,506635939642,820
1890,218297860150,790
1891,184692353604,580
1892,2393280115185,5760
1893,763017027348,10950
1894,23508447001,22460
1895,98863273921,360
1896,1383352992,129270
1897,1778800937,36460
1898,1392142373,136380
1899,351558703461,710
1900,274300079472,1970
1901,73863745649,160
1902,1767224310,58820
1903,142589481827,1490
1904,37854423156,80
1905,1003074844,28500
1906,76340721660,270
1907,59463239703,60
1908,167782965931,430
1909,1384101145,144130
1910,61624317642,200
1911,69689757531,20
1912,488720760033,1210
1913,125074188039,340
1914,111122094573,18230
1915,38315505795,40
1916,1771370399,42920
1917,496166602830,1250
1918,1344371592,130150
1919,85571748530,210
1920,1702293693,51930
1921,136731669808,1840
1922,380613135783,1190
1923,82962264884,1470
1924,1689457820,250390
1925,1389465850,134310
1926,532647882557,1100
1927,157524949488,610
1928,1712397693,214220
1929,37854423156,80
1930,37854423156,80
1931,396279648219,1160
1932,968599018009,990
1933,73529364411,180
1934,343091363884,760
1935,353497940645,2340
1936,1413587980,109370
1937,73529364411,180
1938,64664455215,150
1939,88352444124,220
1940,64664455215,150
1941,167782965931,430
1942,222067756156,1990
1943,205628269145,2320
1944,498610429353,1080
1945,2435206537,29430
1946,1414714138,117800
1947,84186589215,250
1948,501854518957,9520
1949,168133444682,420
1950,1374545776,146200
1951,261482779323,910
1952,987962594965,1410
1953,146650339270,470
1954,37854423156,80
1955,73766689998,110
1956,61624317642,200
1957,2397262088,29600
1958,172433487525,410
1959,116895037397,1530
1960,121263959740,320
1961,74283611302,140
1962,70287329309,130
1963,526963183387,2270
1964,47118047488,100
1965,657886272857,11570
1966,1739514373,57470
1967,415506747389,770
1968,234621676560,640
1969,2202617180,30310
1970,70287329309,130
1971,82450296877,30
1972,128211993971,1480
1973,74430708797,230
1974,47118047488,100
1975,82962264884,1470
1976,97539890672,260
1977,1231930712537,8360
1978,336370226336,930
1979,37854423156,80
1980,147812683177,2400
1981,163463365841,390
1982,1847381036,33500
1983,133582065341,440
1984,133582065341,440
1985,146650339270,470
1986,219752707362,960
1987,42612484882,20890
1988,1359303068,117440
1989,350638847779,14420
1990,204127423591,1560
1991,73529364411,180
1992,61624317642,200
1993,77299171633,190
1994,38315505795,40
1995,2263996514,29890
1996,280191002280,660
1997,362060688727,2480
1998,38315505795,40
1999,348408266316,1140
2000,138495535114,350
2001,147812683177,2400
2002,84186589215,250
2003,69739954230,120
2004,121607819904,330
2005,75792868623,170
2006,1207775897977,3210
2007,6210436544,25810
2008,192283284619,590
2009,448403748420,1000
2010,69739954230,120
2011,73766689998,110
2012,899847096951,9970
2013,61624317642,200
2014,367389651679,4650
2015,81236928766,19190
2016,98863273921,360
2017,280191002280,660
2018,76340721660,270
2019,187649984,1500000
2020,1362346789,123110
2021,88352444124,220
2022,49794521761,70
2023,336370226336,930
2024,84186589215,250
2025,629189450362,1310
2026,179833854197,1930
2027,1687203856,42820
2028,130008165856,550
2029,184692353604,580
2030,1721004046,41260
2031,398854419704,1170
2032,133582065341,440
2033,2077794587,396080
2034,1360373821,191170
2035,1364607686,145010
2036,550861625208,1030
2037,83472345318,19060
2038,7277523816,25500
2039,1408244737,101740
2040,133426336182,380
2041,443707955630,1110
2042,257991282368,570
2043,1748871184,90710
2044,12671848338,23960
2045,1413513370,169440
2046,101537962036,1610
2047,37854423156,80
2048,1752060240,200270
2049,255210650087,1590
2050,277785468679,830
2051,175847502769,490
2052,77436052010,1460
2053,73529364411,180
2054,64310630011,90
2055,1757625279,65790
2056,1689640869,94910
2057,455768581496,940
2058,2028639716,30820
2059,47118047488,100
2060,172433487525,410
2061,81210164815,300
2062,82450296877,30
2063,1745368631,204290
2064,38315505795,40
2065,38315505795,40
2066,183669210849,600
2067,1688107386,43850
2068,64664455215,150
2069,73529364411,180
2070,175848734553,520
2071,64664455215,150
2072,3553157461,27650
2073,1458811507345,4610
2074,1351964654,185610
2075,343091363884,760
2076,1751256559,91830
2077,340591014770,860
2078,73863745649,160
2079,82450296877,30
2080,1715206491,48300
2081,218554010715,1830
2082,274204218507,15390
2083,73863745649,160
2084,176016490282,2260
2085,73863745649,160
2086,94882633896,1660
2087,75792868623,170
2088,448403748420,1000
2089,149902934178,530
2090,37854423156,80
2091,2523347251,29380
2092,651479056312,3610
2093,1372232205,171620
2094,263961540453,680
2095,2079539339,30720
2096,59463239703,60
2097,175847502769,490
2098,98863273921,360
2099,415506747389,770
2100,38315505795,40
2101,351558703461,710
2102,1384093465,159340
2103,75792868623,170
2104,64310630011,90
2105,404438798747,10
2106,82450296877,30
2107,847406870,29440
2108,168133444682,420
2109,1368111361,103790
2110,119313732482,1680
2111,49794521761,70
2112,1350926458647,4170
2113,175848734553,520
2114,1743258231,65160
2115,280191002280,660
2116,1363089164,135920
2117,1371837590,197120
2118,61624317642,200
2119,187649984,1500000
2120,79346228024,240
2121,53845833080,50
2122,1703714425,49640
2123,277785468679,830
2124,38315505795,40
2125,570755670730,1270
2126,38315505795,40
2127,202157436721,2060
2128,219567997872,16160
2129,1355096185,123070
2130,968599018009,990
2131,509562650037,2170
2132,61624317642,200
2133,69739954230,120
2134,172870482483,2190
2135,234621676560,640
2136,677298222994,1420
2137,264760034188,2370
2138,61624317642,200
2139,1720694252,94360
2140,2479824930,29510
2141,128211993971,1480
2142,4249218737,26980
2143,175036511848,450
2144,121607819904,330
2145,38315505795,40
2146,79346228024,240
2147,160300775143,1980
2148,204127423591,1560
2149,1702843460,215380
2150,1707142480,214500
2151,75792868623,170
2152,99186810260,280
2153,375855353997,2920
2154,262171278398,2290
2155,37854423156,80
2156,330713222908,730
2157,167782965931,430
2158,183669210849,600
2159,1963335716,31670
2160,356054089330,1090
2161,1759584662,50450
2162,38315505795,40
2163,69739954230,120
2164,1755720054,41950
2165,37854423156,80
2166,745617707501,11110
2167,1766329486,37000
2168,133426336182,380
2169,160010374923,1920
2170,70287329309,130
2171,262315743043,1520
2172,297980398103,630
2173,1343188136,166950
2174,145199916688,460
2175,73863745649,160
2176,64310630011,90
2177,340591014770,860
2178,81210164815,300
2179,363228979152,780
2180,38315505795,40
2181,1343256541,112690
2182,88352444124,220
2183,278207394600,1860
2184,1690244534,68530
2185,116895037397,1530
2186,1367666140,145800
2187,1384074533,175230
2188,1689462854,230280
2189,145199916688,460
2190,1390204819,162240
2191,377733685386,1370
2192,76340721660,270
2193,184994047090,670
2194,184692353604,580
2195,70287329309,130
2196,261482779323,910
2197,60234529631,20030
2198,1763282586,34640
2199,73766689998,110
2200,79346228024,240
2201,74430708797,230
2202,74430708797,230
2203,413231870218,13870
2204,125074188039,340
2205,79346228024,240
2206,462484638687,890
2207,5810443412,26030
2208,47118047488,100
2209,1388653306,198650
2210,1765691283,42410
2211,133582065341,440
2212,155999306972,17250
2213,76160712235,290
2214,85571748530,210
2215,75792868623,170
2216,1735093520,80490
2217,130008165856,550
2218,59463239703,60
2219,1757995033,85040
2220,280202184283,650
2221,544921276040,2460
2222,161409540099,480
2223,117890170742,310
2224,174972485340,2160
2225,569321941117,1380
2226,177348065878,370
2227,137935646295,1890
2228,708905923430,4520
2229,74430708797,230
2230,344520079607,980
2231,1718467122,59990
2232,551964356987,1060
2233,1720472933,37630
2234,38315505795,40
2235,82450296877,30
2236,156162754189,17310
2237,73863745649,160
2238,177348065878,370
2239,69739954230,120
2240,1701622946,85770
2241,1361246808,102480
2242,37854423156,80
2243,268195529559,1730
2244,77299171633,190
2245,101643933488,2010
2246,218297860150,790
2247,1707430338,69660
2248,1709271315,86670
2249,99186810260,280
2250,76160712235,290
2251,38315505795,40
2252,64664455215,150
2253,1405926204,122900
2254,521781797314,2120
2255,133426336182,380
2256,208491561645,500
2257,74283611302,140
2258,73863745649,160
2259,1418877562,154950
2260,69739954230,120
2261,2101873753,338240
2262,59463239703,60
2263,1711433049,263010
2264,73766689998,110
2265,138495535114,350
2266,297980398103,630
2267,121263959740,320
2268,404438798747,10
2269,897246074360,1360
2270,38315505795,40
2271,1400034190454,3780
2272,47734889294,20550
2273,1701886256,220030
2274,1376098737,130560
2275,280191002280,660
2276,134729384144,1690
2277,73766689998,110
2278,184692353604,580
2279,406550709138,720
2280,84186589215,250
2281,346681537015,800
2282,70287329309,130
2283,99186810260,280
2284,380613135783,1190
2285,316965788246,970
2286,73863745649,160
2287,179140975517,16800
2288,174972485340,2160
2289,97539890672,260
2290,1355450392,132790
2291,47118047488,100
2292,125074188039,340
2293,337024404225,2130
2294,330713222908,730
2295,216393368321,510
2296,1173038055829,3110
2297,38315505795,40
2298,64310630011,90
2299,1728158864,242840
2300,280202184283,650
2301,1353154542,135310
2302,682889496,132670
2303,146650339270,470
2304,85571748530,210
2305,53845833080,50
2306,76340721660,270
2307,1398971334,196510
2308,73766689998,110
2309,246686634012,690
2310,3699208438,27530
2311,203260015365,2200
2312,1359659832,28820
2313,77299171633,190
2314,168133444682,420
2315,1775088553,43680
2316,146650339270,470
2317,69689757531,20
2318,49794521761,70
2319,557777336595,1020
2320,47118047488,100
2321,161409540099,480
2322,233421425952,620
2323,698453617909,1390
2324,117890170742,310
2325,59463239703,60
2326,161409540099,480
2327,261482779323,910
2328,348408266316,1140
2329,551964356987,1060
2330,157524949488,610
2331,161670837424,540
2332,79346228024,240
2333,208491561645,500
2334,47118047488,100
2335,161394034366,750
2336,53845833080,50
2337,134940322260,17710
2338,1346282728,127670
2339,172433487525,410
2340,121607819904,330
2341,1849522047,32130
2342,161670837424,540
2343,517071820242,2410
2344,257991282368,570
2345,1731525614,36200
2346,176016490282,2260
2347,1147125964398,8660
2348,233421425952,620
2349,38315505795,40
2350,448403748420,1000
2351,161670837424,540
2352,1401691410,137760
2353,97539890672,260
2354,69689757531,20
2355,532647882557,1100
2356,145199916688,460
2357,47118047488,100
2358,234448286846,700
2359,263961540453,680
2360,1357769553,115830
2361,138495535114,350
2362,82450296877,30
2363,1701618920,78580
2364,1720148403,41280
2365,1385651695,125450
2366,203260015365,2200
2367,1379163539,128140
2368,160010374923,1920
2369,206095474784,560
2370,261464687744,2220
2371,1680388061,44440
2372,175036511848,450
2373,814614789608,10660
2374,569785617430,2910
2375,172433487525,410
2376,396949391137,1220
2377,59463239703,60
2378,175036511848,450
2379,218297860150,790
2380,175848734553,520
2381,1369944883,158890
2382,69739954230,120
2383,175848734553,520
2384,1728676205,39040
2385,351558703461,710
2386,14378736407,23700
2387,1691848055,237210
2388,206095474784,560
2389,74430708797,230
2390,819948656020,10600
2391,202265185959,2080
2392,280202184283,650
2393,1773250666,86700
2394,37854423156,80
2395,525600190178,12910
2396,81210164815,300
2397,64664455215,150
2398,74283611302,140
2399,183669210849,600
2400,146650339270,470
2401,175847502769,490
2402,570755670730,1270
2403,881759318,33600
2404,64310630011,90
2405,362701856577,1820
2406,81210164815,300
2407,81210164815,300
2408,448403748420,1000
2409,1381452610,126140
2410,37854423156,80
2411,76160712235,290
2412,3793896409,27450
2413,73529364411,180
2414,177348065878,370
2415,280191002280,660
2416,214614585341,2470
2417,336370226336,930
2418,1396773006,114460
2419,234621676560,640
2420,129306662816,400
2421,129306662816,400
2422,64310630011,90
2423,580005928375,3120
2424,1679243521,67160
2425,138495535114,350
2426,99186810260,280
2427,80894970522,2000
2428,2044542598,368830
2429,274300079472,1970
2430,85571748530,210
2431,205628269145,2320
2432,47118047488,100
2433,175847502769,490
2434,53845833080,50
2435,1405559399,116160
2436,322791979831,14740
2437,117890170742,310
2438,265290418453,2520
2439,1123577942741,2660
2440,330713222908,730
2441,593722502149,1330
2442,255236831334,2210
2443,257991282368,570
2444,88352444124,220
2445,1830436229,32400
2446,138495535114,350
2447,176016490282,2260
2448,167782965931,430
2449,233421425952,620
2450,404438798747,10
2451,415506747389,770
2452,175848734553,520
2453,49794521761,70
2454,69739954230,120
2455,64310630011,90
2456,61624317642,200
2457,129306662816,400
2458,121263959740,320
2459,117993414306,1700
2460,1371920785,115700
2461,277785468679,830
2462,163463365841,390
2463,85571748530,210
2464,98863273921,360
2465,77299171633,190
2466,280191002280,660
2467,532647882557,1100
2468,74430708797,230
2469,74430708797,230
2470,508950868537,2300
2471,219752707362,960
2472,1681017953,95740
2473,38315505795,40
2474,79346228024,240
2475,73529364411,180
2476,49794521761,70
2477,168133444682,420
2478,1298412380137,7940
2479,330713222908,730
2480,264760034188,2370
2481,59463239703,60
2482,206095474784,560
2483,1003074844,28500
2484,73863745649,160
2485,358212295243,1070
2486,7949462004,25210
2487,137935646295,1890
2488,1698719848,94970
2489,1413168696,127780
2490,177348065878,370
2491,69689757531,20
2492,76160712235,290
2493,125877631533,1550
2494,53845833080,50
2495,2976985567,28430
2496,2143115068,30520
2497,145199916688,460
2498,142589481827,1490
2499,267188543313,1910
2500,61624317642,200
2501,346681537015,800
2502,380613135783,1190
2503,81210164815,300
2504,1784413236,35310
2505,149902934178,530
2506,64664455215,150
2507,1382166236,178510
2508,183669210849,600
2509,1166122927094,3030
2510,524886573893,1260
2511,49794521761,70
2512,737641485699,1350
2513,218297860150,790
2514,138495535114,350
2515,79346228024,240
2516,172433487525,410
2517,354081400421,870
2518,161670837424,540
2519,187649984,1500000
2520,375991941221,740
2521,280202184283,650
2522,1382190169,142220
2523,325300572284,2020
2524,64664455215,150
2525,1722126665,92230
2526,133582065341,440
2527,328266871537,840
2528,174514353826,2250
2529,137935646295,1890
2530,380613135783,1190
2531,570755670730,1270
2532,125074188039,340
2533,673594861476,880
2534,979855754824,6650
2535,246686634012,690
2536,632230573742,1300
2537,488720760033,1210
2538,133582065341,440
2539,496195045699,1150
2540,640693161511,1230
2541,1716786540,43920
2542,504899242569,1010
2543,234448286846,700
2544,1260997486998,8110
2545,59463239703,60
2546,398854419704,1170
2547,130008165856,550
2548,133582065341,440
2549,890130729,37540
2550,1770105228,55580
2551,167782965931,430
2552,360512165082,2610
2553,64664455215,150
2554,53845833080,50
2555,145199916688,460
2556,64664455215,150
2557,74430708797,230
2558,79346228024,240
2559,2138720517760,6480
2560,205628269145,2320
2561,76160712235,290
2562,73863745649,160
2563,22314231033,22580
2564,76340721660,270
2565,69739954230,120
2566,82450296877,30
2567,2117353347,332110
2568,6523956707,25800
2569,77299171633,190
2570,508628031027,1440
2571,76160712235,290
2572,99186810260,280
2573,737641485699,1350
2574,1392913118,131610
2575,74430708797,230
2576,396279648219,1160
2577,336370226336,930
2578,1692432155,39310
2579,4236986315,27150
2580,145199916688,460
2581,59463239703,60
2582,117890170742,310
2583,1216739504322,8450
2584,506635939642,820
2585,59463239703,60
2586,351558703461,710
2587,129306662816,400
2588,1711292744,56740
2589,76340721660,270
2590,125074188039,340
2591,1227603696809,3520
2592,49794521761,70
2593,75792868623,170
2594,358212295243,1070
2595,1739334059,92090
2596,343091363884,760
2597,1755086503,98840
2598,50716590540,20520
2599,264372903692,2360
2600,75792868623,170
2601,1680389232,215710
2602,161394034366,750
2603,1692578054,79090
2604,508628031027,1440
2605,280202184283,650
2606,356054089330,1090
2607,1132788292339,8710
2608,116895037397,1530
2609,64664455215,150
2610,69689757531,20
2611,64310630011,90
2612,38315505795,40
2613,77436052010,1460
2614,1350823672,176880
2615,64664455215,150
2616,70287329309,130
2617,64310630011,90
2618,137935646295,1890
2619,1409676200,190690
2620,1672020925,28050
2621,38315505795,40
2622,212102924794,1810
2623,354081400421,870
2624,184994047090,670
2625,49794521761,70
2626,498610429353,1080
2627,61624317642,200
2628,432499633666,13570
2629,61624317642,200
2630,1417034968,110830
2631,1717937967,65750
2632,73766689998,110
2633,2865905871,28680
2634,69739954230,120
2635,219752707362,960
2636,61624317642,200
2637,49794521761,70
2638,177348065878,370
2639,337928849413,900
2640,1384453517,187590
2641,38315505795,40
2642,406550709138,720
2643,595253085472,3160
2644,74283611302,140
2645,98863273921,360
2646,1404326717,191100
2647,1709007741,37190
2648,99186810260,280
2649,351558703461,710
2650,76160712235,290
2651,76160712235,290
2652,1378789075,119480
2653,64664455215,150
2654,85571748530,210
2655,2036516301,354330
2656,398854419704,1170
2657,73766689998,110
2658,177348065878,370
2659,81210164815,300
2660,41319811150,21010
2661,70287329309,130
2662,116895037397,1530
2663,1371937208,101270
2664,85571748530,210
2665,121263959740,320
2666,175848734553,520
2667,161409540099,480
2668,363228979152,780
2669,64310630011,90
2670,77299171633,190
2671,79346228024,240
2672,82450296877,30
2673,80894970522,2000
2674,70287329309,130
2675,6211453513,25870
2676,129306662816,400
2677,129306662816,400
2678,53845833080,50
2679,759864303756,10910
2680,233421425952,620
2681,119695726112,1780
2682,184692353604,580
2683,129306662816,400
2684,81210164815,300
2685,1368853906,121010
2686,49794521761,70
2687,218297860150,790
2688,76160712235,290
2689,145199916688,460
2690,97539890672,260
2691,213674688341,1880
2692,506635939642,820
2693,184994047090,670
2694,218297860150,790
2695,213674688341,1880
2696,77299171633,190
2697,1720863548,53240
2698,146650339270,470
2699,1720677658,95380
2700,172433487525,410
2701,7437677351,25300
2702,1375533895201,3870
2703,938430745398,1320
2704,38315505795,40
2705,129306662816,400
2706,61624317642,200
2707,3714697866,27640
2708,406550709138,720
2709,146650339270,470
2710,130008165856,550
2711,2182201773,30190
2712,551964356987,1060
2713,172433487525,410
2714,33642170328,21510
2715,1799470496,33950
2716,1690177141,77240
2717,187649984,1500000
2718,198348460057,2050
2719,64310630011,90
2720,69739954230,120
2721,332148087037,1130
2722,1352348125,185170
2723,25357924550,22160
2724,1362280735,193540
2725,280191002280,660
2726,98863273921,360
2727,703175943,103470
2728,202157436721,2060
2729,206095474784,560
2730,1749526141,57660
2731,569321941117,1380
2732,69739954230,120
2733,37854423156,80
2734,206095474784,560
2735,1370332387,156000
2736,1368430620,143500
2737,216393368321,510
2738,367389651679,4650
2739,149902934178,530
2740,37854423156,80
2741,297980398103,630
2742,38315505795,40
2743,84186589215,250
2744,1714970990,89590
2745,142589481827,1490
2746,59463239703,60
2747,94882633896,1660
2748,64310630011,90
2749,177348065878,370
2750,73863745649,160
2751,175847502769,490
2752,204127423591,1560
2753,37854423156,80
2754,64664455215,150
2755,79346228024,240
2756,77299171633,190
2757,215105158913,1720
2758,99186810260,280
2759,1388280796,177240
2760,47118047488,100
2761,73529364411,180
2762,737641485699,1350
2763,125074188039,340
2764,375991941221,740
2765,184994047090,670
2766,1397846420,165710
2767,73529364411,180
2768,174514353826,2250
2769,53845833080,50
2770,1389051579,164690
2771,234621676560,640
2772,61624317642,200
2773,119695726112,1780
2774,73863745649,160
2775,2112321777,30570
2776,377733685386,1370
2777,69739954230,120
2778,37854423156,80
2779,85571748530,210
2780,95767934259,1580
2781,82450296877,30
2782,76340721660,270
2783,73766689998,110
2784,82450296877,30
2785,881759318,33600
2786,268195529559,1730
2787,218297860150,790
2788,363228979152,780
2789,11870515787,22340
2790,133582065341,440
2791,77299171633,190
2792,1700445450,265780
2793,3978527432,27330
2794,337024404225,2130
2795,455768581496,940
2796,73529364411,180
2797,181333575094,1740
2798,297980398103,630
2799,184994047090,670
2800,1355847644,125230
2801,38315505795,40
2802,187649984,1500000
2803,74283611302,140
2804,2109899990,396340
2805,629189450362,1310
2806,1386776647,142340
2807,76340721660,270
2808,570755670730,1270
2809,1400555449,132140
2810,167782965931,430
2811,1412075192,104830
2812,37854423156,80
2813,101537962036,1610
2814,183669210849,600
2815,1763997450,213830
2816,161394034366,750
2817,53845833080,50
2818,222067756156,1990
2819,1723207486,60230
2820,1859682288,32740
2821,76340721660,270
2822,99186810260,280
2823,455768581496,940
2824,145199916688,460
2825,83065708328,19050
2826,74430708797,230
2827,61624317642,200
2828,211831264667,1760
2829,97539890672,260
2830,1396692586,175960
2831,37854423156,80
2832,74283611302,140
2833,3185121143,28120
2834,192283284619,590
2835,76160712235,290
2836,234448286846,700
2837,1410527812,117050
2838,116056702688,18090
2839,74430708797,230
2840,1412352593,185090
2841,88352444124,220
2842,474078849628,13210
2843,69689757531,20
2844,145199916688,460
2845,673594861476,880
2846,1711406898,48330
2847,560171169504,2800
2848,348408266316,1140
2849,64310630011,90
2850,455768581496,940
2851,1350818938,185310
2852,59463239703,60
2853,53845833080,50
2854,340591014770,860
2855,133582065341,440
2856,1733700810,71530
2857,1773807029,42420
2858,70287329309,130
2859,1348537985,167430
2860,133426336182,380
2861,1358510410,129870
2862,1672020925,28050
2863,97539890672,260
2864,73529364411,180
2865,161670837424,540
2866,41560940142,21030
2867,1757300096,246290
2868,700300297,102770
2869,233421425952,620
2870,161409540099,480
2871,260703325048,1450
2872,1750928379,59770
2873,61624317642,200
2874,498171332059,2090
2875,177348065878,370
2876,99186810260,280
2877,19301716277,22940
2878,37854423156,80
2879,85571748530,210
2880,73766689998,110
2881,187649984,1500000
2882,75792868623,170
2883,69689757531,20
2884,37854423156,80
2885,103191467790,1710
2886,88352444124,220
2887,47118047488,100
2888,49794521761,70
2889,356054089330,1090
2890,1099457819660,2830
2891,1693502446,83900
2892,1698298176061,6950
2893,559243444097,1400
2894,1105958079844,2900
2895,396279648219,1160
2896,79346228024,240
2897,47118047488,100
2898,1734855886,204770
2899,79346228024,240
2900,81210164815,300
2901,149902934178,530
2902,192283284619,590
2903,172433487525,410
2904,38315505795,40
2905,88352444124,220
2906,1400214677,103560
2907,161670837424,540
2908,161409540099,480
2909,49794521761,70
2910,161409540099,480
2911,70287329309,130
2912,163463365841,390
2913,1726421909,89460
2914,73863745649,160
2915,246686634012,690
2916,38315505795,40
2917,94882633896,1660
2918,337928849413,900
2919,75792868623,170
2920,161670837424,540
2921,70287329309,130
2922,129306662816,400
2923,74283611302,140
2924,53845833080,50
2925,73529364411,180
2926,136731669808,1840
2927,218554010715,1830
2928,177348065878,370
2929,1715693496,50190
2930,267188543313,1910
2931,134729384144,1690
2932,2149376781779,5460
2933,415685540370,1120
2934,53845833080,50
2935,3611586931,27660
2936,1347030739,141630
2937,149902934178,530
2938,77299171633,190
2939,69739954230,120
2940,167782965931,430
2941,1755104722,89320
2942,1403635912,119270
2943,82962264884,1470
2944,1379098539,195440
2945,96978459839,1850
2946,1693630485,62090
2947,76160712235,290
2948,82450296877,30
2949,1042483316198,9140
2950,1391024319,117470
2951,737641485699,1350
2952,211831264667,1760
2953,77436052010,1460
2954,37854423156,80
2955,74430708797,230
2956,323666190773,950
2957,49794521761,70
2958,5927590073,25970
2959,79346228024,240
2960,336370226336,930
2961,332549826748,2140
2962,153278995189,1640
2963,117890170742,310
2964,79346228024,240
2965,504098306998,810
2966,52977775560,20350
2967,73766689998,110
2968,524886573893,1260
2969,76160712235,290
2970,351558703461,710
2971,70287329309,130
2972,59463239703,60
2973,73863745649,160
2974,69689757531,20
2975,79346228024,240
2976,121263959740,320
2977,1698834703,66720
2978,75792868623,170
2979,1701924310,44190
2980,1699968152,249280
2981,79346228024,240
2982,346681537015,800
2983,337928849413,900
2984,504098306998,810
2985,38315505795,40
2986,161409540099,480
2987,76340721660,270
2988,1371517556,128690
2989,49794521761,70
2990,59463239703,60
2991,79346228024,240
2992,163463365841,390
2993,2275400943,26790
2994,263961540453,680
2995,157524949488,610
2996,138495535114,350
2997,257991282368,570
2998,3769535093,27490
2999,187649984,1500000
3000,629189450362,1310
3001,59463239703,60
3002,97539890672,260
3003,1685643911,214270
3004,73766689998,110
3005,257991282368,570
3006,5466978207,26290
3007,69689757531,20
3008,1363080758,142850
3009,701781195,192160
3010,1752853430,56590
3011,175036511848,450
3012,69689757531,20
3013,146650339270,470
3014,462484638687,890
3015,73766689998,110
3016,1767573330,72130
3017,172433487525,410
3018,356217246112,1040
3019,1347073944,114780
3020,215105158913,1720
3021,1386764335,161440
3022,1352343360,199970
3023,577842960129,3060
3024,1364994500,147870
3025,1747995971,79040
3026,1394016428,167280
3027,38315505795,40
3028,15187988605,21830
3029,184994047090,670
3030,2742837714,29000
3031,404438798747,10
3032,69739954230,120
3033,59463239703,60
3034,61624317642,200
3035,129306662816,400
3036,76340721660,270
3037,85571748530,210
3038,524886573893,1260
3039,218554010715,1830
3040,234621676560,640
3041,233421425952,620
3042,74283611302,140
3043,133582065341,440
3044,1719014971,47770
3045,640693161511,1230
3046,2370066475441,5630
3047,1139121376913,2760
3048,938430745398,1320
3049,184692353604,580
3050,1346288636,125510
3051,149902934178,530
3052,234448286846,700
3053,49794521761,70
3054,97539890672,260
3055,353497940645,2340
3056,119695726112,1780
3057,53845833080,50
3058,205628269145,2320
3059,47118047488,100
3060,396949391137,1220
3061,133426336182,380
3062,1724585132,78540
3063,1379584657,108620
3064,525544675157,12830
3065,47118047488,100
3066,146650339270,470
3067,42843882383,20850
3068,265290418453,2520
3069,149902934178,530
3070,234621676560,640
3071,170764367148,2070
3072,77299171633,190
3073,1766382526,226160
3074,59463239703,60
3075,580005928375,3120
3076,1389804363,181280
3077,187649984,1500000
3078,9355277618,24710
3079,74430708797,230
3080,1404704083,196330
3081,1276981971125,8090
3082,88352444124,220
3083,781619587510,10800
3084,84186589215,250
3085,1414721243,117750
3086,316965788246,970
3087,79346228024,240
3088,261482779323,910
3089,280202184283,650
3090,94882633896,1660
3091,1354697610,129160
3092,75792868623,170
3093,130008165856,550
3094,1732278674,42120
3095,521781797314,2120
3096,38315505795,40
3097,559243444097,1400
3098,121263959740,320
3099,1369992495,128390
3100,1386743658,188590
3101,49794521761,70
3102,263961540453,680
3103,81210164815,300
3104,328266871537,840
3105,81210164815,300
3106,73766689998,110
3107,346681537015,800
3108,130008165856,550
3109,1718942323,59480
3110,1409702984,150980
3111,98863273921,360
3112,629189450362,1310
3113,1710957793,247870
3114,1729309903,42880
3115,167782965931,430
3116,360512165082,2610
3117,1749394299,79730
3118,64310630011,90
3119,1371121066,139010
3120,349112183349,1620
3121,97539890672,260
3122,192527583285,16590
3123,73766689998,110
3124,1744777421,34790
3125,1749187703,37420
3126,1355086472,120230
3127,73529364411,180
3128,64310630011,90
3129,133582065341,440
3130,187649984,1500000
3131,38315505795,40
3132,163463365841,390
3133,2106331690635,5360
3134,380613135783,1190
3135,368788856754,2810
3136,84186589215,250
3137,103191467790,1710
3138,330713222908,730
3139,819112056441,1180
3140,216393368321,510
3141,37854423156,80
3142,396279648219,1160
3143,234448286846,700
3144,148653139315,1540
3145,1414361415,105090
3146,260703325048,1450
3147,73863745649,160
3148,74430708797,230
3149,398854419704,1170
3150,550861625208,1030
3151,47118047488,100
3152,175036511848,450
3153,511841291079,9380
3154,77299171633,190
3155,278207394600,1860
3156,97539890672,260
3157,257991282368,570
3158,1399359990,187090
3159,163463365841,390
3160,38315505795,40
3161,585816142,33840
3162,61624317642,200
3163,77299171633,190
3164,1185770254556,3280
3165,69739954230,120
3166,49794521761,70
3167,1354254803,191260
3168,1710230306,39610
3169,97539890672,260
3170,187649984,1500000
3171,2428388889,29680
3172,344520079607,980
3173,398854419704,1170
3174,1731487581,41420
3175,88352444124,220
3176,508628031027,1440
3177,76340721660,270
3178,73529364411,180
3179,53845833080,50
3180,49794521761,70
3181,37854423156,80
3182,77436052010,1460
3183,146650339270,470
3184,133426336182,380
3185,149902934178,530
3186,172433487525,410
3187,396279648219,1160
3188,46646439332,20630
3189,551964356987,1060
3190,64310630011,90
3191,84186589215,250
3192,1720216549,87040
3193,75792868623,170
3194,1827515821,33810
3195,1719038243,37110
3196,149902934178,530
3197,78312926606,19210
3198,183669210849,600
3199,556272229482,2720
3200,125074188039,340
3201,588674134256,3020
3202,1226574152671,8280
3203,49794521761,70
3204,8753446990,24960
3205,47118047488,100
3206,1396793627,101420
3207,1392094693,190770
3208,1113180110000,2820
3209,2400638199377,5770
3210,593722502149,1330
3211,123869236487,15710
3212,546994150854,1290
3213,212102924794,1810
3214,64310630011,90
3215,572021023669,12330
3216,163463365841,390
3217,59463239703,60
3218,1772277718,92040
3219,704072839,197780
3220,38315505795,40
3221,129306662816,400
3222,38315505795,40
3223,172870482483,2190
3224,31196179927,21660
3225,2740707027,28810
3226,1215237568174,3450
3227,1743377910,36120
3228,128211993971,1480
3229,130008165856,550
3230,1410863182,135320
3231,246686634012,690
3232,47118047488,100
3233,1394765685,198810
3234,49794521761,70
3235,1408573494,138800
3236,53845833080,50
3237,84186589215,250
3238,37854423156,80
3239,77299171633,190
3240,76160712235,290
3241,233421425952,620
3242,1728410253,76640
3243,351558703461,710
3244,37854423156,80
3245,159048826361,17170
3246,70287329309,130
3247,184994047090,670
3248,151051929816,17380
3249,73766689998,110
3250,117890170742,310
3251,455768581496,940
3252,1410457572,162720
3253,1357437265,100810
3254,1721215526,81430
3255,184692353604,580
3256,121607819904,330
3257,1696365829,78870
3258,1757305223,225250
3259,85571748530,210
3260,1767817678,215450
3261,119313732482,1680
3262,1288299175565,3690
3263,356353242830,2380
3264,184994047090,670
3265,168133444682,420
3266,69689757531,20
3267,1691470390,37830
3268,187649984,1500000
3269,332148087037,1130
3270,160010374923,1920
3271,488720760033,1210
3272,80894970522,2000
3273,75792868623,170
3274,1807066990,33360
3275,125074188039,340
3276,557777336595,1020
3277,8239254660,25110
3278,136731669808,1840
3279,1734364644,280100
3280,257991282368,570
3281,1355125139,107610
3282,336370226336,930
3283,184994047090,670
3284,538065659828,2630
3285,175847502769,490
3286,315750386955,14930
3287,84186589215,250
3288,77299171633,190
3289,73766689998,110
3290,1402110408,114100
3291,149902934178,530
3292,176489498787,1650
3293,145199916688,460
3294,3127623363,28300
3295,504899242569,1010
3296,81210164815,300
3297,1393284424,142190
3298,167782965931,430
3299,1696630725,219760
3300,49794521761,70
3301,234448286846,700
3302,98863273921,360
3303,73863745649,160
3304,1720030454,44690
3305,133426336182,380
3306,95767934259,1580
3307,1410865227,143600
3308,1738683997,44210
3309,546994150854,1290
3310,206095474784,560
3311,49685546055,20460
3312,81210164815,300
3313,1349343115,134510
3314,69689757531,20
3315,37854423156,80
3316,49794521761,70
3317,1764940399,297780
3318,75792868623,170
3319,76160712235,290
3320,2025717007,30980
3321,49794521761,70
3322,73863745649,160
3323,73529364411,180
3324,257066365864,1570
3325,73529364411,180
3326,81210164815,300
3327,1716209772,269680
3328,146650339270,470
3329,99186810260,280
3330,183669210849,600
3331,117993414306,1700
3332,577842960129,3060
3333,153278995189,1640
3334,117890170742,310
3335,121263959740,320
3336,2027917742,315190
3337,175848734553,520
3338,69689757531,20
3339,73529364411,180
3340,163463365841,390
3341,38315505795,40
3342,37854423156,80
3343,69689757531,20
3344,1707347352,82320
3345,59463239703,60
3346,206095474784,560
3347,82450296877,30
3348,184692353604,580
3349,550861625208,1030
3350,73529364411,180
3351,1704527039,77370
3352,1689463937,219440
3353,64310630011,90
3354,163463365841,390
3355,13089680212,23890
3356,117890170742,310
3357,133582065341,440
3358,158285674417,1940
3359,671516313461,3770
3360,75792868623,170
3361,968599018009,990
3362,1345501478,143130
3363,1409672007,199700
3364,517071820242,2410
3365,153278995189,1640
3366,85571748530,210
3367,219752707362,960
3368,145199916688,460
3369,38315505795,40
3370,82962264884,1470
3371,76340721660,270
3372,64664455215,150
3373,1725774770,213920
3374,1973599252,31520
3375,550861625208,1030
3376,1380316330,121230
3377,38315505795,40
3378,61624317642,200
3379,2065756001,319390
3380,443707955630,1110
3381,1354739410,106560
3382,347665585210,14630
3383,38315505795,40
3384,184994047090,670
3385,2357662172297,6290
3386,37854423156,80
3387,99186810260,280
3388,74430708797,230
3389,1671035579,28040
3390,47118047488,100
3391,161409540099,480
3392,167782965931,430
3393,73863745649,160
3394,629189450362,1310
3395,1396683371,192410
3396,1713836888,46490
3397,601211357232,3180
3398,47118047488,100
3399,69739954230,120
3400,1780594197,33250
3401,216393368321,510
3402,73529364411,180
3403,1419670946,126360
3404,351558703461,710
3405,64664455215,150
3406,53845833080,50
3407,73529364411,180
3408,1739153020,216650
3409,1366638522954,7760
3410,6898049125,25650
3411,396279648219,1160
3412,346681537015,800
3413,64664455215,150
3414,448403748420,1000
3415,1755613344,81130
3416,1192387922282,1340
3417,346685395207,2420
3418,74283611302,140
3419,81210164815,300
3420,64664455215,150
3421,508628031027,1440
3422,121607819904,330
3423,1350151270,107410
3424,1720044344,205420
3425,1376859525,136140
3426,2378123791673,6220
3427,1758421015,94920
3428,262171278398,2290
3429,74430708797,230
3430,1726993603789,6870
3431,7974219655,25170
3432,1403210250,147210
3433,175847502769,490
3434,1408578627,131850
3435,82450296877,30
3436,1372319150,111890
3437,1720516875,224180
3438,1725726441,50480
3439,202265185959,2080
3440,1361535010,163600
3441,103191467790,1710
3442,415506747389,770
3443,219752707362,960
3444,176016490282,2260
3445,75792868623,170
3446,613057903450,1050
3447,84186589215,250
3448,175036511848,450
3449,537736118909,12650
3450,1418525653,123450
3451,443707955630,1110
3452,496195045699,1150
3453,897246074360,1360
3454,85571748530,210
3455,74283611302,140
3456,4394786651,26910
3457,375991941221,740
3458,82450296877,30
3459,69689757531,20
3460,219752707362,960
3461,185633482017,16820
3462,137935646295,1890
3463,77299171633,190
3464,99186810260,280
3465,64310630011,90
3466,851748536,96340
3467,69739954230,120
3468,1368813492,149330
3469,246686634012,690
3470,74283611302,140
3471,79346228024,240
3472,85571748530,210
3473,332148087037,1130
3474,37854423156,80
3475,292430727034,15180
3476,85571748530,210
3477,81210164815,300
3478,53845833080,50
3479,157524949488,610
3480,75792868623,170
3481,214041859018,1750
3482,693669548072,4350
3483,64310630011,90
3484,175848734553,520
3485,138495535114,350
3486,216393368321,510
3487,79346228024,240
3488,128211993971,1480
3489,168133444682,420
3490,70287329309,130
3491,187649984,1500000
3492,121263959740,320
3493,70287329309,130
3494,375991941221,740
3495,632230573742,1300
3496,175847502769,490
3497,37854423156,80
3498,130008165856,550
3499,60632420783,19910
3500,64664455215,150
3501,76160712235,290
3502,1119809822621,8940
3503,474598491972,850
3504,336370226336,930
3505,161409540099,480
3506,97539890672,260
3507,64310630011,90
3508,47118047488,100
3509,69739954230,120
3510,69689757531,20
3511,952800073176,9860
3512,59463239703,60
3513,316965788246,970
3514,47118047488,100
3515,1349782245,100450
3516,121607819904,330
3517,37854423156,80
3518,81210164815,300
3519,73766689998,110
3520,73529364411,180
3521,1398612717,156460
3522,175847502769,490
3523,133426336182,380
3524,396279648219,1160
3525,88352444124,220
3526,47118047488,100
3527,219752707362,960
3528,125074188039,340
3529,2111047053,347290
3530,257066365864,1570
3531,84186589215,250
3532,47118047488,100
3533,47118047488,100
3534,97539890672,260
3535,234621676560,640
3536,268783960191,2350
3537,85571748530,210
3538,101537962036,1610
3539,1735404887,44720
3540,38315505795,40
3541,84186589215,250
3542,79346228024,240
3543,369749526523,14320
3544,557777336595,1020
3545,1833124355681,6710
3546,175847502769,490
3547,49794521761,70
3548,499289811374,2150
3549,184692353604,580
3550,270664839851,2450
3551,117890170742,310
3552,1697421957,64920
3553,1762412522,57430
3554,9983670928,24600
3555,509325807001,12880
3556,38315505795,40
3557,77299171633,190
3558,85571748530,210
3559,328266871537,840
3560,1360720585414,4160
3561,70287329309,130
3562,1939849554,32090
3563,187649984,1500000
3564,121607819904,330
3565,82450296877,30
3566,117890170742,310
3567,234621676560,640
3568,76160712235,290
3569,73766689998,110
3570,187649984,1500000
3571,59463239703,60
3572,94882633896,1660
3573,175848734553,520
3574,37854423156,80
3575,49794521761,70
3576,1745147548,42570
3577,74430708797,230
3578,95197928352,16720
3579,465723047104,9850
3580,125074188039,340
3581,69739954230,120
3582,474598491972,850
3583,98863273921,360
3584,74430708797,230
3585,160300775143,1980
3586,69739954230,120
3587,73863745649,160
3588,70287329309,130
3589,79346228024,240
3590,216393368321,510
3591,88352444124,220
3592,73766689998,110
3593,69689757531,20
3594,328266871537,840
3595,1374140708,169950
3596,64310630011,90
3597,1725998155,75450
3598,47118047488,100
3599,37854423156,80
3600,1736519889,78080
3601,77299171633,190
3602,1747423356,34530
3603,1757994840,88920
3604,37854423156,80
3605,82450296877,30
3606,74430708797,230
3607,76160712235,290
3608,2168996521198,5440
3609,80894970522,2000
3610,263961540453,680
3611,9965887178,22890
3612,28039422439,21930
3613,119313732482,1680
3614,82450296877,30
3615,46325124719,20690
3616,73863745649,160
3617,133582065341,440
3618,142589481827,1490
3619,218554010715,1830
3620,186863854570,1900
3621,1732453377,282580
3622,15187988605,21830
3623,1589551455008,4960
3624,37854423156,80
3625,462484638687,890
3626,1749403131,34870
3627,59463239703,60
3628,1406669610,130160
3629,133582065341,440
3630,86155206460,19090
3631,328266871537,840
3632,1767049369,89060
3633,364503960390,2680
3634,1193507739182,8560
3635,375991941221,740
3636,161409540099,480
3637,64310630011,90
3638,208491561645,500
3639,569321941117,1380
3640,163463365841,390
3641,211831264667,1760
3642,211831264667,1760
3643,74283611302,140
3644,640693161511,1230
3645,1716267577,41240
3646,1647550700818,1240
3647,38315505795,40
3648,2535452899227,5840
3649,569785617430,2910
3650,1364961828,186880
3651,76160712235,290
3652,174684219523,1630
3653,246686634012,690
3654,103191467790,1710
3655,184994047090,670
3656,69739954230,120
3657,79346228024,240
3658,183669210849,600
3659,1957031326,31990
3660,73529364411,180
3661,76160712235,290
3662,99186810260,280
3663,3779026583,27500
3664,1370035495,105850
3665,172433487525,410
3666,79346228024,240
3667,38315505795,40
3668,528875443066,2430
3669,524886573893,1260
3670,187649984,1500000
3671,1348215065,119560
3672,170764367148,2070
3673,1769439627,90490
3674,192283284619,590
3675,37854423156,80
3676,1351208697,171520
3677,1386743152,191730
3678,37854423156,80
3679,59463239703,60
3680,1699209596,83670
3681,508628031027,1440
3682,51620346207,20330
3683,37854423156,80
3684,206095474784,560
3685,81210164815,300
3686,64310630011,90
3687,184994047090,670
3688,69739954230,120
3689,1791461298,35950
3690,88352444124,220
3691,97539890672,260
3692,1735518903,85810
3693,49794521761,70
3694,53845833080,50
3695,61624317642,200
3696,323666190773,950
3697,632230573742,1300
3698,161394034366,750
3699,47118047488,100
3700,1366962127,105770
3701,1335615201161,7740
3702,49794521761,70
3703,544921276040,2460
3704,207668191478,1670
3705,85571748530,210
3706,121607819904,330
3707,61624317642,200
3708,892393513,34230
3709,348408266316,1140
3710,219752707362,960
3711,175847502769,490
3712,148653139315,1540
3713,149902934178,530
3714,75792868623,170
3715,1704272542,226220
3716,70287329309,130
3717,76340721660,270
3718,277785468679,830
3719,53845833080,50
3720,49794521761,70
3721,1071343149727,1950
3722,1772597713,210310
3723,343091363884,760
3724,216393368321,510
3725,75792868623,170
3726,145199916688,460
3727,99186810260,280
3728,168133444682,420
3729,157524949488,610
3730,508628031027,1440
3731,1683254065,223780
3732,69689757531,20
3733,343091363884,760
3734,206095474784,560
3735,38315505795,40
3736,130008165856,550
3737,851748536,96340
3738,76340721660,270
3739,47118047488,100
3740,277785468679,830
3741,1353911879,142420
3742,566072865366,3000
3743,161670837424,540
3744,1772108331,274730
3745,37854423156,80
3746,864794486,36600
3747,38315505795,40
3748,149902934178,530
3749,76160712235,290
3750,84186589215,250
3751,673594861476,880
3752,49794521761,70
3753,76508290046,19370
3754,260703325048,1450
3755,474598491972,850
3756,2862554930,28610
3757,879799274,37450
3758,986477814349,9400
3759,179833854197,1930
3760,161394034366,750
3761,117890170742,310
3762,234448286846,700
3763,73766689998,110
3764,192645957240,16640
3765,117890170742,310
3766,2061168528,380110
3767,1381011563,189930
3768,187649984,1500000
3769,323666190773,950
3770,133582065341,440
3771,187649984,1500000
3772,99186810260,280
3773,125074188039,340
3774,47118047488,100
3775,121263959740,320
3776,262171278398,2290
3777,246686634012,690
3778,1379893470,146690
3779,1707770427,95500
3780,1747276861,207630
3781,1384547912,110590
3782,1686287185,98000
3783,264372903692,2360
3784,53845833080,50
3785,1347000440,175150
3786,1408988295,115880
3787,219752707362,960
3788,1364264211,117830
3789,340591014770,860
3790,101537962036,1610
3791,257991282368,570
3792,161394034366,750
3793,74283611302,140
3794,175847502769,490
3795,77299171633,190
3796,81210164815,300
3797,246686634012,690
3798,74430708797,230
3799,61624317642,200
3800,82450296877,30
3801,134729384144,1690
3802,1398606784,163050
3803,1728969776,37530
3804,208491561645,500
3805,257991282368,570
3806,1711920652,213210
3807,157524949488,610
3808,77436052010,1460
3809,88352444124,220
3810,133426336182,380
3811,125877631533,1550
3812,172433487525,410
3813,73766689998,110
3814,70287329309,130
3815,1950647698515,5150
3816,77299171633,190
3817,133582065341,440
3818,85571748530,210
3819,233421425952,620
3820,488720760033,1210
3821,79346228024,240
3822,1748600942,49850
3823,85571748530,210
3824,64664455215,150
3825,148653139315,1540
3826,1694183480,46980
3827,504899242569,1010
3828,167782965931,430
3829,88352444124,220
3830,207668191478,1670
3831,297980398103,630
3832,261482779323,910
3833,130008165856,550
3834,98863273921,360
3835,274300079472,1970
3836,99186810260,280
3837,11865711079,24170
3838,119695726112,1780
3839,257066365864,1570
3840,69689757531,20
3841,613057903450,1050
3842,157524949488,610
3843,443707955630,1110
3844,49794521761,70
3845,1253525164004,8100
3846,1745030800,34990
3847,218297860150,790
3848,351558703461,710
3849,75792868623,170
3850,1408581294,130600
3851,323666190773,950
3852,1721657562,95420
3853,172433487525,410
3854,184692353604,580
3855,218297860150,790
3856,64664455215,150
3857,37854423156,80
3858,53845833080,50
3859,297980398103,630
3860,540475479544,2540
3861,117890170742,310
3862,77299171633,190
3863,179833854197,1930
3864,73863745649,160
3865,97539890672,260
3866,1718903024,61610
3867,246686634012,690
3868,74430708797,230
3869,1693989634,81690
3870,77299171633,190
3871,37854423156,80
3872,219752707362,960
3873,346681537015,800
3874,69739954230,120
3875,84186589215,250
3876,1725093366,72670
3877,161394034366,750
3878,218297860150,790
3879,351558703461,710
3880,69689757531,20
3881,84186589215,250
3882,234448286846,700
3883,1360374997,185120
3884,264372903692,2360
3885,70487475445,19510
3886,396949391137,1220
3887,2504855776,29500
3888,1759645268,47170
3889,1707355056,85250
3890,624098428442,3430
3891,593722502149,1330
3892,1269853836110,3550
3893,176489498787,1650
3894,38315505795,40
3895,698453617909,1390
3896,263961540453,680
3897,1719559595,235670
3898,49794521761,70
3899,264729991699,1870
3900,64310630011,90
3901,88352444124,220
3902,1761871628,75420
3903,14483665032,23640
3904,522369271147,2500
3905,75792868623,170
3906,168133444682,420
3907,157524949488,610
3908,130008165856,550
3909,1381805708,150470
3910,246686634012,690
3911,393017867103,920
3912,1387207225,109500
3913,698453617909,1390
3914,1371458247,190150
3915,1165667714756,2890
3916,192283284619,590
3917,202157436721,2060
3918,187649984,1500000
3919,99186810260,280
3920,59463239703,60
3921,813543443984,10540
3922,73863745649,160
3923,404438798747,10
3924,102319765022,18510
3925,53845833080,50
3926,498610429353,1080
3927,192283284619,590
3928,524886573893,1260
3929,82962264884,1470
3930,145199916688,460
3931,1125205349253,8910
3932,201214423836,2040
3933,1714025015,90580
3934,636198971919,3640
3935,509562650037,2170
3936,363228979152,780
3937,149902934178,530
3938,233421425952,620
3939,38315505795,40
3940,70287329309,130
3941,559243444097,1400
3942,1360095508,105750
3943,183669210849,600
3944,504899242569,1010
3945,101643933488,2010
3946,98863273921,360
3947,168133444682,420
3948,84186589215,250
3949,73529364411,180
3950,138495535114,350
3951,1284366024860,8240
3952,1384174551,104630
3953,47118047488,100
3954,340591014770,860
3955,2407770045913,5710
3956,671408717936,4240
3957,85571748530,210
3958,47118047488,100
3959,37854423156,80
3960,85571748530,210
3961,64664455215,150
3962,69689757531,20
3963,607264223409,3230
3964,128211993971,1480
3965,344520079607,980
3966,277785468679,830
3967,174684219523,1630
3968,1812038993,32770
3969,47118047488,100
3970,1346996156,184420
3971,1072855469886,2330
3972,2258941055153,5610
3973,183669210849,600
3974,172433487525,410
3975,37854423156,80
3976,203260015365,2200
3977,47118047488,100
3978,81210164815,300
3979,1693074776,72590
3980,187649984,1500000
3981,146650339270,470
3982,1343949512,172070
3983,1701090828,99240
3984,99186810260,280
3985,550861625208,1030
3986,1265027825600,5880
3987,49794521761,70
3988,61624317642,200
3989,1091904224061,2570
3990,1693974269,78510
3991,82962264884,1470
3992,532647882557,1100
3993,1366110412,183990
3994,1739917506,71640
3995,1401273115,185470
3996,23863188825,22320
3997,1712127965,79360
3998,142589481827,1490
3999,79346228024,240
4000,570755670730,1270
4001,81210164815,300
4002,541708227234,2640
4003,49794521761,70
4004,202157436721,2060
4005,88352444124,220
4006,161394034366,750
4007,61624317642,200
4008,987962594965,1410
4009,99186810260,280
4010,121607819904,330
4011,708905923430,4520
4012,61624317642,200
4013,167782965931,430
4014,81210164815,300
4015,53845833080,50
4016,1387891159,188930
4017,218297860150,790
4018,330713222908,730
4019,101643933488,2010
4020,125074188039,340
4021,1405481729,171310
4022,1407010941,177400
4023,350184394601,1800
4024,97539890672,260
4025,183669210849,600
4026,38315505795,40
4027,73529364411,180
4028,3017040577,28340
4029,1692690848,54020
4030,53845833080,50
4031,1773068315,236050
4032,134729384144,1690
4033,587129632838,12250
4034,133426336182,380
4035,84186589215,250
4036,1399439149,110130
4037,257066365864,1570
4038,97539890672,260
4039,157524949488,610
4040,1343602994,135480
4041,53845833080,50
4042,79346228024,240
4043,161409540099,480
4044,532647882557,1100
4045,613057903450,1050
4046,127754173113,15660
4047,73766689998,110
4048,1769583281,58340
4049,73863745649,160
4050,89500182375,18920
4051,233421425952,620
4052,3508538278,27680
4053,125074188039,340
4054,85571748530,210
4055,1416260647,107350
4056,553908625324,12640
4057,1746222624,48850
4058,187649984,1500000
4059,184994047090,670
4060,161394034366,750
4061,69689757531,20
4062,864794486,36600
4063,819112056441,1180
4064,145199916688,460
4065,59463239703,60
4066,64715448997,19850
4067,373880918004,14170
4068,183669210849,600
4069,73529364411,180
4070,343091363884,760
4071,146650339270,470
4072,96978459839,1850
4073,75792868623,170
4074,84186589215,250
4075,264729991699,1870
4076,82450296877,30
4077,244576072065,15860
4078,1354941090715,7710
4079,88352444124,220
4080,74430708797,230
4081,1723878089,39430
4082,380613135783,1190
4083,545200097910,1770
4084,38315505795,40
4085,53845833080,50
4086,74283611302,140
4087,145199916688,460
4088,1854943206,32940
4089,79346228024,240
4090,61624317642,200
4091,59463239703,60
4092,216393368321,510
4093,640693161511,1230
4094,157524949488,610
4095,61624317642,200
4096,133426336182,380
4097,1181673225680,3200
4098,157524949488,610
4099,53845833080,50
4100,1380338432,104080
4101,81210164815,300
4102,8183935850,25120
4103,77299171633,190
4104,1290527867169,8080
4105,53845833080,50
4106,76340721660,270
4107,167782965931,430
4108,508950868537,2300
4109,61624317642,200
4110,77299171633,190
4111,634757615068,11880
4112,1381829727,131570
4113,1377248861,123400
4114,1803106690958,5040
4115,76160712235,290
4116,187649984,1500000
4117,1366897977,151850
4118,53845833080,50
4119,1644587903176,1200
4120,1708417605,65080
4121,69739954230,120
4122,175036511848,450
4123,181333575094,1740
4124,2456496162367,5780
4125,1731585797,44150
4126,129306662816,400
4127,53845833080,50
4128,38315505795,40
4129,183669210849,600
4130,1366913411,138030
4131,99186810260,280
4132,263961540453,680
4133,61624317642,200
4134,356217246112,1040
4135,179833854197,1930
4136,215105158913,1720
4137,1393364509,101860
4138,70287329309,130
4139,277785468679,830
4140,155035650826,17270
4141,176489498787,1650
4142,147812683177,2400
4143,94882633896,1660
4144,848999618,50040
4145,213599266166,1600
4146,557777336595,1020
4147,177348065878,370
4148,206095474784,560
4149,129306662816,400
4150,187649984,1500000
4151,1693273756,48310
4152,677298222994,1420
4153,161670837424,540
4154,1404346845,163010
4155,69739954230,120
4156,2044769433222,5350
4157,37854423156,80
4158,356664525586,2310
4159,73529364411,180
4160,130008165856,550
4161,1753676107,88480
4162,13883927813,23750
4163,1698282581,77390
4164,343091363884,760
4165,336370226336,930
4166,1969259043,31480
4167,136731669808,1840
4168,1372314341,112450
4169,69739954230,120
4170,1393283366,134320
4171,1359312379,116150
4172,38315505795,40
4173,187649984,1500000
4174,1375703349,138130
4175,332148087037,1130
4176,263961540453,680
4177,59463239703,60
4178,441747111773,13490
4179,1388653479,193550
4180,375991941221,740
4181,59463239703,60
4182,593722502149,1330
4183,79346228024,240
4184,508628031027,1440
4185,77299171633,190
4186,1714477034,95040
4187,398854419704,1170
4188,37854423156,80
4189,69739954230,120
4190,85571748530,210
4191,1366874253,181030
4192,49794521761,70
4193,81210164815,300
4194,233421425952,620
4195,1693643394,60150
4196,125877631533,1550
4197,246686634012,690
4198,1710000157,266670
4199,1344377031,132130
4200,344520079607,980
4201,504098306998,810
4202,1690689978,65550
4203,84186589215,250
4204,70287329309,130
4205,337928849413,900
4206,121607819904,330
4207,121607819904,330
4208,64664455215,150
4209,53845833080,50
4210,330713222908,730
4211,338977929259,11460
4212,84186589215,250
4213,375991941221,740
4214,462484638687,890
4215,49794521761,70
4216,146650339270,470
4217,167782965931,430
4218,80894970522,2000
4219,346681537015,800
4220,597935050767,8540
4221,330713222908,730
4222,1715885978,98370
4223,1680328171,48380
4224,73766689998,110
4225,74283611302,140
4226,1396572646067,4000
4227,121607819904,330
4228,99186810260,280
4229,85571748530,210
4230,1731045338,35280
4231,504098306998,810
4232,959389864824,1430
4233,1757208695,55790
4234,133426336182,380
4235,261464687744,2220
4236,1411647470,123410
4237,1734718022,58550
4238,125074188039,340
4239,73766689998,110
4240,37854423156,80
4241,38315505795,40
4242,206095474784,560
4243,88352444124,220
4244,49794521761,70
4245,53845833080,50
4246,69739954230,120
4247,1417747936,132590
4248,64310630011,90
4249,49794521761,70
4250,297980398103,630
4251,175036511848,450
4252,73766689998,110
4253,1759693842,229560
4254,183669210849,600
4255,81210164815,300
4256,174972485340,2160
4257,138495535114,350
4258,1384142643,117120
4259,234448286846,700
4260,145199916688,460
4261,187649984,1500000
4262,168133444682,420
4263,77299171633,190
4264,38315505795,40
4265,1692814966,203250
4266,133582065341,440
4267,256068021014,2230
4268,264372903692,2360
4269,81210164815,300
4270,737641485699,1350
4271,214041859018,1750
4272,75792868623,170
4273,262156165872,2510
4274,1361905655,183880
4275,133426336182,380
4276,1911898801,32340
4277,117993414306,1700
4278,119313732482,1680
4279,261464687744,2220
4280,161670837424,540
4281,1708199872,43210
4282,175036511848,450
4283,865420451,37330
4284,70287329309,130
4285,73529364411,180
4286,6131256966,25910
4287,82450296877,30
4288,121607819904,330
4289,1707375997,80250
4290,82450296877,30
4291,280191002280,660
4292,261482779323,910
4293,1719758527,88110
4294,398854419704,1170
4295,1772449023,36360
4296,25374830619,22270
4297,187649984,1500000
4298,53845833080,50
4299,167782965931,430
4300,323666190773,950
4301,47118047488,100
4302,138495535114,350
4303,496166602830,1250
4304,53845833080,50
4305,187649984,1500000
4306,1764162153,95960
4307,37854423156,80
4308,325300572284,2020
4309,1690421446,211670
4310,1129278923566,8670
4311,343091363884,760
4312,77299171633,190
4313,88352444124,220
4314,1350903882,108520
4315,4322372342,26940
4316,1414297666,142970
4317,74283611302,140
4318,1803688287,32720
4319,168133444682,420
4320,1368447090,137970
4321,37854423156,80
4322,85571748530,210
4323,924468571,33150
4324,675383908008,11640
4325,187649984,1500000
4326,64310630011,90
4327,1772348113,81770
4328,499198857359,12940
4329,133426336182,380
4330,172433487525,410
4331,81210164815,300
4332,1400132502,176070
4333,73766689998,110
4334,393017867103,920
4335,69689757531,20
4336,396279648219,1160
4337,137935646295,1890
4338,233421425952,620
4339,1382163728,183700
4340,75792868623,170
4341,504899242569,1010
4342,75792868623,170
4343,40637221462,20980
4344,121263959740,320
4345,69739954230,120
4346,121263959740,320
4347,64664455215,150
4348,117890170742,310
4349,496195045699,1150
4350,138495535114,350
4351,597798573360,3350
4352,1410063997,183690
4353,133582065341,440
4354,206095474784,560
4355,84186589215,250
4356,1731019296,295520
4357,161394034366,750
4358,73766689998,110
4359,133426336182,380
4360,3290267694,28100
4361,1389041031196,7490
4362,406550709138,720
4363,64664455215,150
4364,748588646765,4540
4365,76160712235,290
4366,6974414653,25590
4367,257991282368,570
4368,1369572165110,3810
4369,121263959740,320
4370,255236831334,2210
4371,76340721660,270
4372,163463365841,390
4373,1687553229,225060
4374,73529364411,180
4375,437067577152,13680
4376,49794521761,70
4377,215105158913,1720
4378,64310630011,90
4379,1747529818,35200
4380,149902934178,530
4381,344520079607,980
4382,219752707362,960
4383,1755582614,40960
4384,1735665657,60560
4385,213674688341,1880
4386,192283284619,590
4387,1003074844,28500
4388,82450296877,30
4389,84186589215,250
4390,1321045498487,7840
4391,203260015365,2200
4392,79346228024,240
4393,175848734553,520
4394,257991282368,570
4395,88352444124,220
4396,177348065878,370
4397,47118047488,100
4398,76160712235,290
4399,69689757531,20
4400,74430708797,230
4401,218297860150,790
4402,1343630799,117340
4403,1407384416,186300
4404,145199916688,460
4405,160300775143,1980
4406,1366986393,100280
4407,1077829850693,9070
4408,268195529559,1730
4409,496195045699,1150
4410,1628696796425,4920
4411,37854423156,80
4412,163463365841,390
4413,270664839851,2450
4414,1365775841,134130
4415,64664455215,150
4416,621713823585,12020
4417,82962264884,1470
4418,1732737306,71670
4419,878650658,36080
4420,415685540370,1120
4421,278207394600,1860
4422,208491561645,500
4423,184994047090,670
4424,82450296877,30
4425,377733685386,1370
4426,1767172868,60380
4427,1746006173,96740
4428,15935521744,23440
4429,61624317642,200
4430,363228979152,780
4431,261482779323,910
4432,348408266316,1140
4433,1374170678,140820
4434,1708771235,91940
4435,297980398103,630
4436,263961540453,680
4437,175848734553,520
4438,207668191478,1670
4439,10362061958,24450
4440,404438798747,10
4441,629189450362,1310
4442,257991282368,570
4443,69739954230,120
4444,59463239703,60
4445,74430708797,230
4446,61624317642,200
4447,216393368321,510
4448,61624317642,200
4449,53845833080,50
4450,1369183826,154820
4451,119313732482,1680
4452,10848413389,24360
4453,354081400421,870
4454,94882633896,1660
4455,82450296877,30
4456,82450296877,30
4457,504098306998,810
4458,488720760033,1210
4459,47118047488,100
4460,346685395207,2420
4461,98863273921,360
4462,30037880030,18940
4463,1853112154,32120
4464,488720760033,1210
4465,73863745649,160
4466,121263959740,320
4467,848999618,50040
4468,38315505795,40
4469,1679899716,278430
4470,13939915870,23760
4471,88352444124,220
4472,98863273921,360
4473,1644587903176,1200
4474,2023695318,31220
4475,145199916688,460
4476,1748700260,252470
4477,157524949488,610
4478,1368821172,138540
4479,897246074360,1360
4480,138495535114,350
4481,1377250020,121570
4482,192283284619,590
4483,97539890672,260
4484,362060688727,2480
4485,1407470382,109720
4486,145199916688,460
4487,1679649907,85310
4488,2242921224,26900
4489,175848734553,520
4490,74430708797,230
4491,2226992496,30420
4492,74430708797,230
4493,340591014770,860
4494,1771838857,83680
4495,79346228024,240
4496,1766383756,219880
4497,485656706201,13270
4498,1773625999,33210
4499,76340721660,270
4500,179833854197,1930
4501,1231467803467,8270
4502,749192883686,4560
4503,133582065341,440
4504,82962264884,1470
4505,161670837424,540
4506,117890170742,310
4507,1743109893,39720
4508,81210164815,300
4509,73863745649,160
4510,1704605905,58020
4511,1415822764,146970
4512,1366206540154,7820
4513,183669210849,600
4514,393017867103,920
4515,1377977176,152080
4516,187649984,1500000
4517,4150527089,27200
4518,257991282368,570
4519,117890170742,310
4520,64310630011,90
4521,99186810260,280
4522,85571748530,210
4523,61624317642,200
4524,76340721660,270
4525,81210164815,300
4526,47118047488,100
4527,174684219523,1630
4528,70287329309,130
4529,76160712235,290
4530,1427828677307,7330
4531,99186810260,280
4532,75792868623,170
4533,255210650087,1590
4534,84186589215,250
4535,121263959740,320
4536,158285674417,1940
4537,133426336182,380
4538,145199916688,460
4539,551964356987,1060
4540,1382588670,136600
4541,187649984,1500000
4542,73863745649,160
4543,69739954230,120
4544,2072963828315,5390
4545,97539890672,260
4546,547121234418,2560
4547,121607819904,330
4548,125074188039,340
4549,219752707362,960
4550,76160712235,290
4551,117890170742,310
4552,69739954230,120
4553,69689757531,20
4554,73863745649,160
4555,84186589215,250
4556,270664839851,2450
4557,77436052010,1460
4558,70287329309,130
4559,202265185959,2080
4560,184994047090,670
4561,69739954230,120
4562,671516313461,3770
4563,819112056441,1180
4564,75792868623,170
4565,1414850233495,7630
4566,257819973852,15670
4567,277785468679,830
4568,59463239703,60
4569,872530639,95490
4570,59463239703,60
4571,340591014770,860
4572,79346228024,240
4573,138495535114,350
4574,149902934178,530
4575,1747017057,76540
4576,82450296877,30
4577,7266652669,25480
4578,161670837424,540
4579,216393368321,510
4580,172870482483,2190
4581,75792868623,170
4582,1379927289,128780
4583,1397827878,196910
4584,585816142,33840
4585,356664525586,2310
4586,82962264884,1470
4587,267188543313,1910
4588,163463365841,390
4589,146650339270,470
4590,187649984,1500000
4591,393017867103,920
4592,1800121700,34500
4593,163463365841,390
4594,76160712235,290
4595,53845833080,50
4596,462484638687,890
4597,1356271492,103980
4598,1722088240,43110
4599,61624317642,200
4600,187649984,1500000
4601,212102924794,1810
4602,38315505795,40
4603,49794521761,70
4604,37854423156,80
4605,186863854570,1900
4606,1371461481,179470
4607,1708088008,276210
4608,184994047090,670
4609,280202184283,650
4610,184692353604,580
4611,569321941117,1380
4612,2034146211,30880
4613,99186810260,280
4614,1918487103,31920
4615,1383310038,184870
4616,73766689998,110
4617,1734064504,94810
4618,1379916181,135160
4619,49794521761,70
4620,49794521761,70
4621,175847502769,490
4622,216393368321,510
4623,73766689998,110
4624,1724690510,41680
4625,85571748530,210
4626,356217246112,1040
4627,82450296877,30
4628,213674688341,1880
4629,161394034366,750
4630,393017867103,920
4631,81210164815,300
4632,1755630211,80230
4633,175848734553,520
4634,1829919574,32350
4635,1146455674180,2930
4636,569321941117,1380
4637,364503960390,2680
4638,130008165856,550
4639,38315505795,40
4640,75792868623,170
4641,175848734553,520
4642,508628031027,1440
4643,343091363884,760
4644,38315505795,40
4645,613057903450,1050
4646,1380369118430,3960
4647,364503960390,2680
4648,47118047488,100
4649,1376497446,114470
4650,70287329309,130
4651,234621676560,640
4652,37854423156,80
4653,47118047488,100
4654,363228979152,780
4655,88352444124,220
4656,76160712235,290
4657,1750471270,57370
4658,1407408341,154570
4659,879799274,37450
4660,98863273921,360
4661,130008165856,550
4662,85571748530,210
4663,192283284619,590
4664,1192387922282,1340
4665,145199916688,460
4666,1723681503,60370
4667,1161076764300,3070
4668,76340721660,270
4669,77299171633,190
4670,1397565953,101500
4671,84186589215,250
4672,802378004199,4890
4673,496195045699,1150
4674,49794521761,70
4675,398854419704,1170
4676,70287329309,130
4677,869433597,88830
4678,671992309,130610
4679,277785468679,830
4680,1696888605,75760
4681,175847502769,490
4682,1142734614117,8690
4683,79346228024,240
4684,81210164815,300
4685,208491561645,500
4686,99186810260,280
4687,8686392895,24940
4688,61624317642,200
4689,37854423156,80
4690,354081400421,870
4691,2038237045,302610
4692,1766073522,98660
4693,1376498298,121030
4694,49794521761,70
4695,75792868623,170
4696,138495535114,350
4697,1752712367,92440
4698,76340721660,270
4699,216393368321,510
4700,1410463001,161590
4701,1357524999814,7600
4702,53845833080,50
4703,346681537015,800
4704,2090407180,384180
4705,1381455821,128160
4706,168133444682,420
4707,218297860150,790
4708,234448286846,700
4709,158285674417,1940
4710,174514353826,2250
4711,380636141982,14150
4712,37854423156,80
4713,1721467669,251680
4714,37854423156,80
4715,1697100418,260140
4716,323666190773,950
4717,138495535114,350
4718,1694015173,68170
4719,1692640440,59260
4720,187649984,1500000
4721,1133734919458,8830
4722,367389651679,4650
4723,1380349824,107760
4724,662304826462,11720
4725,149902934178,530
4726,149902934178,530
4727,1381074410,128730
4728,148653139315,1540
4729,262315743043,1520
4730,496166602830,1250
4731,138495535114,350
4732,700300297,102770
4733,78193619205,19250
4734,49794521761,70
4735,847406870,29440
4736,64664455215,150
4737,802378004199,4890
4738,119695726112,1780
4739,1400560069,132710
4740,1413164619,129520
4741,264729991699,1870
4742,2082955273,330110
4743,49794521761,70
4744,1766378850,240480
4745,1013873570,30930
4746,396949391137,1220
4747,356054089330,1090
4748,363228979152,780
4749,59463239703,60
4750,61624317642,200
4751,73766689998,110
4752,145199916688,460
4753,121607819904,330
4754,79346228024,240
4755,1766217237,64380
4756,216393368321,510
4757,187649984,1500000
4758,1683481343,84710
4759,1410904520,118070
4760,1689441039,45090
4761,73766689998,110
4762,175848734553,520
4763,184994047090,670
4764,262156165872,2510
4765,172433487525,410
4766,49794521761,70
4767,79346228024,240
4768,201214423836,2040
4769,161409540099,480
4770,175847502769,490
4771,73529364411,180
4772,74283611302,140
4773,117890170742,310
4774,74430708797,230
4775,59463239703,60
4776,149902934178,530
4777,53845833080,50
4778,73529364411,180
4779,187649984,1500000
4780,61624317642,200
4781,97539890672,260
4782,73766689998,110
4783,1747428219,97750
4784,53845833080,50
4785,53845833080,50
4786,181333575094,1740
4787,184692353604,580
4788,2024477750,327430
4789,215989491622,16310
4790,73863745649,160
4791,59463239703,60
4792,1396707788,149280
4793,201214423836,2040
4794,79346228024,240
4795,1691208719,36720
4796,172433487525,410
4797,175847502769,490
4798,819112056441,1180
4799,187649984,1500000
4800,1732415966,47160
4801,75792868623,170
4802,1406275717,141360
4803,49794521761,70
4804,183669210849,600
4805,38315505795,40
4806,129306662816,400
4807,73863745649,160
4808,181333575094,1740
4809,73863745649,160
4810,24756534909,22330
4811,53845833080,50
4812,192283284619,590
4813,2463719675,29610
4814,207668191478,1670
4815,47118047488,100
4816,49794521761,70
4817,1686822733,83090
4818,2089932155,30870
4819,146650339270,470
4820,121263959740,320
4821,69739954230,120
4822,37854423156,80
4823,233421425952,620
4824,161409540099,480
4825,84186589215,250
4826,356054089330,1090
4827,2535589888164,5940
4828,123869236487,15710
4829,76160712235,290
4830,1413543529,139510
4831,163463365841,390
4832,88352444124,220
4833,121263959740,320
4834,81210164815,300
4835,74283611302,140
4836,59463239703,60
4837,737641485699,1350
4838,64664455215,150
4839,37854423156,80
4840,73766689998,110
4841,82450296877,30
4842,81210164815,300
4843,84186589215,250
4844,95767934259,1580
4845,280191002280,660
4846,49794521761,70
4847,84186589215,250
4848,74430708797,230
4849,135128234964,17800
4850,597798573360,3350
4851,1383650890229,3860
4852,117890170742,310
4853,183669210849,600
4854,323666190773,950
4855,1711327018,35790
4856,133582065341,440
4857,1358796020692,3740
4858,267188543313,1910
4859,184692353604,580
4860,588674134256,3020
4861,82962264884,1470
4862,613057903450,1050
4863,404438798747,10
4864,167782965931,430
4865,49794521761,70
4866,125074188039,340
4867,1347382547,184890
4868,69689757531,20
4869,607264223409,3230
4870,187649984,1500000
4871,406550709138,720
4872,70287329309,130
4873,73766689998,110
4874,76160712235,290
4875,380613135783,1190
4876,85571748530,210
4877,255210650087,1590
4878,1349747454,119780
4879,38315505795,40
4880,37854423156,80
4881,1753195156,94960
4882,540475479544,2540
4883,88352444124,220
4884,74283611302,140
4885,64664455215,150
4886,551964356987,1060
4887,177348065878,370
4888,1376126032,111810
4889,1687069551,251060
4890,1400160447,141170
4891,1364614420,137300
4892,163463365841,390
4893,49794521761,70
4894,125074188039,340
4895,16108911907,23330
4896,498610429353,1080
4897,208491561645,500
4898,272330033827,1790
4899,181333575094,1740
4900,38315505795,40
4901,125074188039,340
4902,81210164815,300
4903,97539890672,260
4904,59463239703,60
4905,95767934259,1580
4906,74283611302,140
4907,98863273921,360
4908,64310630011,90
4909,297980398103,630
4910,219752707362,960
4911,64310630011,90
4912,97539890672,260
4913,73863745649,160
4914,76340721660,270
4915,1796288335,35580
4916,97539890672,260
4917,125074188039,340
4918,175036511848,450
4919,69739954230,120
4920,496166602830,1250
4921,167782965931,430
4922,268783960191,2350
4923,47118047488,100
4924,80894970522,2000
4925,406550709138,720
4926,343091363884,760
4927,157524949488,610
4928,1040989909116,9280
4929,343091363884,760
4930,67294681661,19720
4931,37854423156,80
4932,47118047488,100
4933,79346228024,240
4934,88352444124,220
4935,1703123752,72530
4936,53845833080,50
4937,146650339270,470
4938,1708099416,217710
4939,49794521761,70
4940,6028503494,26020
4941,242975709420,15890
4942,125074188039,340
4943,3436124779,27850
4944,69739954230,120
4945,570755670730,1270
4946,129306662816,400
4947,330713222908,730
4948,340672783379,2030
4949,157524949488,610
4950,172870482483,2190
4951,73766689998,110
4952,2138200407,30560
4953,85571748530,210
4954,82450296877,30
4955,163463365841,390
4956,74430708797,230
4957,96978459839,1850
4958,339648795717,2180
4959,549136813433,2580
4960,163463365841,390
4961,146650339270,470
4962,677298222994,1420
4963,70287329309,130
4964,570755670730,1270
4965,129306662816,400
4966,167782965931,430
4967,98863273921,360
4968,82450296877,30
4969,73863745649,160
4970,1757826027,45750
4971,1760177089,204160
4972,75792868623,170
4973,76340721660,270
4974,1328548155799,7850
4975,396279648219,1160
4976,121263959740,320
4977,983547721389,9540
4978,522952556384,2490
4979,174514353826,2250
4980,129306662816,400
4981,184994047090,670
4982,74283611302,140
4983,59463239703,60
4984,64310630011,90
4985,1742829274,56240
4986,2056582565,326840
4987,187649984,1500000
4988,749192883686,4560
4989,1739825629,87390
4990,212102924794,1810
4991,101537962036,1610
4992,47118047488,100
4993,47118047488,100
4994,73863745649,160
4995,415685540370,1120
4996,38315505795,40
4997,38315505795,40
4998,38315505795,40
4999,149902934178,530
5000,1381784220,172490
5001,85571748530,210
5002,1383698572,166590
5003,74430708797,230
5004,208491561645,500
5005,350184394601,1800
5006,31017235857,21760
5007,53845833080,50
5008,187649984,1500000
5009,1377978749,155130
5010,1692743254,40510
5011,337928849413,900
5012,393017867103,920
5013,64664455215,150
5014,338977929259,11460
5015,76340721660,270
5016,64310630011,90
5017,73863745649,160
5018,265290418453,2520
5019,167782965931,430
5020,496195045699,1150
5021,184994047090,670
5022,69689757531,20
5023,149902934178,530
5024,1894770254,32050
5025,1386812633,119190
5026,69739954230,120
5027,1373459198,104420
5028,356054089330,1090
5029,149902934178,530
5030,331129036999,14770
5031,38315505795,40
5032,474598491972,850
5033,595039222417,3050
5034,1749837268,89390
5035,1681733106,54970
5036,88352444124,220
5037,216393368321,510
5038,73529364411,180
5039,101643933488,2010
5040,170764367148,2070
5041,267909675669,15590
5042,74283611302,140
5043,76160712235,290
5044,61624317642,200
5045,69689757531,20
5046,81746678598,19230
5047,98863273921,360
5048,70287329309,130
5049,95767934259,1580
5050,9959466526,24650
5051,356217246112,1040
5052,158285674417,1940
5053,1360408686,142380
5054,37854423156,80
5055,53845833080,50
5056,629189450362,1310
5057,70287329309,130
5058,1192387922282,1340
5059,47118047488,100
5060,129306662816,400
5061,64664455215,150
5062,53845833080,50
5063,234621676560,640
5064,53845833080,50
5065,234621676560,640
5066,1409004771,111950
5067,546994150854,1290
5068,532647882557,1100
5069,98863273921,360
5070,74283611302,140
5071,396279648219,1160
5072,443707955630,1110
5073,99186810260,280
5074,149902934178,530
5075,161670837424,540
5076,49273521135,20470
5077,233421425952,620
5078,1346699647,114230
5079,683052495,190680
5080,61624317642,200
5081,37854423156,80
5082,175036511848,450
5083,498610429353,1080
5084,356054089330,1090
5085,415506747389,770
5086,74430708797,230
5087,1701636319,75440
5088,70287329309,130
5089,149902934178,530
5090,1418941601,107300
5091,551964356987,1060
5092,1383020799764,3800
5093,404438798747,10
5094,37854423156,80
5095,49794521761,70
5096,677298222994,1420
5097,85571748530,210
5098,77299171633,190
5099,1364673598793,7810
5100,506635939642,820
5101,172433487525,410
5102,161670837424,540
5103,138495535114,350
5104,1681349769,39350
5105,488720760033,1210
5106,117890170742,310
5107,1380340494,102700
5108,53845833080,50
5109,73863745649,160
5110,1749666316,204940
5111,81210164815,300
5112,47118047488,100
5113,80894970522,2000
5114,37854423156,80
5115,640693161511,1230
5116,76340721660,270
5117,1716844762,38970
5118,1712397745,216690
5119,129306662816,400
5120,1393638960,169840
5121,79346228024,240
5122,82450296877,30
5123,1768358277,41320
5124,74430708797,230
5125,280191002280,660
5126,69689757531,20
5127,76340721660,270
5128,145199916688,460
5129,129306662816,400
5130,73529364411,180
5131,64664455215,150
5132,47118047488,100
5133,234448286846,700
5134,363228979152,780
5135,125074188039,340
5136,76340721660,270
5137,204127423591,1560
5138,96978459839,1850
5139,496166602830,1250
5140,37854423156,80
5141,69739954230,120
5142,192283284619,590
5143,1685645523,209620
5144,1401346939,115040
5145,1372228916,177530
5146,73863745649,160
5147,177348065878,370
5148,13048402660,23910
5149,79346228024,240
5150,337928849413,900
5151,192283284619,590
5152,130008165856,550
5153,167782965931,430
5154,35972389334,21340
5155,157524949488,610
5156,528875443066,2430
5157,206095474784,560
5158,59463239703,60
5159,504098306998,810
5160,9940035097,24610
5161,69689757531,20
5162,693669548072,4350
5163,262315743043,1520
5164,234448286846,700
5165,1135890730089,2850
5166,129306662816,400
5167,2020317438,31080
5168,161394034366,750
5169,2275400943,26790
5170,496166602830,1250
5171,161670837424,540
5172,121263959740,320
5173,330713222908,730
5174,698453617909,1390
5175,323666190773,950
5176,179833854197,1930
5177,2084581865,30600
5178,175848734553,520
5179,1771640239,215160
5180,1742666261,98890
5181,121607819904,330
5182,1347759445,189650
5183,523281204940,2280
5184,2108754014,391530
5185,334108566308,2100
5186,175036511848,450
5187,79346228024,240
5188,88352444124,220
5189,396949391137,1220
5190,117993414306,1700
5191,213599266166,1600
5192,73766689998,110
5193,234448286846,700
5194,81210164815,300
5195,61624317642,200
5196,694195824734,11310
5197,161409540099,480
5198,1345932859,108270
5199,1686693489,44270
5200,129306662816,400
5201,61624317642,200
5202,550861625208,1030
5203,208491561645,500
5204,79346228024,240
5205,257991282368,570
5206,73863745649,160
5207,147812683177,2400
5208,74283611302,140
5209,59463239703,60
5210,1680568591,92790
5211,504899242569,1010
5212,73529364411,180
5213,121607819904,330
5214,64310630011,90
5215,170764367148,2070
5216,80894970522,2000
5217,81210164815,300
5218,753287688517,10970
5219,1368066065,128900
5220,1901302570087,5060
5221,64310630011,90
5222,248575390095,15770
5223,37854423156,80
5224,683052495,190680
5225,206095474784,560
5226,1412375817,159650
5227,234621676560,640
5228,69689757531,20
5229,1716211640,255570
5230,175847502769,490
5231,69689757531,20
5232,847406870,29440
5233,121263959740,320
5234,47118047488,100
5235,145199916688,460
5236,129306662816,400
5237,84186589215,250
5238,420871731357,13890
5239,1139587365563,2730
5240,1684900207,84080
5241,71788211654,19500
5242,551964356987,1060
5243,74430708797,230
5244,88352444124,220
5245,167782965931,430
5246,332148087037,1130
5247,75792868623,170
5248,125074188039,340
5249,38315505795,40
5250,1714518099,80950
5251,1375280239,183110
5252,137935646295,1890
5253,79346228024,240
5254,38315505795,40
5255,76340721660,270
5256,69689757531,20
5257,119313732482,1680
5258,763497977777,11050
5259,1767077266,78720
5260,74283611302,140
5261,354081400421,870
5262,1735595577,35210
5263,47118047488,100
5264,73529364411,180
5265,84186589215,250
5266,101643933488,2010
5267,69739954230,120
5268,133582065341,440
5269,380613135783,1190
5270,98863273921,360
5271,73863745649,160
5272,163463365841,390
5273,85571748530,210
5274,95767934259,1580
5275,187649984,1500000
5276,748588646765,4540
5277,163463365841,390
5278,1343962900,156180
5279,208491561645,500
5280,213674688341,1880
5281,1390303882,101280
5282,997184035061,1280
5283,74283611302,140
5284,73863745649,160
5285,74430708797,230
5286,61624317642,200
5287,1769719748,269040
5288,1601622139002,7090
5289,1362886146603,3730
5290,1382607360,121060
5291,455768581496,940
5292,274300079472,1970
5293,161394034366,750
5294,262156165872,2510
5295,81210164815,300
5296,75792868623,170
5297,343091363884,760
5298,1409321002,153060
5299,1742855804,52750
5300,1343591329,148370
5301,2115325523,30860
5302,128211993971,1480
5303,1416940025,185430
5304,297980398103,630
5305,37854423156,80
5306,77299171633,190
5307,363228979152,780
5308,82450296877,30
5309,175847502769,490
5310,88352444124,220
5311,163463365841,390
5312,59463239703,60
5313,5717552641,26140
5314,121607819904,330
5315,70287329309,130
5316,47118047488,100
5317,340591014770,860
5318,557777336595,1020
5319,522369271147,2500
5320,1399370924,169820
5321,53845833080,50
5322,161394034366,750
5323,73529364411,180
5324,1347402834,156640
5325,79346228024,240
5326,1685851934,83580
5327,1356986504,125290
5328,1718323508,82570
5329,149902934178,530
5330,1772273047,99420
5331,59463239703,60
5332,38315505795,40
5333,2265020250,30260
5334,84186589215,250
5335,1350086559,145910
5336,1725778416,209750
5337,116895037397,1530
5338,270664839851,2450
5339,74283611302,140
5340,121263959740,320
5341,256068021014,2230
5342,395326009238,13920
5343,37854423156,80
5344,66357163813,19740
5345,1387537474,149370
5346,346685395207,2420
5347,76160712235,290
5348,84186589215,250
5349,208491561645,500
5350,1367356151,108450
5351,97539890672,260
5352,121263959740,320
5353,59463239703,60
5354,73863745649,160
5355,133426336182,380
5356,1774998521,36400
5357,69689757531,20
5358,1365795488,118460
5359,64664455215,150
5360,69739954230,120
5361,297980398103,630
5362,2109327279,314790
5363,61624317642,200
5364,77436052010,1460
5365,38315505795,40
5366,96978459839,1850
5367,1387206105,112050
5368,1743712371,34620
5369,1698254675,91020
5370,59463239703,60
5371,157524949488,610
5372,316965788246,970
5373,47118047488,100
5374,1748866243,39730
5375,261482779323,910
5376,216393368321,510
5377,147812683177,2400
5378,1723075196,96110
5379,1927875574511,5160
5380,498610429353,1080
5381,234448286846,700
5382,146650339270,470
5383,73766689998,110
5384,1730720540,39290
5385,167782965931,430
5386,323666190773,950
5387,1769950395,85210
5388,69739954230,120
5389,1912393890,31730
5390,330713222908,730
5391,3071199943,28310
5392,88352444124,220
5393,121263959740,320
5394,415685540370,1120
5395,37854423156,80
5396,1508624999727,4590
5397,215901404156,2550
5398,1694726381,206730
5399,1724818520,217980
5400,49794521761,70
5401,1882652687,32420
5402,1360749319,199010
5403,74283611302,140
5404,121607819904,330
5405,76160712235,290
5406,570755670730,1270
5407,73529364411,180
5408,74430708797,230
5409,64664455215,150
5410,1647550700818,1240
5411,415506747389,770
5412,125074188039,340
5413,125074188039,340
5414,146650339270,470
5415,145199916688,460
5416,97539890672,260
5417,1699983769,200260
5418,455768581496,940
5419,160300775143,1980
5420,206095474784,560
5421,163463365841,390
5422,47118047488,100
5423,175847502769,490
5424,211831264667,1760
5425,129306662816,400
5426,146650339270,470
5427,76160712235,290
5428,2012117716451,6580
5429,2606075155,29070
5430,1380632348,185300
5431,47118047488,100
5432,186863854570,1900
5433,336370226336,930
5434,332148087037,1130
5435,47118047488,100
5436,261482779323,910
5437,187649984,1500000
5438,133426336182,380
5439,76160712235,290
5440,133582065341,440
5441,396279648219,1160
5442,168133444682,420
5443,212205076765,16270
5444,1764033745,44240
5445,44325158157,20740
5446,85571748530,210
5447,549136813433,2580
5448,184994047090,670
5449,77299171633,190
5450,163463365841,390
5451,1740587340,37040
5452,74430708797,230
5453,98863273921,360
5454,647873833680,11660
5455,38315505795,40
5456,17351712242,23220
5457,73529364411,180
5458,1401658196,172040
5459,121607819904,330
5460,2053098075697,5300
5461,166344337879,17150
5462,208491561645,500
5463,85571748530,210
5464,1396153113546,3950
5465,398854419704,1170
5466,253764541111,2110
5467,88352444124,220
5468,222067756156,1990
5469,280202184283,650
5470,938430745398,1320
5471,1348599707,113660
5472,187649984,1500000
5473,354081400421,870
5474,53845833080,50
5475,161394034366,750
5476,121607819904,330
5477,49794521761,70
5478,1395163321,167500
5479,175036511848,450
5480,74283611302,140
5481,1488193310947,4710
5482,1729884838,39170
5483,125877631533,1550
5484,133426336182,380
5485,671992309,130610
5486,74430708797,230
5487,49794521761,70
5488,14844039517,23510
5489,265290418453,2520
5490,872530639,95490
5491,187649984,1500000
5492,1404355843,150590
5493,1736497025,84250
5494,698453617909,1390
5495,184692353604,580
5496,82962264884,1470
5497,38315505795,40
5498,177348065878,370
5499,208491561645,500
5500,1708842335,71920
5501,1386856295,101050
5502,496166602830,1250
5503,443707955630,1110
5504,85571748530,210
5505,1365760968,140050
5506,356054089330,1090
5507,81210164815,300
5508,1345513535,137050
5509,192283284619,590
5510,30037880030,18940
5511,673594861476,880
5512,37854423156,80
5513,337928849413,900
5514,69689757531,20
5515,349112183349,1620
5516,524886573893,1260
5517,69739954230,120
5518,997184035061,1280
5519,1598469405961,6990
5520,360512165082,2610
5521,559243444097,1400
5522,277785468679,830
5523,192283284619,590
5524,1386150979430,4200
5525,77299171633,190
5526,73529364411,180
5527,354081400421,870
5528,1387909030,159310
5529,1356565938,169320
5530,74283611302,140
5531,38315505795,40
5532,1386749881,183610
5533,488720760033,1210
5534,897493923,34900
5535,53845833080,50
5536,1368873749,103540
5537,340672783379,2030
5538,133426336182,380
5539,1378351239,169630
5540,76160712235,290
5541,53845833080,50
5542,8471399738,25080
5543,37854423156,80
5544,2665794219,28930
5545,187649984,1500000
5546,1701568790,95910
5547,375991941221,740
5548,268783960191,2350
5549,64664455215,150
5550,316965788246,970
5551,38315505795,40
5552,655947434176,11670
5553,10344907267,24520
5554,38315505795,40
5555,76160712235,290
5556,172433487525,410
5557,103191467790,1710
5558,280202184283,650
5559,76340721660,270
5560,9163102465,24820
5561,160010374923,1920
5562,99186810260,280
5563,1734575743,39270
5564,1416175282,190220
5565,268783960191,2350
5566,119313732482,1680
5567,81210164815,300
5568,77299171633,190
5569,1740576829,257120
5570,76340721660,270
5571,1769318086,43700
5572,504098306998,810
5573,9852564446,24580
5574,38315505795,40
5575,37854423156,80
5576,73766689998,110
5577,1353585626656,4110
5578,133426336182,380
5579,82450296877,30
5580,1771838575,83560
5581,1413154041,146360
5582,1402868594,115100
5583,4778716937,26710
5584,84186589215,250
5585,81210164815,300
5586,2238811985,30030
5587,328266871537,840
5588,212102924794,1810
5589,9795809493,24620
5590,61624317642,200
5591,176489498787,1650
5592,74283611302,140
5593,356217246112,1040
5594,2233262289450,6410
5595,82450296877,30
5596,479936956142,13130
5597,88352444124,220
5598,246686634012,690
5599,37854423156,80
5600,1356664157,101640
5601,256068021014,2230
5602,74283611302,140
5603,207668191478,1670
5604,1695970703,66380
5605,264760034188,2370
5606,354081400421,870
5607,218297860150,790
5608,125074188039,340
5609,47118047488,100
5610,337912747957,14720
5611,1395613903,116010
5612,280202184283,650
5613,170764367148,2070
5614,1350465844,149140
5615,84186589215,250
5616,75792868623,170
5617,75792868623,170
5618,1763259977,39320
5619,632230573742,1300
5620,69689757531,20
5621,742091974279,10980
5622,69739954230,120
5623,1755872776,217180
5624,1759291249,44630
5625,569321941117,1380
5626,70287329309,130
5627,70287329309,130
5628,37854423156,80
5629,88352444124,220
5630,64664455215,150
5631,1709785092,39560
5632,261482779323,910
5633,462484638687,890
5634,358212295243,1070
5635,88352444124,220
5636,73529364411,180
5637,28677466327,21900
5638,97539890672,260
5639,77436052010,1460
5640,49794521761,70
5641,404438798747,10
5642,49794521761,70
5643,75792868623,170
5644,1362003892,108770
5645,133582065341,440
5646,208491561645,500
5647,49794521761,70
5648,1368903191,101460
5649,1736754501,266350
5650,192283284619,590
5651,198348460057,2050
5652,98863273921,360
5653,146650339270,470
5654,77299171633,190
5655,550861625208,1030
5656,94882633896,1660
5657,37854423156,80
5658,377733685386,1370
5659,219752707362,960
5660,234448286846,700
5661,175848734553,520
5662,38315505795,40
5663,1405549092,112640
5664,82450296877,30
5665,1760362142,94900
5666,161670837424,540
5667,73766689998,110
5668,687617462101,3820
5669,323666190773,950
5670,175847502769,490
5671,97539890672,260
5672,74430708797,230
5673,172433487525,410
5674,107610012280,18460
5675,157524949488,610
5676,47118047488,100
5677,174684219523,1630
5678,82450296877,30
5679,1747743633,251530
5680,1412792162,128000
5681,1700200120,73860
5682,246686634012,690
5683,79346228024,240
5684,246686634012,690
5685,1358163579,108840
5686,496166602830,1250
5687,6979485881,25520
5688,1692326351,241770
5689,92291303462,18830
5690,98863273921,360
5691,121263959740,320
5692,53845833080,50
5693,77299171633,190
5694,348408266316,1140
5695,64664455215,150
5696,117890170742,310
5697,1394066562,121860
5698,11870515787,22340
5699,76160712235,290
5700,81210164815,300
5701,557777336595,1020
5702,183669210849,600
5703,83264232661,19180
5704,161409540099,480
5705,38315505795,40
5706,340591014770,860
5707,175848734553,520
5708,1903726576731,5210
5709,1708840049,65530
5710,161409540099,480
5711,53845833080,50
5712,125877631533,1550
5713,393017867103,920
5714,37854423156,80
5715,74283611302,140
5716,1376117037,122060
5717,339648795717,2180
5718,1901253852,31710
5719,1759394381,91330
5720,133426336182,380
5721,330713222908,730
5722,73863745649,160
5723,69689757531,20
5724,69739954230,120
5725,358212295243,1070
5726,1393260769,164230
5727,175036511848,450
5728,163463365841,390
5729,47118047488,100
5730,53845833080,50
5731,73766689998,110
5732,396279648219,1160
5733,1705229025,230660
5734,1013873570,30930
5735,47118047488,100
5736,1395220104,125850
5737,73863745649,160
5738,37854423156,80
5739,462484638687,890
5740,1353153070,142050
5741,82450296877,30
5742,1381059579,137330
5743,1413502651,182510
5744,1773286618,81280
5745,218297860150,790
5746,328266871537,840
5747,163463365841,390
5748,73529364411,180
5749,160010374923,1920
5750,98863273921,360
5751,74283611302,140
5752,191454974672,16660
5753,64664455215,150
5754,98863273921,360
5755,85571748530,210
5756,99186810260,280
5757,1379191478,110580
5758,69739954230,120
5759,506635939642,820
5760,69739954230,120
5761,377733685386,1370
5762,1737395179,99670
5763,70287329309,130
5764,328266871537,840
5765,69739954230,120
5766,448403748420,1000
5767,356054089330,1090
5768,1749438881,68300
5769,1350432881,197170
5770,74430708797,230
5771,1742264617,71660
5772,328266871537,840
5773,38315505795,40
5774,125074188039,340
5775,869433597,88830
5776,125877631533,1550
5777,1721237634,79160
5778,38315505795,40
5779,673594861476,880
5780,85571748530,210
5781,99186810260,280
5782,1699979521,44320
5783,208491561645,500
5784,629963272851,3590
5785,184692353604,580
5786,5706414477,26210
5787,59463239703,60
5788,1695970391,68730
5789,1257567613428,6140
5790,37854423156,80
5791,1394878654,103760
5792,76340721660,270
5793,556272229482,2720
5794,49794521761,70
5795,1397902043,121720
5796,337928849413,900
5797,37854423156,80
5798,375855353997,2920
5799,176016490282,2260
5800,2049210353,30750
5801,3870648963,27480
5802,77299171633,190
5803,1386012199,145580
5804,121263959740,320
5805,73863745649,160
5806,356217246112,1040
5807,121607819904,330
5808,101643933488,2010
5809,161670837424,540
5810,116895037397,1530
5811,47118047488,100
5812,1382241101,112680
5813,101643933488,2010
5814,73529364411,180
5815,356054089330,1090
5816,277785468679,830
5817,546994150854,1290
5818,64310630011,90
5819,703175943,103470
5820,116895037397,1530
5821,69689757531,20
5822,2225257118124,5500
5823,1257250148849,8200
5824,1393290692,133240
5825,348408266316,1140
5826,76160712235,290
5827,103191467790,1710
5828,323666190773,950
5829,699681046,177590
5830,76340721660,270
5831,117890170742,310
5832,64310630011,90
5833,98863273921,360
5834,2294438987,30010
5835,184692353604,580
5836,168133444682,420
5837,153278995189,1640
5838,351558703461,710
5839,85571748530,210
5840,146650339270,470
5841,1134199959603,8720
5842,37854423156,80
5843,129306662816,400
5844,47118047488,100
5845,261482779323,910
5846,504098306998,810
5847,465723047104,9850
5848,257991282368,570
5849,136731669808,1840
5850,103191467790,1710
5851,546994150854,1290
5852,2112194619,303950
5853,184692353604,580
5854,1705761442,39370
5855,116895037397,1530
5856,234448286846,700
5857,325300572284,2020
5858,356054089330,1090
5859,1703534660,38100
5860,187649984,1500000
5861,448403748420,1000
5862,1697280098,90280
5863,133426336182,380
5864,38315505795,40
5865,187649984,1500000
5866,97539890672,260
5867,1805719469,32690
5868,73863745649,160
5869,255236831334,2210
5870,1126252617820,2980
5871,73529364411,180
5872,145199916688,460
5873,121607819904,330
5874,133426336182,380
5875,168133444682,420
5876,1349686296,162070
5877,88352444124,220
5878,1684074842,55200
5879,1695675466,225340
5880,234448286846,700
5881,53845833080,50
5882,550861625208,1030
5883,177348065878,370
5884,73863745649,160
5885,121263959740,320
5886,37854423156,80
5887,865420451,37330
5888,187649984,1500000
5889,97539890672,260
5890,129306662816,400
5891,74283611302,140
5892,613057903450,1050
5893,84186589215,250
5894,130008165856,550
5895,474598491972,850
5896,77299171633,190
5897,161394034366,750
5898,76340721660,270
5899,59463239703,60
5900,1356552133,191300
5901,121607819904,330
5902,134729384144,1690
5903,79346228024,240
5904,1387913523,157850
5905,1365412907,118330
5906,125074188039,340
5907,184692353604,580
5908,84186589215,250
5909,49794521761,70
5910,892393513,34230
5911,73529364411,180
5912,1686600886,212120
5913,1679325839,50570
5914,77299171633,190
5915,64664455215,150
5916,88352444124,220
5917,1698542948,220470
5918,69689757531,20
5919,75792868623,170
5920,73863745649,160
5921,167782965931,430
5922,157524949488,610
5923,1407440342,132460
5924,2027917646,321940
5925,64310630011,90
5926,1356988134,131990
5927,38315505795,40
5928,121263959740,320
5929,1744121198,83490
5930,79346228024,240
5931,119313732482,1680
5932,354081400421,870
5933,474598491972,850
5934,356217246112,1040
5935,53845833080,50
5936,1344383072,125000
5937,37854423156,80
5938,257991282368,570
5939,167782965931,430
5940,1038869011216,1500
5941,820309007954,10580
5942,161394034366,750
5943,70287329309,130
5944,69689757531,20
5945,647120908057,11760
5946,74430708797,230
5947,356217246112,1040
5948,76340721660,270
5949,216393368321,510
5950,147812683177,2400
5951,316965788246,970
5952,175847502769,490
5953,117890170742,310
5954,4037456300,27270
5955,84186589215,250
5956,1736483378,91920
5957,350184394601,1800
5958,121607819904,330
5959,75999067832,19380
5960,1725289584,251570
5961,1133103738066,2950
5962,1192387922282,1340
5963,168133444682,420
5964,73529364411,180
5965,64310630011,90
5966,74430708797,230
5967,77299171633,190
5968,1397887767,125430
5969,147812683177,2400
5970,76160712235,290
5971,1884651707,32960
5972,49794521761,70
5973,1384456051,182890
5974,214614585341,2470
5975,1348579219,125740
5976,496166602830,1250
5977,280202184283,650
5978,76340721660,270
5979,1411601855,163670
5980,253764541111,2110
5981,924316469517,10010
5982,20530299314,22700
5983,61624317642,200
5984,1293545242651,3620
5985,149902934178,530
5986,650226220295,11650
5987,184994047090,670
5988,64310630011,90
5989,70287329309,130
5990,2170058479,30400
5991,1412774858,144880
5992,97539890672,260
5993,88352444124,220
5994,70287329309,130
5995,130008165856,550
5996,133582065341,440
5997,1746029059,94770
5998,37854423156,80
