0,275505793838,9170
1,356057245853,7560
2,332986191480,8390
3,406446034731,60270
4,314414970796,13910
5,41727139071,3580
6,79389749634,3820
7,93579615426,2880
8,125916301724,3020
9,77480596215,4130
10,4636646024,138480
11,81949828141,3220
12,140690214236,5010
13,130002618697,194500
14,193719669647,10540
15,197291369624,2760
16,52490540124,4710
17,68768637085,2830
18,96347272707,6070
19,85121925764,4490
20,297784432965,1570
21,67535193286,3310
22,58187091453,5170
23,263526957471,7790
24,221752565144,7940
25,134728478719,4830
26,52450049725,3390
27,44758797884,3810
28,68834245721,360660
29,201977475992,56730
30,51118059333,3110
31,237073106368,6110
32,49030532764,2980
33,382454198058,16860
34,39960163184,3450
35,202929599977,10560
36,64573069011,5050
37,39502034293,5250
38,41845299825,3460
39,42867063696,3060
40,44308388564,3360
41,34928429213,4410
42,43006850178,5340
43,56192095619,5510
44,104632529601,5950
45,6419714975,125600
46,171364204110,8240
47,121563629758,245380
48,49048306724,4070
49,483957427952,7370
50,234305286942,7360
51,429205469517,17010
52,72733845602,5760
53,38762548412,5670
54,344623452667,9700
55,492591577432,6590
56,185864651607,179890
57,49487498414,3770
58,148476740889,10480
59,58356265130,4870
60,1146802333950,1440
61,178297502209,9240
62,40049869432,4280
63,184806714721,5870
64,96387441444,4000
65,60525539370,5350
66,53324382536,5300
67,71339590294,5270
68,65861441888,4980
69,152419697063,4570
70,64922330801,5360
71,358463818222,58070
72,39278896598,3210
73,82153068379,191450
74,75978680279,4370
75,167247218193,7480
76,126906553898,2590
77,113456604068,209880
78,48542307772,3680
79,79881743921,4160
80,64573069011,5050
81,72733845602,5760
82,311067385096,7970
83,208378435337,6680
84,50358579906,4760
85,240405769175,25110
86,177338933557,18980
87,39278896598,3210
88,56525522922,2750
89,81100812440,5090
90,15336981341,223900
91,92465120485,5610
92,66245784000,3980
93,35683766338,5290
94,202835162941,6840
95,40059188347,313210
96,74821778911,3880
97,133969733085,4920
98,43596385246,399770
99,286582761226,2180
100,39444020760,3290
101,53129310715,3340
102,200554297227,12550
103,41875191917,4250
104,78722749170,266630
105,578278380621,1560
106,191679075442,2580
107,105110107517,4170
108,157022314136,2390
109,58187091453,5170
110,157695097858,2530
111,173262978233,5880
112,97972989104,4050
113,74692264729,6010
114,69507821930,4900
115,108017508026,6460
116,34928429213,4410
117,132761746070,6400
118,286019308273,61910
119,69628046295,4600
120,59836376865,4850
121,70224900033,4060
122,133138139165,6160
123,51927361837,3000
124,56063516410,3940
125,478682448110,6320
126,57396095504,4560
127,35683766338,5290
128,31331720285,3280
129,37759917399,3230
130,48671204785,2960
131,216152710189,10640
132,56525522922,2750
133,43006850178,5340
134,69662713596,3550
135,41875191917,4250
136,124490618468,27420
137,39278896598,3210
138,138727207728,2740
139,249361818746,8170
140,37759917399,3230
141,50358579906,4760
142,48671204785,2960
143,162459032449,13980
144,49095400557,5080
145,58151313278,4110
146,273586256216,64220
147,34928429213,4410
148,148536747020,2600
149,50680222059,3830
150,427316315872,18400
151,166175106988,15880
152,103095802801,7420
153,92368924892,3840
154,61932770470,5530
155,72156265108,8460
156,72427965831,5490
157,39960163184,3450
158,128689273795,10910
159,52568965718,4440
160,216790456251,9860
161,59202638988,5590
162,49095400557,5080
163,184015660793,30450
164,192830742984,6440
165,49832910692,3160
166,140680578534,10860
167,111521914495,2330
168,341877162365,19300
169,71658591160,4240
170,751862011419,11680
171,120146243156,8070
172,52991208825,3760
173,163078789682,5750
174,78796301481,4300
175,221372103128,33460
176,113863684539,4450
177,79234036590,4660
178,289084103617,7730
179,56365299115,3660
180,337915173131,10960
181,694739690928,12070
182,188838425971,9340
183,208525786759,27960
184,188968957059,9820
185,231524713649,14870
186,66579794922,5420
187,121572205380,4380
188,56325386554,2720
189,125787983940,6170
190,297784432965,1570
191,41845299825,3460
192,123244518935,6260
193,99174496147,5030
194,37242369872,4910
195,70549096834,5820
196,112138758276,8980
197,167126897716,5620
198,123123731928,6500
199,608757633652,11250
200,43410025018,3050
201,72156265108,8460
202,55834381640,3470
203,46826954611,4340
204,64573069011,5050
205,230056401537,10210
206,42669972375,3960
207,87399854890,4880
208,212558218498,8320
209,139673561457,8480
210,35365308901,5560
211,42459765095,5040
212,69507821930,4900
213,148476740889,10480
214,123888949663,6520
215,44426154578,3700
216,44308388564,3360
217,39589288358,5380
218,144096545965,7150
219,49132737420,3500
220,39502034293,5250
221,35683766338,5290
222,113550227329,218290
223,239293180895,65620
224,90954928597,3920
225,41496193655,5400
226,48671204785,2960
227,52568965718,4440
228,198480955392,36160
229,183138603533,26800
230,206454228948,7900
231,43006850178,5340
232,211485997849,26450
233,62105131488,3590
234,234305286942,7360
235,113693134239,2970
236,85014417227,5550
237,169499687994,7670
238,54259979971,3860
239,270334304605,21290
240,108438473134,4990
241,81949828141,3220
242,52991208825,3760
243,52450049725,3390
244,50680222059,3830
245,49132737420,3500
246,101829769019,2380
247,41875191917,4250
248,71863826354,3070
249,43235348158,167300
250,40049869432,4280
251,60031531513,3720
252,61106974689,4670
253,62847424879,5070
254,57184012087,3180
255,53758973284,2940
256,54391073658,3780
257,48164638484,4080
258,38762548412,5670
259,61396876122,78360
260,76400398549,5720
261,44441104361,3890
262,107088934168,2750
263,101468935056,70140
264,40442310673,3440
265,105029346841,6540
266,167126897716,5620
267,72012726933,4630
268,78729580798,3900
269,163230050045,6600
270,37090058388,4580
271,48997787218,5200
272,46815189634,5330
273,295408372291,13410
274,54391073658,3780
275,169941745399,8440
276,119563896886,6230
277,49030532764,2980
278,278557878279,12500
279,262608780524,7640
280,56525522922,2750
281,230056401537,10210
282,7769698426,88800
283,206454228948,7900
284,196878977446,16260
285,94306603045,5780
286,73712162701,5470
287,111521914495,2330
288,49095400557,5080
289,46681821030,4090
290,22198899786,85780
291,76862161844,4430
292,96781985021,4700
293,54803374689,3400
294,67693251450,5980
295,107581718610,5500
296,104632529601,5950
297,372919309404,56970
298,137153090785,161550
299,68768637085,2830
300,55436121205,4350
301,111186856893,4310
302,183419909834,25890
303,52424677325,3910
304,39976100644,3480
305,224330068072,7930
306,157695097858,2530
307,1936123607,143510
308,44007228311,82810
309,63986337977,5650
310,157695097858,2530
311,100908227200,6740
312,197291369624,2760
313,44723461853,4720
314,89547592454,4200
315,253273429202,9410
316,234193379240,22640
317,80513791324,3750
318,42459765095,5040
319,123244518935,6260
320,71295097279,3850
321,72735782572,7280
322,184806714721,5870
323,106963635602,2820
324,60937412465,3190
325,221752565144,7940
326,332351902044,25870
327,44331362981,5150
328,694843749099,1470
329,56063516410,3940
330,92560338375,6380
331,40247013055,3490
332,27031268048,2680
333,46681821030,4090
334,38628418084,4950
335,48542307772,3680
336,44214241400,3540
337,178070008240,153570
338,157129856938,10070
339,73080360870,5020
340,56192095619,5510
341,379347800907,20280
342,152419697063,4570
343,351790113723,11210
344,55597339573,4790
345,44441104361,3890
346,94626360995,3090
347,4809157790,111240
348,322744920220,19880
349,57309626448,5130
350,199603640676,23940
351,41875191917,4250
352,107550692689,74880
353,62614754498,6050
354,328235722218,11700
355,78353288336,2700
356,413868795142,14680
357,367279913795,11080
358,263011387161,6140
359,423833647402,13450
360,49487498414,3770
361,59345296969,2790
362,39444020760,3290
363,221362460136,10190
364,312940220516,21100
365,67916206423,4150
366,155663436231,7140
367,70248265541,4690
368,60014013542,4220
369,56192095619,5510
370,37759917399,3230
371,71863826354,3070
372,9271241905,132200
373,370701440258,8680
374,282535325528,13850
375,50358579906,4760
376,87623998030,3380
377,146988672959,8580
378,169941745399,8440
379,379602978769,6660
380,234728287709,8550
381,39502034293,5250
382,48164638484,4080
383,225500312451,10850
384,44214241400,3540
385,66116265419,4330
386,131514746189,8660
387,64548927963,4390
388,44501878956,4030
389,50680222059,3830
390,31331720285,3280
391,60403371325,4680
392,203863532221,11490
393,71179131262,5920
394,242398656220,20680
395,49132737420,3500
396,56325386554,2720
397,409310230469,8910
398,61621372998,5060
399,79959773280,3120
400,259664607119,10240
401,134081476500,4510
402,63157122362,5210
403,122858712505,6620
404,235907093397,52590
405,62847424879,5070
406,59345296969,2790
407,54855662849,3320
408,205750787154,57200
409,61202204413,4550
410,62421312736,4770
411,74972907974,24630
412,58187091453,5170
413,31512738421,5640
414,33459821908,3560
415,33459821908,3560
416,374385993080,6420
417,39964557033,3240
418,41888889513,3150
419,74821778911,3880
420,43962850292,3350
421,187061677743,16890
422,44711236345,3140
423,48619957181,395190
424,50358579906,4760
425,126852615488,2400
426,79389749634,3820
427,102844213108,6250
428,61314524802,4460
429,50733239599,5220
430,465489240969,7990
431,414918112744,8610
432,57326555905,3530
433,71339590294,5270
434,594442854506,1490
435,93579615426,2880
436,198660192594,42910
437,44886968628,3730
438,154915219504,2420
439,37242369872,4910
440,56063516410,3940
441,162417866276,10250
442,304224650031,9320
443,64548927963,4390
444,476273649304,7610
445,79234036590,4660
446,38673638115,5100
447,39502034293,5250
448,138727207728,2740
449,34175864704,395460
450,176482766923,207820
451,72733845602,5760
452,211134457034,13380
453,111993685475,2860
454,271533923114,21650
455,118915214350,2660
456,478682448110,6320
457,342602357162,9950
458,201341365415,9250
459,43978695032,3610
460,118366807014,2710
461,66116265419,4330
462,374385993080,6420
463,187754203195,8290
464,43978695032,3610
465,140862006406,9000
466,24993551061,277930
467,73481969970,5800
468,210619527436,6900
469,322273794542,11970
470,58187091453,5170
471,273978023734,7850
472,344738693371,12300
473,41278002443,5430
474,142946805746,5850
475,44886968628,3730
476,64573069011,5050
477,231524713649,14870
478,93042711018,51980
479,99484210136,3640
480,155712567402,151070
481,208566292367,156420
482,53129310715,3340
483,258663964726,7180
484,185236738618,4760
485,622177772672,14040
486,40609585278,3370
487,49487498414,3770
488,122517972207,6580
489,211938747740,205720
490,146781746045,2370
491,62629390771,2620
492,62400233732,3970
493,39964557033,3240
494,603286506015,10790
495,64548927963,4390
496,41102963262,3030
497,44588630890,3650
498,55115053131,205800
499,273978023734,7850
500,69507821930,4900
501,135040872545,8370
502,316383698989,18860
503,62847424879,5070
504,61314524802,4460
505,74821778911,3880
506,157596497887,7690
507,5799231245,139620
508,44308388564,3360
509,46135294695,3510
510,103717284479,4620
511,225960084261,22090
512,207346812359,18350
513,604871346516,14160
514,138727207728,2740
515,236105136492,11160
516,67916206423,4150
517,143310226781,9110
518,39502034293,5250
519,675991269738,13720
520,102875003181,5770
521,37242369872,4910
522,280737300409,63260
523,337210507431,11070
524,55597339573,4790
525,31512738421,5640
526,35683766338,5290
527,173057241049,6510
528,71041204846,5680
529,364571607502,16730
530,67189270531,4010
531,178843217109,7600
532,269090352786,8640
533,71339590294,5270
534,57184012087,3180
535,44441104361,3890
536,72254096280,4630
537,41875191917,4250
538,283458800385,22370
539,44441104361,3890
540,43962850292,3350
541,542413195104,13810
542,345324342729,10950
543,148476740889,10480
544,59906886300,3250
545,121384585044,7340
546,108017508026,6460
547,280188357217,10490
548,66751752883,4650
549,208430047868,15000
550,134081476500,4510
551,158165020170,7750
552,44914453557,3570
553,43410025018,3050
554,160139161063,9070
555,42867063696,3060
556,139406560484,48560
557,188792494370,11890
558,334056046711,12760
559,40049869432,4280
560,377092357984,7960
561,128689273795,10910
562,260872168255,11580
563,42033107304,3410
564,101064470524,2770
565,43410025018,3050
566,172749174310,7660
567,70248265541,4690
568,109037802286,6080
569,38673638115,5100
570,58187091453,5170
571,44678714287,3950
572,66903327582,3790
573,180440732869,7470
574,57309626448,5130
575,54803374689,3400
576,17062035243,332370
577,38325295167,3600
578,192465012012,6350
579,41522659705,293400
580,298933130217,12930
581,113467110855,6060
582,35365308901,5560
583,41888889513,3150
584,64548927963,4390
585,69032658831,5140
586,42711331390,3130
587,622896702662,10730
588,247644954289,14280
589,64935254382,5700
590,130643195079,14540
591,39976100644,3480
592,80655424437,5730
593,86807787037,5260
594,94389805553,183590
595,46615310310,171640
596,174706597264,37670
597,48164638484,4080
598,144327812127,8780
599,176903114219,9930
600,39976100644,3480
601,251582498766,7080
602,112588317158,3930
603,114496805836,6180
604,181054378056,2120
605,69662713596,3550
606,214478066087,10930
607,50680222059,3830
608,68138015740,5410
609,145375826796,14320
610,196810460652,8810
611,39278896598,3210
612,87617475526,2870
613,100424194687,2570
614,43015545690,5120
615,37759917399,3230
616,46815189634,5330
617,31331720285,3280
618,73703455868,5390
619,91366967054,4360
620,89547592454,4200
621,44308388564,3360
622,149719291695,17650
623,38361520544,3620
624,44723461853,4720
625,478668793466,16950
626,44501878956,4030
627,387030989955,16040
628,50684794067,2990
629,38762548412,5670
630,68768637085,2830
631,4696103298,141440
632,125787983940,6170
633,84691084964,4390
634,225678835076,2470
635,41727139071,3580
636,44723461853,4720
637,242851799009,9460
638,15478208700,100680
639,39964557033,3240
640,311067385096,7970
641,73218898359,2650
642,35291983200,4840
643,105110107517,4170
644,121572205380,4380
645,270633872734,7920
646,96387441444,4000
647,635500655437,1550
648,312421462147,20900
649,152224234336,5730
650,117673115747,6910
651,99174496147,5030
652,39960163184,3450
653,51927361837,3000
654,639402131188,10770
655,77219784916,4940
656,249051359397,2190
657,165182990000,55600
658,78797477222,5110
659,186109012703,12020
660,78663777515,6020
661,57396095504,4560
662,292391826443,6800
663,327372010169,11180
664,105306855438,2280
665,206443453368,175900
666,279055161683,18050
667,41102963262,3030
668,59345296969,2790
669,55834381640,3470
670,104106158575,4100
671,193810416507,7310
672,172482909577,28620
673,438981109654,7350
674,67189270531,4010
675,26585720200,91050
676,18389258208,82880
677,478544955776,8830
678,518408083220,14930
679,298644031355,20240
680,31512738421,5640
681,57309626448,5130
682,703716801596,12190
683,56063516410,3940
684,76400398549,5720
685,56063516410,3940
686,309590057599,8380
687,43962850292,3350
688,481082671574,2140
689,71808318207,5630
690,523123917776,10940
691,195770197910,7520
692,444235343829,16120
693,37090058388,4580
694,59305435946,5440
695,62421312736,4770
696,524257275788,12590
697,212715911670,2150
698,108438473134,4990
699,216152710189,10640
700,69114051298,5450
701,176903114219,9930
702,211547840300,15170
703,53274639499,3300
704,78353288336,2700
705,279621018979,9200
706,58187091453,5170
707,112412720024,56610
708,38762548412,5670
709,436280992009,15950
710,59906886300,3250
711,157022314136,2390
712,97972989104,4050
713,33459821908,3560
714,80756964033,40900
715,214331669351,11150
716,146988672959,8580
717,280188357217,10490
718,59906886300,3250
719,48671204785,2960
720,106267196201,4140
721,39444020760,3290
722,221797577709,7910
723,192464410622,6830
724,197941797883,31560
725,131514746189,8660
726,58328015590,3040
727,59819246394,4590
728,43410025018,3050
729,162955656294,8900
730,52490540124,4710
731,246701520937,21440
732,38361520544,3620
733,73218898359,2650
734,125775614378,57760
735,39502034293,5250
736,55597339573,4790
737,91487402708,4230
738,41278002443,5430
739,55597339573,4790
740,73218898359,2650
741,46681821030,4090
742,64922330801,5360
743,151253107371,6330
744,61275104961,3080
745,136859872532,6130
746,154541893200,17100
747,243380736873,11300
748,53129310715,3340
749,85121925764,4490
750,90954928597,3920
751,46815189634,5330
752,48164638484,4080
753,48542307772,3680
754,226712697861,6560
755,45987712493,3200
756,57396095504,4560
757,50680222059,3830
758,388803598977,8890
759,716560223064,10080
760,46826954611,4340
761,94306603045,5780
762,71339590294,5270
763,53982323034,5860
764,92840227134,4480
765,56063516410,3940
766,240417632607,8950
767,66790284943,5160
768,52424677325,3910
769,55597339573,4790
770,100950609187,4340
771,14746113244,103570
772,162376154811,8590
773,40725208957,3670
774,25463391409,349850
775,283333449037,12050
776,1589671511,137320
777,60525539370,5350
778,37090058388,4580
779,49132737420,3500
780,526564439857,13570
781,53274639499,3300
782,154915219504,2420
783,105671511650,4960
784,72212347609,5230
785,48542307772,3680
786,303925384686,12370
787,158165020170,7750
788,57309626448,5130
789,44546596436,3260
790,146667759029,8960
791,44758797884,3810
792,56989767256,4540
793,297911015288,10380
794,53758973284,2940
795,81601979491,6340
796,129054217697,5690
797,106602577570,4290
798,77480596215,4130
799,44012384960,3100
800,42669972375,3960
801,206454228948,7900
802,119563896886,6230
803,191892266592,10470
804,60636990897,5540
805,37242369872,4910
806,70263666551,5480
807,60031531513,3720
808,120146243156,8070
809,307844018956,34840
810,55597339573,4790
811,212558218498,8320
812,71339590294,5270
813,57184012087,3180
814,71041204846,5680
815,44505181226,3170
816,335265468746,2210
817,107248939469,7300
818,72254096280,4630
819,84691084964,4390
820,491468008998,12030
821,40727914137,5320
822,354581213536,8770
823,39964557033,3240
824,53982323034,5860
825,73115770595,4780
826,55597339573,4790
827,278500340216,153550
828,50440940657,4520
829,157795739564,56180
830,81601979491,6340
831,203201029597,6550
832,128689273795,10910
833,98178260895,2560
834,158561630124,7110
835,38628418084,4950
836,340856031136,11920
837,277630466570,18340
838,121360307366,9600
839,664501969166,1730
840,141295814320,8430
841,35589515867,3330
842,69507821930,4900
843,138387940284,256570
844,44546596436,3260
845,263765018487,8840
846,167247218193,7480
847,117589257983,217000
848,41727139071,3580
849,94306603045,5780
850,122858712505,6620
851,43410025018,3050
852,52991208825,3760
853,408929366706,9960
854,292361661333,14490
855,55003687818,3870
856,126906553898,2590
857,401818521978,9090
858,49832910692,3160
859,45123546813,3420
860,266915403688,41130
861,51927361837,3000
862,47722137074,5000
863,105029346841,6540
864,254109166592,15290
865,44441104361,3890
866,63932507070,4820
867,33459821908,3560
868,41845299825,3460
869,57326555905,3530
870,174292193688,7120
871,73703455868,5390
872,31331720285,3280
873,82448236073,1440
874,1037275183701,37080
875,41489095285,2950
876,69114051298,5450
877,42867063696,3060
878,154629434809,8790
879,252428983452,32050
880,242861578648,8600
881,357121078468,19990
882,85014417227,5550
883,197572406144,8710
884,39964557033,3240
885,181054378056,2120
886,40725208957,3670
887,55427408585,3430
888,38519266997,5710
889,356057245853,7560
890,64922330801,5360
891,68528860268,5370
892,145327523336,6290
893,44914453557,3570
894,72427965831,5490
895,39964557033,3240
896,79412043854,5180
897,193590861394,16440
898,208269371313,6960
899,60636990897,5540
900,104106158575,4100
901,56989767256,4540
902,46826954611,4340
903,54391073658,3780
904,42033107304,3410
905,112621768099,57370
906,90954928597,3920
907,192830742984,6440
908,41102963262,3030
909,54391073658,3780
910,48671204785,2960
911,39278896598,3210
912,210386644163,39740
913,106267196201,4140
914,568300580492,14700
915,56192095619,5510
916,35683766338,5290
917,286537887103,21970
918,67535193286,3310
919,258337864881,13670
920,289814655788,64900
921,99806852970,6200
922,38325295167,3600
923,752806057650,6280
924,67759889868,4750
925,240417632607,8950
926,19513301115,83540
927,294523798977,9920
928,73703455868,5390
929,59305435946,5440
930,44012384960,3100
931,96387441444,4000
932,44214241400,3540
933,41489095285,2950
934,70549096834,5820
935,121223657454,6090
936,69628046295,4600
937,388803598977,8890
938,61106974689,4670
939,71041204846,5680
940,42138226527,3710
941,201427985036,11800
942,5094184846,144980
943,163230050045,6600
944,60656389499,5960
945,39976100644,3480
946,121502376905,5900
947,78392991208,2690
948,190127106379,15780
949,40049869432,4280
950,56525522922,2750
951,50471525133,6440
952,104640018869,5990
953,59906886300,3250
954,57184012087,3180
955,47879504506,4470
956,142946805746,5850
957,263442229370,2510
958,44331362981,5150
959,46815189634,5330
960,318869448912,14110
961,41278002443,5430
962,301340653740,2520
963,224226758381,10130
964,80515314427,5280
965,56365299115,3660
966,98257810648,6480
967,638971893316,10170
968,59202638988,5590
969,173724713371,6870
970,42459765095,5040
971,50680222059,3830
972,49095400557,5080
973,43006850178,5340
974,67971243847,4800
975,37154893174,85690
976,57396095504,4560
977,64088856400,5460
978,179589286556,49960
979,59819246394,4590
980,208378435337,6680
981,782885154060,8470
982,42867063696,3060
983,89153924270,4190
984,62522524532,321970
985,123123731928,6500
986,170816639595,172220
987,72733845602,5760
988,9070357058,91800
989,58356265130,4870
990,81601979491,6340
991,262768800227,50710
992,50305279611,4930
993,60656389499,5960
994,61202204413,4550
995,40247013055,3490
996,33459821908,3560
997,64520716596,5660
998,100942482865,4120
999,41496193655,5400
1000,382404681463,8530
1001,143756005940,5930
1002,44635693041,4530
1003,64548927963,4390
1004,57326555905,3530
1005,46815189634,5330
1006,50440940657,4520
1007,43978695032,3610
1008,56325386554,2720
1009,143217631444,5110
1010,52450049725,3390
1011,188571229460,12700
1012,41496193655,5400
1013,223038355450,9430
1014,45987712493,3200
1015,49832910692,3160
1016,83616176106,5190
1017,43015545690,5120
1018,198448668542,8940
1019,71690359776,4640
1020,40609585278,3370
1021,114390574701,224990
1022,43410025018,3050
1023,44331362981,5150
1024,46135294695,3510
1025,96387441444,4000
1026,101753814949,5570
1027,39278896598,3210
1028,791084542108,9870
1029,407618511831,18310
1030,43015545690,5120
1031,87623998030,3380
1032,141480784054,40010
1033,41496193655,5400
1034,82361416219,201230
1035,185174738589,25310
1036,215809139926,9220
1037,130271533078,7020
1038,48241092551,3890
1039,372546809050,10840
1040,69507821930,4900
1041,563765704559,11130
1042,44331362981,5150
1043,193810416507,7310
1044,41727139071,3580
1045,66245784000,3980
1046,101064470524,2770
1047,266403937442,13640
1048,121223657454,6090
1049,148389069250,8720
1050,1233662005789,1630
1051,58151313278,4110
1052,67189270531,4010
1053,52568965718,4440
1054,342880194282,13550
1055,279621018979,9200
1056,221185133972,177980
1057,256760222526,9480
1058,40442310673,3440
1059,300892186251,19010
1060,69662713596,3550
1061,217090195863,12000
1062,102875003181,5770
1063,204375771357,203330
1064,43410025018,3050
1065,223842296183,11030
1066,38361520544,3620
1067,9083440186,130900
1068,306881033473,12470
1069,70549096834,5820
1070,60937412465,3190
1071,352631671562,1770
1072,230497724669,32910
1073,405894930988,45030
1074,783120769101,9390
1075,150042439534,8060
1076,327372010169,11180
1077,31512738421,5640
1078,188968957059,9820
1079,261850467369,2730
1080,7809825044,120280
1081,44758797884,3810
1082,122366537776,6270
1083,77995161714,5830
1084,162076071163,13860
1085,448253934803,69540
1086,250542354921,8920
1087,42669972375,3960
1088,34928429213,4410
1089,101763896714,260890
1090,56365299115,3660
1091,53982323034,5860
1092,96387441444,4000
1093,872934060859,9560
1094,54803374689,3400
1095,317976196368,2480
1096,60937412465,3190
1097,565326906744,10780
1098,193719669647,10540
1099,37090058388,4580
1100,154915219504,2420
1101,29445480762,384150
1102,298322870177,7320
1103,40247013055,3490
1104,331741900053,9450
1105,35683766338,5290
1106,60636990897,5540
1107,62331912733,4610
1108,239369483753,9490
1109,432596628395,8600
1110,43006850178,5340
1111,44588630890,3650
1112,52328756672,305300
1113,40442310673,3440
1114,54803374689,3400
1115,134563679354,6360
1116,260507697179,7800
1117,196224831917,13050
1118,350875709069,21620
1119,58356265130,4870
1120,70224900033,4060
1121,140690214236,5010
1122,471502880939,14820
1123,57309626448,5130
1124,101753814949,5570
1125,42669972375,3960
1126,117440079117,5910
1127,40049869432,4280
1128,117440079117,5910
1129,99484210136,3640
1130,46135294695,3510
1131,138780996045,8160
1132,107581718610,5500
1133,681729498770,1590
1134,93352806375,4970
1135,176987076512,11140
1136,76158550940,6820
1137,39444020760,3290
1138,262009465331,10680
1139,120919539078,9450
1140,240073059148,23290
1141,63157122362,5210
1142,74821778911,3880
1143,48671204785,2960
1144,324514719790,9730
1145,120099373112,4270
1146,134081476500,4510
1147,164868595718,6100
1148,129054217697,5690
1149,33459821908,3560
1150,44711236345,3140
1151,93590414724,165050
1152,45123546813,3420
1153,72211834598,193630
1154,73218898359,2650
1155,142306696496,2340
1156,173128577195,11880
1157,188571229460,12700
1158,78797477222,5110
1159,80515314427,5280
1160,44758797884,3810
1161,140680578534,10860
1162,77219784916,4940
1163,40442310673,3440
1164,64573069011,5050
1165,100381867406,2270
1166,35365308901,5560
1167,96781985021,4700
1168,176987076512,11140
1169,103184848284,2900
1170,182824802713,26930
1171,52991208825,3760
1172,79775698042,5580
1173,56959432972,3990
1174,135276045016,6150
1175,48997787218,5200
1176,251582498766,7080
1177,1128369584160,1660
1178,38519266997,5710
1179,111363469437,4320
1180,46815189634,5330
1181,385954766889,11460
1182,215228346655,34250
1183,254653314669,12420
1184,18055484046,95270
1185,61953288117,2930
1186,33356323012,83240
1187,39976100644,3480
1188,163151615371,8190
1189,558709716142,13130
1190,618951407047,37150
1191,653537743622,1520
1192,49048306724,4070
1193,62629390771,2620
1194,446731975042,2020
1195,66579794922,5420
1196,39444020760,3290
1197,67759889868,4750
1198,82097806299,4420
1199,724661150354,11750
1200,151794562348,2800
1201,162417866276,10250
1202,67759889868,4750
1203,795301615931,8410
1204,352631671562,1770
1205,240990861466,25130
1206,148389069250,8720
1207,393099223339,19680
1208,48542307772,3680
1209,188838425971,9340
1210,64548927963,4390
1211,164291690742,20500
1212,424716263467,6920
1213,70600676304,4840
1214,1076187893302,1980
1215,128689273795,10910
1216,65861441888,4980
1217,429028295185,15590
1218,344108727453,59700
1219,459858372024,1840
1220,260507697179,7800
1221,41496193655,5400
1222,265730876404,7070
1223,180440732869,7470
1224,42711331390,3130
1225,389411121915,14720
1226,63986337977,5650
1227,74599209153,5240
1228,87399854890,4880
1229,276982360791,6150
1230,39964557033,3240
1231,72212347609,5230
1232,120099373112,4270
1233,46842044621,3270
1234,48671204785,2960
1235,280542742512,7770
1236,301996480484,9680
1237,239774682808,6890
1238,57393570495,3690
1239,516070852063,12380
1240,126828773866,34300
1241,99484210136,3640
1242,102875003181,5770
1243,87480906438,4170
1244,42138226527,3710
1245,58151313278,4110
1246,275505793838,9170
1247,79959773280,3120
1248,163151615371,8190
1249,142304991799,7840
1250,39960163184,3450
1251,78729580798,3900
1252,30894082352,87570
1253,38361520544,3620
1254,467848394735,12900
1255,202537562062,43740
1256,35589515867,3330
1257,223842296183,11030
1258,67971243847,4800
1259,58356265130,4870
1260,184610784762,209130
1261,43015545690,5120
1262,357788510376,8280
1263,91487402708,4230
1264,239774682808,6890
1265,35206889398,84240
1266,42138226527,3710
1267,37242369872,4910
1268,60656389499,5960
1269,219578731125,34760
1270,242536520115,52370
1271,99484210136,3640
1272,86868540787,6770
1273,50358579906,4760
1274,79412043854,5180
1275,79234036590,4660
1276,128366376432,6730
1277,60403371325,4680
1278,33459821908,3560
1279,67535193286,3310
1280,55003687818,3870
1281,40049869432,4280
1282,395228659531,10830
1283,42033107304,3410
1284,60937412465,3190
1285,145723290713,51470
1286,128366376432,6730
1287,289084103617,7730
1288,424286007034,6980
1289,50680222059,3830
1290,93989208155,6390
1291,335138710790,2300
1292,130643195079,14540
1293,229608580669,6950
1294,247115868774,7760
1295,77480596215,4130
1296,193641611460,14470
1297,428584886979,37310
1298,40725208957,3670
1299,48997787218,5200
1300,208158841242,7580
1301,133138139165,6160
1302,439481696230,45310
1303,67535193286,3310
1304,59836376865,4850
1305,298122344852,11950
1306,39964557033,3240
1307,103095802801,7420
1308,82374146749,5520
1309,90954928597,3920
1310,114272620474,6130
1311,58356265130,4870
1312,230686814015,10090
1313,79775698042,5580
1314,44635693041,4530
1315,55834381640,3470
1316,49487498414,3770
1317,84785191840,319130
1318,3907938583,138140
1319,105110107517,4170
1320,393677593396,16470
1321,26546239985,279750
1322,38325295167,3600
1323,207142374025,6850
1324,71485078617,292810
1325,61621372998,5060
1326,47879504506,4470
1327,55834381640,3470
1328,171073472106,11780
1329,44501878956,4030
1330,59305435946,5440
1331,55436121205,4350
1332,244368472357,68770
1333,382925852835,8880
1334,10212249715,114250
1335,304802543114,2030
1336,47722137074,5000
1337,42033107304,3410
1338,169750614067,7740
1339,91819180484,5840
1340,44678714287,3950
1341,93352806375,4970
1342,44214241400,3540
1343,92363657421,6490
1344,45123546813,3420
1345,37960030967,174610
1346,53982323034,5860
1347,58151313278,4110
1348,39976100644,3480
1349,64922330801,5360
1350,14947348256,106250
1351,100900222243,189480
1352,57184012087,3180
1353,76862161844,4430
1354,24790403186,90690
1355,121502376905,5900
1356,42867063696,3060
1357,133001207777,7410
1358,121384585044,7340
1359,40442310673,3440
1360,41845299825,3460
1361,38519266997,5710
1362,44426154578,3700
1363,35683766338,5290
1364,381268137248,10150
1365,79959773280,3120
1366,64088856400,5460
1367,265882399615,42320
1368,78797477222,5110
1369,81601979491,6340
1370,916900556241,1990
1371,44635693041,4530
1372,69628046295,4600
1373,141295814320,8430
1374,44711236345,3140
1375,101753814949,5570
1376,152128857565,2810
1377,27722377723,87020
1378,46681821030,4090
1379,80513791324,3750
1380,41888889513,3150
1381,72735782572,7280
1382,78797477222,5110
1383,44546596436,3260
1384,49132737420,3500
1385,162553719445,7700
1386,72955920957,283000
1387,29214603953,390890
1388,63932507070,4820
1389,91682209565,206520
1390,792093251549,11910
1391,313900292703,11450
1392,44711236345,3140
1393,342421829627,10320
1394,134081476500,4510
1395,69628046295,4600
1396,611635770411,13120
1397,35923493099,3390
1398,285761051718,9270
1399,37759917399,3230
1400,166376345083,6310
1401,11770086732,109140
1402,46135294695,3510
1403,53982323034,5860
1404,337915173131,10960
1405,40442310673,3440
1406,86285612256,5890
1407,189285162132,6610
1408,80515314427,5280
1409,93989208155,6390
1410,69892608878,4830
1411,49487498414,3770
1412,60656389499,5960
1413,227508621471,10110
1414,223163180172,2460
1415,41489095285,2950
1416,57309626448,5130
1417,186404104726,169930
1418,49030532764,2980
1419,66579794922,5420
1420,72254096280,4630
1421,94859365696,3800
1422,214534930362,2100
1423,46842044621,3270
1424,49132737420,3500
1425,190127106379,15780
1426,118915214350,2660
1427,215809139926,9220
1428,73115770595,4780
1429,41102963262,3030
1430,196224831917,13050
1431,201008209891,8860
1432,70224900033,4060
1433,122858712505,6620
1434,61275104961,3080
1435,247115868774,7760
1436,41727139071,3580
1437,483618842314,2000
1438,206357844370,8990
1439,87399854890,4880
1440,44758797884,3810
1441,30659688193,85160
1442,37241697288,3270
1443,38673638115,5100
1444,99174496147,5030
1445,162955656294,8900
1446,511014887800,14910
1447,235240970223,23130
1448,60403371325,4680
1449,62847424879,5070
1450,90954928597,3920
1451,123351717759,6370
1452,40727914137,5320
1453,69892608878,4830
1454,754544807735,12320
1455,69032658831,5140
1456,116663254071,2920
1457,63932507070,4820
1458,799489354780,11560
1459,48474886347,3010
1460,215941772128,34500
1461,62847424879,5070
1462,178297502209,9240
1463,48474886347,3010
1464,69662713596,3550
1465,48474886347,3010
1466,39278896598,3210
1467,67916206423,4150
1468,71808318207,5630
1469,283333449037,12050
1470,93579615426,2880
1471,265062415755,10050
1472,54889956850,3520
1473,444941993986,9370
1474,221362460136,10190
1475,221752565144,7940
1476,334461738158,18560
1477,87617475526,2870
1478,154964306419,5080
1479,55834381640,3470
1480,50733239599,5220
1481,46681821030,4090
1482,56325386554,2720
1483,59543581319,4020
1484,167126897716,5620
1485,43006850178,5340
1486,126906553898,2590
1487,73115770595,4780
1488,400262449677,7720
1489,103095802801,7420
1490,51927361837,3000
1491,171990063852,8050
1492,73080360870,5020
1493,387084755994,16460
1494,63932507070,4820
1495,50440940657,4520
1496,41888889513,3150
1497,169287133430,63040
1498,111186856893,4310
1499,40609585278,3370
1500,190657888135,26960
1501,66116265419,4330
1502,66245784000,3980
1503,386807252436,8130
1504,42711331390,3130
1505,148476740889,10480
1506,92742765964,42430
1507,165417291404,7210
1508,60525539370,5350
1509,75978680279,4370
1510,12777175953,91080
1511,78663777515,6020
1512,42459765095,5040
1513,226712697861,6560
1514,120146243156,8070
1515,39976100644,3480
1516,192830742984,6440
1517,94626360995,3090
1518,55003687818,3870
1519,328670465327,8730
1520,40049869432,4280
1521,75978680279,4370
1522,76862161844,4430
1523,162553719445,7700
1524,44214241400,3540
1525,721618464682,12610
1526,17207425092,100450
1527,148720690606,3280
1528,44331362981,5150
1529,144327812127,8780
1530,282151079761,7860
1531,222135694274,6690
1532,98257810648,6480
1533,142098908291,4740
1534,215349311248,9060
1535,118375475721,2670
1536,194114706996,48000
1537,40609585278,3370
1538,40247013055,3490
1539,215876527534,58830
1540,136869901684,8330
1541,64922330801,5360
1542,94319260232,249320
1543,44678714287,3950
1544,100942482865,4120
1545,136869901684,8330
1546,45123546813,3420
1547,60294926950,4400
1548,189285162132,6610
1549,38762548412,5670
1550,75978680279,4370
1551,98257810648,6480
1552,72733845602,5760
1553,91366967054,4360
1554,377848986269,16150
1555,173724713371,6870
1556,39589288358,5380
1557,166279823967,6240
1558,106963635602,2820
1559,917654136071,8490
1560,80515314427,5280
1561,50680222059,3830
1562,321309966173,2230
1563,56352835218,380310
1564,223742578359,31830
1565,149719291695,17650
1566,57309626448,5130
1567,167493159072,7240
1568,174806401663,234280
1569,46826954611,4340
1570,209617962976,8210
1571,80513791324,3750
1572,81017657728,4780
1573,187465349097,65250
1574,35589515867,3330
1575,44426154578,3700
1576,202588860687,2320
1577,79959773280,3120
1578,38325295167,3600
1579,59836376865,4850
1580,43015545690,5120
1581,531384836092,10440
1582,37090058388,4580
1583,55427408585,3430
1584,184806714721,5870
1585,58356265130,4870
1586,125562129437,6880
1587,61932770470,5530
1588,254653314669,12420
1589,55427408585,3430
1590,163230050045,6600
1591,38628418084,4950
1592,142098908291,4740
1593,285761051718,9270
1594,44331362981,5150
1595,55834381640,3470
1596,178915076981,12220
1597,48671204785,2960
1598,24671400155,393650
1599,263808062236,6790
1600,242229670486,9610
1601,54259979971,3860
1602,102875003181,5770
1603,59543581319,4020
1604,89153924270,4190
1605,197572406144,8710
1606,48542307772,3680
1607,62629390771,2620
1608,106267196201,4140
1609,63755051142,2840
1610,64548927963,4390
1611,38628418084,4950
1612,152814363662,24010
1613,38519266997,5710
1614,62331912733,4610
1615,39976100644,3480
1616,122016909039,207620
1617,38361520544,3620
1618,54803374689,3400
1619,328451108837,10800
1620,50440940657,4520
1621,44308388564,3360
1622,62331912733,4610
1623,48164638484,4080
1624,148389069250,8720
1625,121502376905,5900
1626,98800570275,2260
1627,39278896598,3210
1628,251039558225,26430
1629,77480596215,4130
1630,25883317563,90240
1631,28940652065,86010
1632,41845299825,3460
1633,193837754302,43740
1634,69114051298,5450
1635,146781746045,2370
1636,157230823155,30160
1637,102844213108,6250
1638,187061677743,16890
1639,44914453557,3570
1640,44588630890,3650
1641,63986337977,5650
1642,57309626448,5130
1643,492585848125,8570
1644,559846957430,22580
1645,41489095285,2950
1646,148536747020,2600
1647,148821964209,6670
1648,387709641601,69640
1649,218821285543,9760
1650,443664522960,16200
1651,101753814949,5570
1652,93989208155,6390
1653,74692264729,6010
1654,292391826443,6800
1655,517850573711,6430
1656,79389749634,3820
1657,53324382536,5300
1658,52991208825,3760
1659,403809187984,7710
1660,37090058388,4580
1661,94626360995,3090
1662,60362619117,4730
1663,52987788391,4810
1664,86285612256,5890
1665,74692264729,6010
1666,44635693041,4530
1667,58187091453,5170
1668,280188357217,10490
1669,56192095619,5510
1670,280125285660,25770
1671,104106158575,4100
1672,286165565132,9550
1673,73218898359,2650
1674,39964557033,3240
1675,274664828477,11120
1676,139414363378,6810
1677,44308388564,3360
1678,273512851682,7090
1679,49030532764,2980
1680,123351717759,6370
1681,79881743921,4160
1682,274664828477,11120
1683,278107269596,15390
1684,39964557033,3240
1685,39964557033,3240
1686,102875003181,5770
1687,148536747020,2600
1688,69662713596,3550
1689,50733239599,5220
1690,46826954611,4340
1691,46842044621,3270
1692,52396607790,370740
1693,148896098628,2640
1694,133001207777,7410
1695,297683700868,19270
1696,46135294695,3510
1697,73703455868,5390
1698,85014417227,5550
1699,42138226527,3710
1700,116663254071,2920
1701,565332360057,14920
1702,92560338375,6380
1703,43015545690,5120
1704,107581718610,5500
1705,77480596215,4130
1706,70922189079,182730
1707,53324382536,5300
1708,57393570495,3690
1709,63986337977,5650
1710,72733845602,5760
1711,67971243847,4800
1712,404628343351,7250
1713,392786332926,8360
1714,87623998030,3380
1715,105869182429,311380
1716,123244518935,6260
1717,102875003181,5770
1718,39502034293,5250
1719,55427408585,3430
1720,46826954611,4340
1721,62331912733,4610
1722,144096545965,7150
1723,46826954611,4340
1724,102844213108,6250
1725,390218350317,7230
1726,421801613778,15270
1727,66116265419,4330
1728,53274639499,3300
1729,108017508026,6460
1730,202771657907,9300
1731,614864032697,13140
1732,221816583981,6750
1733,44527199459,3740
1734,298322870177,7320
1735,54391073658,3780
1736,223163180172,2460
1737,243476917699,12720
1738,56365299115,3660
1739,57393570495,3690
1740,260872168255,11580
1741,464902699369,7220
1742,36593821632,4000
1743,41102963262,3030
1744,33459821908,3560
1745,78392991208,2690
1746,53274639499,3300
1747,276982360791,6150
1748,45987712493,3200
1749,73712162701,5470
1750,40727914137,5320
1751,109200931885,6410
1752,57396095504,4560
1753,158666663038,44460
1754,395379711082,2070
1755,308169206287,2290
1756,109887181999,8040
1757,80513791324,3750
1758,85014417227,5550
1759,72735782572,7280
1760,37759917399,3230
1761,81949828141,3220
1762,44501878956,4030
1763,166919672276,15720
1764,482555680241,1530
1765,57184012087,3180
1766,66903327582,3790
1767,216607624534,27560
1768,64573069011,5050
1769,121572205380,4380
1770,49978253537,3260
1771,41496193655,5400
1772,92465120485,5610
1773,99727495023,3010
1774,46681821030,4090
1775,39444020760,3290
1776,38519266997,5710
1777,67916206423,4150
1778,111521914495,2330
1779,77480596215,4130
1780,60031531513,3720
1781,129054217697,5690
1782,43015545690,5120
1783,58151313278,4110
1784,379602978769,6660
1785,52450049725,3390
1786,35683766338,5290
1787,158165020170,7750
1788,954099099654,9830
1789,72982404985,4500
1790,50680222059,3830
1791,694843749099,1470
1792,146667759029,8960
1793,122582392092,42990
1794,40831383221,5790
1795,194757811971,28540
1796,113467110855,6060
1797,64088856400,5460
1798,54803374689,3400
1799,148536747020,2600
1800,49132737420,3500
1801,56325386554,2720
1802,56365299115,3660
1803,151794562348,2800
1804,139040762232,25920
1805,87399854890,4880
1806,157596497887,7690
1807,92363657421,6490
1808,166279823967,6240
1809,107581718610,5500
1810,158112089118,224860
1811,38679427875,385280
1812,192465012012,6350
1813,62331912733,4610
1814,43410025018,3050
1815,57393570495,3690
1816,71295097279,3850
1817,182387037216,7360
1818,68528860268,5370
1819,144036727758,7430
1820,40049869432,4280
1821,54259979971,3860
1822,42867063696,3060
1823,698890707194,8870
1824,241077322498,10690
1825,37090058388,4580
1826,12662035800,99160
1827,286537637588,7670
1828,48997787218,5200
1829,321154230839,46890
1830,59305435946,5440
1831,72254096280,4630
1832,176903114219,9930
1833,43006850178,5340
1834,244998683754,2780
1835,8421969213,131640
1836,76158550940,6820
1837,67759889868,4750
1838,37242369872,4910
1839,68138015740,5410
1840,257795085990,69550
1841,42138226527,3710
1842,959625216428,7100
1843,53274639499,3300
1844,170367811342,33220
1845,724517352046,1610
1846,44723461853,4720
1847,81100812440,5090
1848,73083370027,2850
1849,187369058323,10140
1850,163151615371,8190
1851,333605068311,10060
1852,149215486069,4230
1853,468507415949,13030
1854,312410603588,10710
1855,262117443184,13190
1856,50684794067,2990
1857,73481969970,5800
1858,104632529601,5950
1859,321309966173,2230
1860,53129310715,3340
1861,3594063668,108440
1862,66579794922,5420
1863,44426154578,3700
1864,370726769861,17690
1865,170048687649,48740
1866,825720029497,8520
1867,78729580798,3900
1868,42711331390,3130
1869,395228659531,10830
1870,96781985021,4700
1871,44588630890,3650
1872,93004003659,5810
1873,52991208825,3760
1874,59305435946,5440
1875,155630804167,7680
1876,126852615488,2400
1877,52089249199,308580
1878,123123731928,6500
1879,265474591824,9050
1880,42711331390,3130
1881,78796301481,4300
1882,194544107056,7050
1883,766284564167,9310
1884,35589515867,3330
1885,37242369872,4910
1886,243504324236,21550
1887,39589288358,5380
1888,66751752883,4650
1889,72982404985,4500
1890,160322588354,34950
1891,465818440442,6760
1892,445614621632,16400
1893,132229531359,4210
1894,53274639499,3300
1895,69032658831,5140
1896,170865346087,231490
1897,246255837285,8820
1898,100942482865,4120
1899,154053597762,31530
1900,225427886123,27690
1901,59836376865,4850
1902,69628046295,4600
1903,171364204110,8240
1904,301081895305,11060
1905,52424677325,3910
1906,9790198887,115830
1907,187754203195,8290
1908,157628298394,6450
1909,415912634371,18290
1910,59836376865,4850
1911,48474886347,3010
1912,54855662849,3320
1913,66245784000,3980
1914,276878251259,11630
1915,56989767256,4540
1916,44426154578,3700
1917,56713474324,5330
1918,41489095285,2950
1919,34928429213,4410
1920,105110107517,4170
1921,62690070165,4960
1922,146374043222,8560
1923,59906886300,3250
1924,94626360995,3090
1925,87617475526,2870
1926,62629390771,2620
1927,84625007828,6120
1928,49048306724,4070
1929,76400398549,5720
1930,133138139165,6160
1931,133001207777,7410
1932,48164638484,4080
1933,56365299115,3660
1934,44886968628,3730
1935,227508621471,10110
1936,126852615488,2400
1937,298800245831,13110
1938,44588630890,3650
1939,80515314427,5280
1940,70263666551,5480
1941,106396433370,3460
1942,112047217769,4860
1943,42669972375,3960
1944,61106974689,4670
1945,231515794717,11400
1946,40831383221,5790
1947,108518153361,23170
1948,57309626448,5130
1949,42867063696,3060
1950,41496193655,5400
1951,181590649910,19020
1952,50733239599,5220
1953,39964557033,3240
1954,78969025151,304250
1955,76137466736,176260
1956,54889956850,3520
1957,188792494370,11890
1958,38519266997,5710
1959,67535193286,3310
1960,102844213108,6250
1961,62847424879,5070
1962,1223227489664,1970
1963,73481969970,5800
1964,41888889513,3150
1965,39960163184,3450
1966,235048592815,7950
1967,109095077445,5970
1968,91819180484,5840
1969,66245784000,3980
1970,52490540124,4710
1971,149719291695,17650
1972,216790456251,9860
1973,289667983474,6040
1974,89547592454,4200
1975,716407100096,9690
1976,160824242439,230060
1977,56502388417,3630
1978,226601421922,70120
1979,181770130346,32410
1980,38361520544,3620
1981,552285291472,12120
1982,212558218498,8320
1983,49048306724,4070
1984,105306855438,2280
1985,105306855438,2280
1986,45158432767,312100
1987,93352806375,4970
1988,339406698993,2450
1989,62614754498,6050
1990,100814450844,307160
1991,44886968628,3730
1992,259105401258,69960
1993,55834381640,3470
1994,79865853188,4890
1995,67693251450,5980
1996,50733239599,5220
1997,59836376865,4850
1998,328235722218,11700
1999,24999353622,85370
2000,359245639410,9280
2001,354585345867,8300
2002,157596497887,7690
2003,134563679354,6360
2004,346412064765,11760
2005,163078789682,5750
2006,34928429213,4410
2007,87617475526,2870
2008,656500915579,12570
2009,60656389499,5960
2010,144327812127,8780
2011,54391073658,3780
2012,308527073232,8090
2013,71339590294,5270
2014,656378220792,15250
2015,585254417734,18510
2016,158165020170,7750
2017,60403371325,4680
2018,31512738421,5640
2019,144327812127,8780
2020,53129310715,3340
2021,234305286942,7360
2022,46842044621,3270
2023,40247013055,3490
2024,106963635602,2820
2025,106602577570,4290
2026,163230050045,6600
2027,192628207768,26440
2028,491379705706,1750
2029,44527199459,3740
2030,109095077445,5970
2031,72982404985,4500
2032,70224900033,4060
2033,123173430924,260950
2034,77995161714,5830
2035,55545011540,2890
2036,112047217769,4860
2037,200522324019,43200
2038,48997787218,5200
2039,51118059333,3110
2040,43410025018,3050
2041,48542307772,3680
2042,60525539370,5350
2043,54855662849,3320
2044,93989208155,6390
2045,55427408585,3430
2046,92368924892,3840
2047,109200931885,6410
2048,114496805836,6180
2049,72212347609,5230
2050,48542307772,3680
2051,419193618644,1930
2052,154650369597,39890
2053,35923493099,3390
2054,105935791578,5940
2055,504029641971,15300
2056,262352103648,9800
2057,109095077445,5970
2058,67971243847,4800
2059,123123731928,6500
2060,39444020760,3290
2061,108438473134,4990
2062,188354195088,12140
2063,92363657421,6490
2064,66579794922,5420
2065,44308388564,3360
2066,72427965831,5490
2067,79959773280,3120
2068,39976100644,3480
2069,39444020760,3290
2070,151253107371,6330
2071,57326555905,3530
2072,56502388417,3630
2073,221752565144,7940
2074,60294926950,4400
2075,71339590294,5270
2076,79959773280,3120
2077,59345296969,2790
2078,4778699989,132800
2079,40442310673,3440
2080,43006850178,5340
2081,271024948439,12360
2082,167493159072,7240
2083,59345296969,2790
2084,61202204413,4550
2085,287055516375,55950
2086,279213338597,20810
2087,76862161844,4430
2088,105935791578,5940
2089,41888889513,3150
2090,56325386554,2720
2091,130680090399,5460
2092,231990493339,59260
2093,660470838646,10040
2094,75978680279,4370
2095,191355225323,8340
2096,128366376432,6730
2097,56502388417,3630
2098,62421312736,4770
2099,44546596436,3260
2100,37090058388,4580
2101,38325295167,3600
2102,79412043854,5180
2103,44331362981,5150
2104,349094297485,1860
2105,312410603588,10710
2106,40725208957,3670
2107,42711331390,3130
2108,133138139165,6160
2109,132761746070,6400
2110,160139161063,9070
2111,105306855438,2280
2112,52568965718,4440
2113,38325295167,3600
2114,276317283125,9940
2115,39278896598,3210
2116,197775495192,17360
2117,82640256912,2910
2118,570009028062,12350
2119,39502034293,5250
2120,114728957027,6030
2121,79412043854,5180
2122,715715901544,10550
2123,50305279611,4930
2124,159107602128,13630
2125,42711331390,3130
2126,92363657421,6490
2127,69892608878,4830
2128,395227206211,9880
2129,55003687818,3870
2130,67971243847,4800
2131,185821078806,198900
2132,71690359776,4640
2133,126852615488,2400
2134,405112747269,9740
2135,121360307366,9600
2136,51118059333,3110
2137,106267196201,4140
2138,78796301481,4300
2139,39964557033,3240
2140,184083715607,18520
2141,94859365696,3800
2142,236689729551,29670
2143,121223657454,6090
2144,171364204110,8240
2145,7432035234,134730
2146,40684553024,79450
2147,96347272707,6070
2148,342421829627,10320
2149,55834381640,3470
2150,59819246394,4590
2151,82185116436,268920
2152,132177583042,6220
2153,39444020760,3290
2154,54889956850,3520
2155,72735782572,7280
2156,39278896598,3210
2157,106963635602,2820
2158,51927361837,3000
2159,46842044621,3270
2160,59543581319,4020
2161,70224900033,4060
2162,87623998030,3380
2163,193810416507,7310
2164,681300277058,10410
2165,55834381640,3470
2166,50305279611,4930
2167,45987712493,3200
2168,114728957027,6030
2169,151253107371,6330
2170,62629390771,2620
2171,185308172301,29480
2172,114645300580,57070
2173,162376154811,8590
2174,142098908291,4740
2175,145375826796,14320
2176,46842044621,3270
2177,178843217109,7600
2178,314304607340,12790
2179,249149099333,11620
2180,92368924892,3840
2181,50684794067,2990
2182,176331018877,5190
2183,58356265130,4870
2184,67759889868,4750
2185,105110107517,4170
2186,210619527436,6900
2187,42033107304,3410
2188,209617962976,8210
2189,40831383221,5790
2190,163778436476,48570
2191,62400233732,3970
2192,44308388564,3360
2193,306881033473,12470
2194,75978680279,4370
2195,59345296969,2790
2196,248707224530,69050
2197,105935791578,5940
2198,44635693041,4530
2199,39589288358,5380
2200,78796301481,4300
2201,61621372998,5060
2202,66579794922,5420
2203,723288715800,8370
2204,62400233732,3970
2205,223085877538,7260
2206,58151313278,4110
2207,53319591559,380060
2208,157695097858,2530
2209,56325386554,2720
2210,35683766338,5290
2211,883805505455,8220
2212,35589515867,3330
2213,64973736082,2500
2214,155630804167,7680
2215,53758973284,2940
2216,189285162132,6610
2217,125916301724,3020
2218,58741810788,236420
2219,292391826443,6800
2220,143310226781,9110
2221,229867132579,18130
2222,54855662849,3320
2223,67693251450,5980
2224,148821964209,6670
2225,57396095504,4560
2226,94626360995,3090
2227,133969733085,4920
2228,146667759029,8960
2229,47879504506,4470
2230,161213388257,49170
2231,204713822563,8120
2232,100942482865,4120
2233,184083715607,18520
2234,44214241400,3540
2235,49030532764,2980
2236,78663777515,6020
2237,79389749634,3820
2238,50733239599,5220
2239,55436121205,4350
2240,60014013542,4220
2241,54259979971,3860
2242,42459765095,5040
2243,332986191480,8390
2244,48671204785,2960
2245,215994154846,24570
2246,69507821930,4900
2247,71658591160,4240
2248,41727139071,3580
2249,44214241400,3540
2250,476979204583,9160
2251,222771797650,7890
2252,129054217697,5690
2253,99484210136,3640
2254,174176526817,6700
2255,195137477298,6940
2256,73083370027,2850
2257,152419697063,4570
2258,109887181999,8040
2259,35365308901,5560
2260,35683766338,5290
2261,528605080099,1670
2262,52424677325,3910
2263,237150073966,26490
2264,41489095285,2950
2265,171073472106,11780
2266,62690070165,4960
2267,202588860687,2320
2268,276469073501,23230
2269,509217743224,36200
2270,111521914495,2330
2271,423091422691,7010
2272,55545011540,2890
2273,120705899727,258600
2274,193641611460,14470
2275,57396095504,4560
2276,123123731928,6500
2277,51118059333,3110
2278,62400233732,3970
2279,144096545965,7150
2280,107248939469,7300
2281,283936384407,2490
2282,67693251450,5980
2283,52990786771,281150
2284,119408870956,9400
2285,117220384674,8020
2286,44678714287,3950
2287,56989767256,4540
2288,104640018869,5990
2289,87617475526,2870
2290,48542307772,3680
2291,263765018487,8840
2292,123790917198,7030
2293,52568965718,4440
2294,191614688954,13070
2295,43006850178,5340
2296,190493014815,10590
2297,313900292703,11450
2298,73080360870,5020
2299,105110107517,4170
2300,174959534141,46330
2301,79881743921,4160
2302,61314524802,4460
2303,54803374689,3400
2304,168003173393,12200
2305,282151079761,7860
2306,83500819089,1940
2307,63986337977,5650
2308,39278896598,3210
2309,6977287732,111140
2310,71295097279,3850
2311,68138015740,5410
2312,215031640478,38390
2313,132177583042,6220
2314,58187091453,5170
2315,41727139071,3580
2316,278557878279,12500
2317,31512738421,5640
2318,1033425965565,37020
2319,39502034293,5250
2320,97972989104,4050
2321,67693251450,5980
2322,60525539370,5350
2323,81949828141,3220
2324,125916301724,3020
2325,70224900033,4060
2326,44914453557,3570
2327,146280971993,19480
2328,52450049725,3390
2329,11171721124,90330
2330,1059566821682,7400
2331,34928429213,4410
2332,199003974945,29180
2333,62105131488,3590
2334,40609585278,3370
2335,597273832918,12580
2336,197291369624,2760
2337,40247013055,3490
2338,48542307772,3680
2339,96539344524,40480
2340,6122885519,134060
2341,206192312747,65120
2342,365916794284,18190
2343,42138226527,3710
2344,152224234336,5730
2345,344738693371,12300
2346,79959773280,3120
2347,346250474430,9380
2348,389031679681,11340
2349,279621018979,9200
2350,202588860687,2320
2351,45987712493,3200
2352,16308072416,85010
2353,61314524802,4460
2354,113693134239,2970
2355,44527199459,3740
2356,284893570749,24720
2357,133001207777,7410
2358,593362744521,11650
2359,348011327317,10290
2360,61202204413,4550
2361,41278002443,5430
2362,60362619117,4730
2363,44546596436,3260
2364,41727139071,3580
2365,35589515867,3330
2366,766963053509,9100
2367,258663964726,7180
2368,173057241049,6510
2369,171990063852,8050
2370,229608580669,6950
2371,59255526482,4040
2372,39278896598,3210
2373,39960163184,3450
2374,726442332337,11410
2375,40442310673,3440
2376,206357844370,8990
2377,46680085555,310810
2378,72212347609,5230
2379,256765054887,27170
2380,56192095619,5510
2381,688404790917,10180
2382,44441104361,3890
2383,596123950635,13520
2384,105029346841,6540
2385,300218547384,21800
2386,113863684539,4450
2387,44678714287,3950
2388,44880617077,266180
2389,240728272348,6570
2390,188238669552,26770
2391,52568965718,4440
2392,112138758276,8980
2393,66116265419,4330
2394,214534930362,2100
2395,427353541515,9360
2396,244998683754,2780
2397,44723461853,4720
2398,43962850292,3350
2399,117440079117,5910
2400,229608580669,6950
2401,49030532764,2980
2402,128959469416,206550
2403,114272620474,6130
2404,101064470524,2770
2405,40247013055,3490
2406,84625007828,6120
2407,56063516410,3940
2408,79389749634,3820
2409,42459765095,5040
2410,122517972207,6580
2411,81429738531,147490
2412,82374146749,5520
2413,43006850178,5340
2414,122366537776,6270
2415,22578894923,92030
2416,43015545690,5120
2417,98800570275,2260
2418,373851836098,70080
2419,146254553221,37820
2420,457535725967,14900
2421,64088856400,5460
2422,491292081074,13610
2423,440733926653,8080
2424,536111319801,13220
2425,125787983940,6170
2426,63932507070,4820
2427,83616176106,5190
2428,202929599977,10560
2429,7505999378,1500000
2430,44588630890,3650
2431,483957427952,7370
2432,606184366471,10350
2433,42033107304,3410
2434,57326555905,3530
2435,716966814943,11740
2436,209111100605,33350
2437,61106974689,4670
2438,262117443184,13190
2439,109887181999,8040
2440,60294926950,4400
2441,157129856938,10070
2442,89547592454,4200
2443,105306855438,2280
2444,351784814666,12670
2445,656913133769,8500
2446,46842044621,3270
2447,298322870177,7320
2448,245903542577,11100
2449,68528860268,5370
2450,41845299825,3460
2451,41278002443,5430
2452,308840586739,23470
2453,103184848284,2900
2454,77995161714,5830
2455,76508778872,5310
2456,104640018869,5990
2457,44914453557,3570
2458,253273429202,9410
2459,61932770470,5530
2460,50733239599,5220
2461,203201029597,6550
2462,59305435946,5440
2463,263442229370,2510
2464,73080360870,5020
2465,59819246394,4590
2466,222771797650,7890
2467,39964557033,3240
2468,105935791578,5940
2469,278039316937,12970
2470,221797577709,7910
2471,125787983940,6170
2472,318869448912,14110
2473,54530051468,2250
2474,195069257687,221710
2475,126906553898,2590
2476,15305477962,87510
2477,52490540124,4710
2478,37090058388,4580
2479,60656389499,5960
2480,130643195079,14540
2481,140862006406,9000
2482,42867063696,3060
2483,146374043222,8560
2484,62400233732,3970
2485,65861441888,4980
2486,44588630890,3650
2487,50680222059,3830
2488,56525522922,2750
2489,208269371313,6960
2490,491349812621,16750
2491,37759917399,3230
2492,60031531513,3720
2493,50680222059,3830
2494,121597918754,19920
2495,64548927963,4390
2496,67189270531,4010
2497,259664607119,10240
2498,79234036590,4660
2499,40727914137,5320
2500,224226758381,10130
2501,283936384407,2490
2502,230959519320,2170
2503,232195702164,27050
2504,858034501672,37050
2505,367028379150,19700
2506,2528147342,141410
2507,117440079117,5910
2508,93004003659,5810
2509,39860508967,2510
2510,190046821432,11040
2511,38361520544,3620
2512,72254096280,4630
2513,224226758381,10130
2514,44505181226,3170
2515,61621372998,5060
2516,261850467369,2730
2517,59836376865,4850
2518,40727914137,5320
2519,427353541515,9360
2520,211680090955,8250
2521,67189270531,4010
2522,216295252756,6640
2523,79234036590,4660
2524,44331362981,5150
2525,103184848284,2900
2526,202588860687,2320
2527,71179131262,5920
2528,67759889868,4750
2529,112875335096,6000
2530,62331912733,4610
2531,194544107056,7050
2532,99174496147,5030
2533,52987788391,4810
2534,156197269613,245950
2535,40725208957,3670
2536,96781985021,4700
2537,67535193286,3310
2538,78663777515,6020
2539,78797477222,5110
2540,44441104361,3890
2541,79775698042,5580
2542,246675137722,42470
2543,43962850292,3350
2544,44588630890,3650
2545,123850183621,2350
2546,75978680279,4370
2547,152128857565,2810
2548,71658591160,4240
2549,48997787218,5200
2550,44914453557,3570
2551,71690359776,4640
2552,73471242254,4260
2553,417399816083,10280
2554,66245784000,3980
2555,92560338375,6380
2556,38673638115,5100
2557,52424677325,3910
2558,38353479795,2150
2559,214071075574,12060
2560,61106974689,4670
2561,107720874172,4990
2562,101829769019,2380
2563,61932770470,5530
2564,60636990897,5540
2565,76158550940,6820
2566,6023235609,100900
2567,39976100644,3480
2568,64573069011,5050
2569,284737361738,14330
2570,244338568512,14150
2571,121502376905,5900
2572,182406738925,18020
2573,132229531359,4210
2574,499549937364,16210
2575,216295252756,6640
2576,64088856400,5460
2577,43015545690,5120
2578,46842044621,3270
2579,173724713371,6870
2580,52568965718,4440
2581,49456561630,82560
2582,18297315052,99920
2583,57309626448,5130
2584,133696373652,8650
2585,39960163184,3450
2586,44758797884,3810
2587,54889956850,3520
2588,57396095504,4560
2589,71690359776,4640
2590,142306696496,2340
2591,446731975042,2020
2592,190354922971,16240
2593,133696373652,8650
2594,339406698993,2450
2595,47879504506,4470
2596,38628418084,4950
2597,52450049725,3390
2598,160139161063,9070
2599,249361818746,8170
2600,72212347609,5230
2601,118375475721,2670
2602,91487402708,4230
2603,208378435337,6680
2604,110274737636,12630
2605,50680222059,3830
2606,71179131262,5920
2607,54889956850,3520
2608,102844213108,6250
2609,144096545965,7150
2610,76400398549,5720
2611,489632497027,12520
2612,37241697288,3270
2613,268919805513,67350
2614,56502388417,3630
2615,114229603066,157720
2616,309590057599,8380
2617,72427965831,5490
2618,53758973284,2940
2619,167987435894,199260
2620,48474886347,3010
2621,85121925764,4490
2622,73712162701,5470
2623,53982323034,5860
2624,50440940657,4520
2625,195770197910,7520
2626,286165565132,9550
2627,236742493987,52120
2628,44308388564,3360
2629,44012384960,3100
2630,121223657454,6090
2631,202811416731,2540
2632,79389749634,3820
2633,282153284765,14880
2634,44441104361,3890
2635,105110107517,4170
2636,40725208957,3670
2637,195770197910,7520
2638,45123546813,3420
2639,72427965831,5490
2640,53274639499,3300
2641,56959432972,3990
2642,118366807014,2710
2643,198518498187,10810
2644,284894019443,21690
2645,40831383221,5790
2646,73115770595,4780
2647,103184848284,2900
2648,64548927963,4390
2649,132761746070,6400
2650,96781985021,4700
2651,357837087863,18900
2652,75978680279,4370
2653,39964557033,3240
2654,44012384960,3100
2655,62690070165,4960
2656,123850183621,2350
2657,56989767256,4540
2658,71808318207,5630
2659,112138758276,8980
2660,709379555383,7530
2661,265727964365,7160
2662,79959773280,3120
2663,42459765095,5040
2664,349772223063,18870
2665,39444020760,3290
2666,74692264729,6010
2667,155630804167,7680
2668,61202204413,4550
2669,52791403357,236610
2670,48164638484,4080
2671,75978680279,4370
2672,113693134239,2970
2673,100424194687,2570
2674,96713124836,38950
2675,53567451362,4540
2676,50684794067,2990
2677,213952000583,10920
2678,192464410622,6830
2679,395655045046,10890
2680,223799371006,7290
2681,58328015590,3040
2682,73115770595,4780
2683,35365308901,5560
2684,60937412465,3190
2685,59255526482,4040
2686,50680222059,3830
2687,258663964726,7180
2688,324953445150,11900
2689,576004939143,12980
2690,48164638484,4080
2691,38673638115,5100
2692,229884827376,7390
2693,92474680200,29000
2694,157129856938,10070
2695,58187091453,5170
2696,71041204846,5680
2697,583205953532,14740
2698,94859365696,3800
2699,57326555905,3530
2700,44308388564,3360
2701,594442854506,1490
2702,73218898359,2650
2703,31331720285,3280
2704,34379898497,355710
2705,253944073408,16370
2706,777673689437,7170
2707,1077297500174,1790
2708,71041204846,5680
2709,151253107371,6330
2710,68768637085,2830
2711,110274737636,12630
2712,259057310521,21200
2713,37090058388,4580
2714,224330068072,7930
2715,112588317158,3930
2716,44546596436,3260
2717,6517646319,137830
2718,52613730432,237090
2719,64520716596,5660
2720,478365777315,13170
2721,105029346841,6540
2722,145942412904,3290
2723,78353288336,2700
2724,50733239599,5220
2725,50358579906,4760
2726,50733239599,5220
2727,134563679354,6360
2728,33459821908,3560
2729,294523798977,9920
2730,182406738925,18020
2731,209617962976,8210
2732,69662713596,3550
2733,308387303707,9150
2734,84625007828,6120
2735,53274639499,3300
2736,147781289658,34980
2737,335265468746,2210
2738,419622352284,15660
2739,140690214236,5010
2740,41496193655,5400
2741,340856031136,11920
2742,269090352786,8640
2743,237073106368,6110
2744,38673638115,5100
2745,1080575206554,1460
2746,151712178968,71980
2747,41278002443,5430
2748,59819246394,4590
2749,222966403770,8510
2750,295907037614,11940
2751,230686814015,10090
2752,40609585278,3370
2753,66751752883,4650
2754,332986191480,8390
2755,62847424879,5070
2756,94306603045,5780
2757,168150126175,63140
2758,487181936265,12480
2759,11788705692,118770
2760,376299752858,7810
2761,39589288358,5380
2762,79775698042,5580
2763,84625007828,6120
2764,102844213108,6250
2765,46826954611,4340
2766,12161402023,106290
2767,69919452475,3760
2768,55003687818,3870
2769,705429269971,12080
2770,44214241400,3540
2771,201341365415,9250
2772,40725208957,3670
2773,46681821030,4090
2774,61932770470,5530
2775,43978695032,3610
2776,55427408585,3430
2777,42867063696,3060
2778,62614754498,6050
2779,286165565132,9550
2780,308169206287,2290
2781,563098020004,13930
2782,197291369624,2760
2783,144327812127,8780
2784,141295814320,8430
2785,16976169699,87050
2786,242637272269,12820
2787,93004003659,5810
2788,352077264799,21570
2789,48474886347,3010
2790,81949828141,3220
2791,321309966173,2230
2792,64807801097,259390
2793,112138758276,8980
2794,51118059333,3110
2795,216319998379,8630
2796,71658591160,4240
2797,82872818429,3580
2798,268646909955,2010
2799,38673638115,5100
2800,247143792000,23190
2801,70224900033,4060
2802,451387632879,16720
2803,43006850178,5340
2804,241077322498,10690
2805,49095400557,5080
2806,464902699369,7220
2807,42033107304,3410
2808,40609585278,3370
2809,62690070165,4960
2810,99806852970,6200
2811,188792494370,11890
2812,52991208825,3760
2813,41875191917,4250
2814,219152022609,9010
2815,100424194687,2570
2816,81100812440,5090
2817,114715587065,171470
2818,979395225887,37000
2819,39964557033,3240
2820,135040872545,8370
2821,62629390771,2620
2822,172749174310,7660
2823,59836376865,4850
2824,131042206945,62370
2825,813433250303,2440
2826,41888889513,3150
2827,276317283125,9940
2828,114728957027,6030
2829,31512738421,5640
2830,125562129437,6880
2831,92363657421,6490
2832,48542307772,3680
2833,71658591160,4240
2834,41477518271,191880
2835,43015545690,5120
2836,52424677325,3910
2837,835620523116,8000
2838,212715911670,2150
2839,101064470524,2770
2840,208706049764,17880
2841,58328015590,3040
2842,53324382536,5300
2843,93352806375,4970
2844,62421312736,4770
2845,250542354921,8920
2846,93004003659,5810
2847,106267196201,4140
2848,35683766338,5290
2849,76782779954,3220
2850,73471242254,4260
2851,35365308901,5560
2852,53274639499,3300
2853,48474886347,3010
2854,44711236345,3140
2855,242851799009,9460
2856,357788510376,8280
2857,69662713596,3550
2858,42711331390,3130
2859,162376154811,8590
2860,283184432544,10760
2861,45987712493,3200
2862,37759917399,3230
2863,61953288117,2930
2864,23537270668,95280
2865,331741900053,9450
2866,171073472106,11780
2867,59543581319,4020
2868,43015545690,5120
2869,43962850292,3350
2870,123790917198,7030
2871,173958851996,11010
2872,114728957027,6030
2873,203201029597,6550
2874,55436121205,4350
2875,253273429202,9410
2876,272855224980,12860
2877,63986337977,5650
2878,40609585278,3370
2879,79865853188,4890
2880,39278896598,3210
2881,44758797884,3810
2882,44836554594,278400
2883,203863532221,11490
2884,74599209153,5240
2885,221882526916,26290
2886,38762548412,5670
2887,38325295167,3600
2888,44914453557,3570
2889,69507821930,4900
2890,38762548412,5670
2891,79412043854,5180
2892,139673561457,8480
2893,349517021707,7440
2894,43978695032,3610
2895,40609585278,3370
2896,243380736873,11300
2897,55436121205,4350
2898,58151313278,4110
2899,282153284765,14880
2900,197248618623,8110
2901,92560338375,6380
2902,256538411540,8140
2903,175325929592,10820
2904,44214241400,3540
2905,50305279611,4930
2906,143756005940,5930
2907,89153924270,4190
2908,44678714287,3950
2909,38673638115,5100
2910,114609425025,2570
2911,163478490387,56160
2912,59305435946,5440
2913,263011387161,6140
2914,139673561457,8480
2915,225500312451,10850
2916,130271533078,7020
2917,708400588188,10570
2918,53324382536,5300
2919,148907387381,7380
2920,108677273957,306040
2921,49048306724,4070
2922,212715911670,2150
2923,54889956850,3520
2924,52991208825,3760
2925,296655401637,12250
2926,73703455868,5390
2927,276309625898,19210
2928,89547592454,4200
2929,142098908291,4740
2930,83616176106,5190
2931,244999752557,5940
2932,114272620474,6130
2933,162459032449,13980
2934,43962850292,3350
2935,79881743921,4160
2936,60636990897,5540
2937,57393570495,3690
2938,423259914171,66620
2939,60294926950,4400
2940,59543581319,4020
2941,49132737420,3500
2942,178523362686,169240
2943,64922330801,5360
2944,61314524802,4460
2945,139769389901,2950
2946,74821778911,3880
2947,297784432965,1570
2948,17477976336,89020
2949,202771657907,9300
2950,44635693041,4530
2951,157698352324,2220
2952,72733845602,5760
2953,67759889868,4750
2954,52991208825,3760
2955,187859844769,35620
2956,293204970190,8740
2957,585036627140,14010
2958,258209957706,28660
2959,269635193803,15750
2960,189273226907,6190
2961,123790917198,7030
2962,622998740632,12680
2963,57393570495,3690
2964,201008209891,8860
2965,40442310673,3440
2966,50733239599,5220
2967,93579615426,2880
2968,71179131262,5920
2969,54259979971,3860
2970,70600676304,4840
2971,67971243847,4800
2972,85014417227,5550
2973,67916206423,4150
2974,58356265130,4870
2975,181054378056,2120
2976,100908227200,6740
2977,497082690854,14080
2978,664501969166,1730
2979,395655045046,10890
2980,142098908291,4740
2981,64935254382,5700
2982,44678714287,3950
2983,237988252812,8400
2984,79389749634,3820
2985,341803757633,60180
2986,92465120485,5610
2987,57309626448,5130
2988,175163574884,9030
2989,51927361837,3000
2990,242707340859,6210
2991,109571208383,25740
2992,330966733179,11260
2993,63755051142,2840
2994,371905420815,59060
2995,52897321895,345120
2996,73411468545,5220
2997,61106974689,4670
2998,78392991208,2690
2999,41102963262,3030
3000,73471242254,4260
3001,249051359397,2190
3002,82640256912,2910
3003,522382180369,14180
3004,123244518935,6260
3005,146464975018,8010
3006,98178260895,2560
3007,70600676304,4840
3008,59305435946,5440
3009,49048306724,4070
3010,55834381640,3470
3011,80515314427,5280
3012,524347974089,13940
3013,91819180484,5840
3014,247115868774,7760
3015,385954766889,11460
3016,74821778911,3880
3017,75872888814,199160
3018,49487498414,3770
3019,69892608878,4830
3020,465818440442,6760
3021,198309725216,38860
3022,83616176106,5190
3023,59255526482,4040
3024,69032658831,5140
3025,309590057599,8380
3026,5345883380,138450
3027,64548927963,4390
3028,46681821030,4090
3029,141295814320,8430
3030,266403937442,13640
3031,104106158575,4100
3032,72212347609,5230
3033,89153924270,4190
3034,49030532764,2980
3035,244998683754,2780
3036,54889956850,3520
3037,43410025018,3050
3038,109200931885,6410
3039,224381459794,21390
3040,79775698042,5580
3041,481082671574,2140
3042,309195637963,10390
3043,38628418084,4950
3044,50440940657,4520
3045,499492868397,16190
3046,131514746189,8660
3047,100908227200,6740
3048,38325295167,3600
3049,167278753864,7000
3050,71295097279,3850
3051,375206214407,16390
3052,231515794717,11400
3053,40442310673,3440
3054,43978695032,3610
3055,35683766338,5290
3056,33459821908,3560
3057,186267981529,15620
3058,196513670241,25040
3059,38258225044,3410
3060,351389778618,7500
3061,38325295167,3600
3062,235048592815,7950
3063,92840227134,4480
3064,242851799009,9460
3065,39502034293,5250
3066,104632529601,5950
3067,165134824073,203840
3068,60031531513,3720
3069,10786264747,104720
3070,60014013542,4220
3071,184481895711,51720
3072,49487498414,3770
3073,43962850292,3350
3074,864056000366,11320
3075,149776992702,24500
3076,44723461853,4720
3077,125950274389,34240
3078,48542307772,3680
3079,35365308901,5560
3080,106963635602,2820
3081,47722137074,5000
3082,102875003181,5770
3083,44886968628,3730
3084,35365308901,5560
3085,61932770470,5530
3086,49487498414,3770
3087,456486239478,13800
3088,164755575449,209230
3089,169689021496,14480
3090,3245478165,101690
3091,192464410622,6830
3092,58151313278,4110
3093,49030532764,2980
3094,202835162941,6840
3095,56989767256,4540
3096,45123546813,3420
3097,289035401833,25730
3098,283737398255,19430
3099,50305279611,4930
3100,175163574884,9030
3101,44546596436,3260
3102,5681376620,138540
3103,56502388417,3630
3104,289667983474,6040
3105,72427965831,5490
3106,301752685267,63060
3107,62847424879,5070
3108,69628046295,4600
3109,423689517018,2410
3110,92840227134,4480
3111,616817891676,14890
3112,69032658831,5140
3113,189285162132,6610
3114,44886968628,3730
3115,224330068072,7930
3116,532660029428,13060
3117,142946805746,5850
3118,101064470524,2770
3119,73115770595,4780
3120,197746042913,189150
3121,42056772153,368110
3122,66245784000,3980
3123,351784814666,12670
3124,214534930362,2100
3125,74599209153,5240
3126,54803374689,3400
3127,64922330801,5360
3128,266886993236,59810
3129,44678714287,3950
3130,35589515867,3330
3131,101753814949,5570
3132,131939768029,3200
3133,56989767256,4540
3134,136869901684,8330
3135,37242369872,4910
3136,86868540787,6770
3137,48671204785,2960
3138,192424410781,11500
3139,38628418084,4950
3140,40830868543,240680
3141,98800570275,2260
3142,219533018935,5860
3143,409208402059,18930
3144,336318504904,7620
3145,396581270772,19280
3146,44426154578,3700
3147,47722137074,5000
3148,47879504506,4470
3149,281974232358,10460
3150,188968957059,9820
3151,49419124261,2970
3152,35365308901,5560
3153,317976196368,2480
3154,349072898737,18430
3155,42669972375,3960
3156,113863684539,4450
3157,44588630890,3650
3158,50358579906,4760
3159,66579794922,5420
3160,623203068647,1780
3161,64548927963,4390
3162,42711331390,3130
3163,44331362981,5150
3164,73712162701,5470
3165,40049869432,4280
3166,49832910692,3160
3167,388737938010,37730
3168,231515794717,11400
3169,151987291121,6030
3170,234728287709,8550
3171,254212893625,7480
3172,306069085090,19230
3173,78392991208,2690
3174,611602237809,47270
3175,114272620474,6130
3176,44441104361,3890
3177,73115770595,4780
3178,334982962696,7060
3179,143310226781,9110
3180,51927361837,3000
3181,111993685475,2860
3182,191892266592,10470
3183,80515314427,5280
3184,44527199459,3740
3185,56063516410,3940
3186,60014013542,4220
3187,45987712493,3200
3188,76862161844,4430
3189,72212347609,5230
3190,97867925869,323130
3191,99488736290,2860
3192,230959519320,2170
3193,44214241400,3540
3194,274422634900,10520
3195,146464975018,8010
3196,63986337977,5650
3197,33993253647,83940
3198,182327471659,57520
3199,61953288117,2930
3200,65861441888,4980
3201,37242369872,4910
3202,407353788401,10160
3203,417139934161,15030
3204,212293392221,12410
3205,45987712493,3200
3206,86807787037,5260
3207,111993685475,2860
3208,55102232839,3860
3209,31331720285,3280
3210,91366967054,4360
3211,54803374689,3400
3212,80515314427,5280
3213,71295097279,3850
3214,159358116904,56390
3215,41845299825,3460
3216,44914453557,3570
3217,39964557033,3240
3218,241552473748,23120
3219,79449980513,232720
3220,318591675644,19540
3221,44505181226,3170
3222,800429047671,8270
3223,70263666551,5480
3224,109200931885,6410
3225,100908227200,6740
3226,56525522922,2750
3227,62331912733,4610
3228,123850183621,2350
3229,10551245468,121040
3230,74599209153,5240
3231,144327812127,8780
3232,109037802286,6080
3233,48997787218,5200
3234,41845299825,3460
3235,79881743921,4160
3236,56989767256,4540
3237,304802543114,2030
3238,37090058388,4580
3239,116663254071,2920
3240,84625007828,6120
3241,125916301724,3020
3242,70600676304,4840
3243,46842044621,3270
3244,38519266997,5710
3245,286125567603,24680
3246,94626360995,3090
3247,44441104361,3890
3248,44886968628,3730
3249,107581718610,5500
3250,58356265130,4870
3251,202637503015,14030
3252,63157122362,5210
3253,79959773280,3120
3254,44505181226,3170
3255,83616176106,5190
3256,157698352324,2220
3257,37090058388,4580
3258,71339590294,5270
3259,188354195088,12140
3260,167278753864,7000
3261,58356265130,4870
3262,76158550940,6820
3263,683780722562,12230
3264,65861441888,4980
3265,69892608878,4830
3266,61275104961,3080
3267,210974254745,7570
3268,274410203867,35340
3269,219041492697,23270
3270,37759917399,3230
3271,561026423623,66660
3272,71295097279,3850
3273,82374146749,5520
3274,177102529684,158960
3275,44501878956,4030
3276,186762589614,41780
3277,39976100644,3480
3278,79881743921,4160
3279,89138839725,32810
3280,332972592884,11600
3281,40725208957,3670
3282,556396159193,12800
3283,448070063747,16320
3284,304419891388,42700
3285,44546596436,3260
3286,58328015590,3040
3287,66116265419,4330
3288,112138758276,8980
3289,52450049725,3390
3290,50440940657,4520
3291,55427408585,3430
3292,84625007828,6120
3293,40609585278,3370
3294,44758797884,3810
3295,66903327582,3790
3296,368038388882,8690
3297,201518762329,7330
3298,221797577709,7910
3299,163230050045,6600
3300,48474886347,3010
3301,145582787240,7540
3302,48164638484,4080
3303,72212347609,5230
3304,41278002443,5430
3305,40831383221,5790
3306,52424677325,3910
3307,59345296969,2790
3308,197597565023,12240
3309,4654841650,115380
3310,267118023819,6780
3311,39976100644,3480
3312,45987712493,3200
3313,169750614067,7740
3314,53129310715,3340
3315,522311050981,13200
3316,73115770595,4780
3317,154629434809,8790
3318,59255526482,4040
3319,162376154811,8590
3320,68768637085,2830
3321,111238153816,276340
3322,109095077445,5970
3323,111363469437,4320
3324,720205504813,10900
3325,28611699444,3150
3326,52991208825,3760
3327,146988672959,8580
3328,223202587071,8200
3329,158561630124,7110
3330,39444020760,3290
3331,216319651390,7880
3332,100942482865,4120
3333,61202204413,4550
3334,70263666551,5480
3335,94626360995,3090
3336,156354802388,33820
3337,45123546813,3420
3338,61314524802,4460
3339,38762548412,5670
3340,103717284479,4620
3341,43410025018,3050
3342,393786414003,1960
3343,239127135785,30380
3344,71808318207,5630
3345,241447086343,70490
3346,55597339573,4790
3347,186267981529,15620
3348,92840227134,4480
3349,64269396701,5070
3350,178915076981,12220
3351,43015545690,5120
3352,71179131262,5920
3353,304295317869,6970
3354,298122344852,11950
3355,381041377665,11720
3356,229867132579,18130
3357,459858372024,1840
3358,211134457034,13380
3359,98800570275,2260
3360,223072344759,22060
3361,54855662849,3320
3362,146600826308,8310
3363,62400233732,3970
3364,38361520544,3620
3365,108438473134,4990
3366,41496193655,5400
3367,63986337977,5650
3368,212814807029,29030
3369,43978695032,3610
3370,40725208957,3670
3371,57326555905,3530
3372,70224900033,4060
3373,197248618623,8110
3374,60937412465,3190
3375,55436121205,4350
3376,16035443777,84050
3377,386234120198,18330
3378,56713474324,5330
3379,49030532764,2980
3380,55003687818,3870
3381,46135294695,3510
3382,531344679965,15580
3383,112875335096,6000
3384,62614754498,6050
3385,31512738421,5640
3386,102471578546,2390
3387,136781137008,4360
3388,90954928597,3920
3389,169941745399,8440
3390,42138226527,3710
3391,150042439534,8060
3392,74599209153,5240
3393,40609585278,3370
3394,78027484487,345860
3395,249057645938,16910
3396,62629390771,2620
3397,71295097279,3850
3398,38361520544,3620
3399,58328015590,3040
3400,65157273938,5600
3401,45987712493,3200
3402,46815189634,5330
3403,112588317158,3930
3404,40442310673,3440
3405,107343899259,23390
3406,60656389499,5960
3407,73083370027,2850
3408,44758797884,3810
3409,40442310673,3440
3410,41727139071,3580
3411,42033107304,3410
3412,105110107517,4170
3413,331787942311,17160
3414,57393570495,3690
3415,40247013055,3490
3416,44501878956,4030
3417,85121925764,4490
3418,69032658831,5140
3419,482667776952,17420
3420,131514746189,8660
3421,75978680279,4370
3422,33459821908,3560
3423,444271480121,48300
3424,113863684539,4450
3425,358918504951,16110
3426,292274925153,8540
3427,65861441888,4980
3428,59345296969,2790
3429,61932770470,5530
3430,125276486694,4420
3431,73471242254,4260
3432,56063516410,3940
3433,73471242254,4260
3434,163078789682,5750
3435,72254096280,4630
3436,241513096187,11840
3437,675229712941,11420
3438,121384585044,7340
3439,46826954611,4340
3440,120146243156,8070
3441,54259979971,3860
3442,47576576997,347860
3443,61953288117,2930
3444,178915076981,12220
3445,584505973150,14640
3446,69114051298,5450
3447,31512738421,5640
3448,267833447890,21480
3449,39684180882,83600
3450,207142374025,6850
3451,38361520544,3620
3452,99484210136,3640
3453,236587416260,7130
3454,52987788391,4810
3455,44546596436,3260
3456,178613539882,6720
3457,69114051298,5450
3458,66751752883,4650
3459,62105131488,3590
3460,40727914137,5320
3461,43533152348,78770
3462,36070646021,2280
3463,59906886300,3250
3464,517361819466,15840
3465,44723461853,4720
3466,73115770595,4780
3467,265807066742,2630
3468,42669972375,3960
3469,631536838473,9790
3470,41395912460,253380
3471,42711331390,3130
3472,50680222059,3830
3473,24451766439,366160
3474,146600826308,8310
3475,60362619117,4730
3476,145582787240,7540
3477,49048306724,4070
3478,44426154578,3700
3479,228723354095,6020
3480,7505999378,1500000
3481,284737361738,14330
3482,64520716596,5660
3483,44214241400,3540
3484,56325386554,2720
3485,99806852970,6200
3486,39976100644,3480
3487,63986337977,5650
3488,185049545812,53660
3489,348509557633,49420
3490,505881443676,6990
3491,139414363378,6810
3492,40442310673,3440
3493,188354195088,12140
3494,99174496147,5030
3495,121360307366,9600
3496,73083370027,2850
3497,157596497887,7690
3498,162816388406,54130
3499,107248939469,7300
3500,44214241400,3540
3501,44678714287,3950
3502,59345296969,2790
3503,130271533078,7020
3504,71179131262,5920
3505,66579794922,5420
3506,51927361837,3000
3507,71863826354,3070
3508,69032658831,5140
3509,34928429213,4410
3510,151076689061,42820
3511,477279135569,16510
3512,31083301394,90080
3513,52987788391,4810
3514,94859365696,3800
3515,60294926950,4400
3516,157129856938,10070
3517,252262253496,11720
3518,56063516410,3940
3519,49832910692,3160
3520,121223657454,6090
3521,473258135542,7830
3522,43962850292,3350
3523,78392991208,2690
3524,45987712493,3200
3525,132761746070,6400
3526,221302792053,203530
3527,35589515867,3330
3528,99484210136,3640
3529,43962850292,3350
3530,79881743921,4160
3531,40247013055,3490
3532,66790284943,5160
3533,49048306724,4070
3534,44505181226,3170
3535,461796890257,18090
3536,61106974689,4670
3537,68528860268,5370
3538,562567090221,1760
3539,125276486694,4420
3540,66116265419,4330
3541,326410679200,10340
3542,166305536043,2680
3543,60656389499,5960
3544,39964557033,3240
3545,200554297227,12550
3546,79412043854,5180
3547,142306696496,2340
3548,146374043222,8560
3549,59836376865,4850
3550,56325386554,2720
3551,46826954611,4340
3552,660581414415,11710
3553,103768110059,75170
3554,59906886300,3250
3555,789880684622,16370
3556,218653535956,9670
3557,52490540124,4710
3558,274147058768,24670
3559,69507821930,4900
3560,59819246394,4590
3561,145033154525,258090
3562,71690359776,4640
3563,44441104361,3890
3564,311207223637,34000
3565,60014013542,4220
3566,50440940657,4520
3567,13327116408,109580
3568,46135294695,3510
3569,41875191917,4250
3570,46826954611,4340
3571,390218350317,7230
3572,684432828683,8350
3573,73471242254,4260
3574,68528860268,5370
3575,63755051142,2840
3576,150564811594,31180
3577,265727964365,7160
3578,58328015590,3040
3579,44635693041,4530
3580,123790917198,7030
3581,49095400557,5080
3582,59906886300,3250
3583,66245784000,3980
3584,437852638198,65710
3585,222966403770,8510
3586,148821964209,6670
3587,46135294695,3510
3588,57326555905,3530
3589,32779066083,83300
3590,210974254745,7570
3591,153943996241,38540
3592,539035355363,35720
3593,106528975556,54330
3594,53982323034,5860
3595,85342832155,265390
3596,173057241049,6510
3597,516511198052,65730
3598,59543581319,4020
3599,645001733183,13280
3600,61621372998,5060
3601,31512738421,5640
3602,60014013542,4220
3603,77995161714,5830
3604,37242369872,4910
3605,89153924270,4190
3606,72727295569,4740
3607,258337864881,13670
3608,391758874184,11430
3609,73080360870,5020
3610,44527199459,3740
3611,76158550940,6820
3612,53129310715,3340
3613,63157122362,5210
3614,42867063696,3060
3615,114496805836,6180
3616,167126897716,5620
3617,51927361837,3000
3618,42459765095,5040
3619,32998292329,1640
3620,79959773280,3120
3621,45123546813,3420
3622,67535193286,3310
3623,73481969970,5800
3624,202811416731,2540
3625,337210507431,11070
3626,85233204686,195170
3627,395505284307,20050
3628,59836376865,4850
3629,52490540124,4710
3630,391758874184,11430
3631,20224248696,86020
3632,93989208155,6390
3633,325424801949,18810
3634,330464096140,38380
3635,55003687818,3870
3636,49487498414,3770
3637,133138139165,6160
3638,56989767256,4540
3639,44308388564,3360
3640,108577244600,310300
3641,31512738421,5640
3642,72427965831,5490
3643,44214241400,3540
3644,41489095285,2950
3645,44758797884,3810
3646,73471242254,4260
3647,40247013055,3490
3648,309782387391,12160
3649,38519266997,5710
3650,71295097279,3850
3651,52987788391,4810
3652,131027234700,9080
3653,79234036590,4660
3654,108438473134,4990
3655,39502034293,5250
3656,336318504904,7620
3657,287673481871,12450
3658,70263666551,5480
3659,72733845602,5760
3660,81601979491,6340
3661,67971243847,4800
3662,50039215506,40020
3663,43015545690,5120
3664,86868540787,6770
3665,219152022609,9010
3666,299730874655,2310
3667,40049869432,4280
3668,53758973284,2940
3669,58151313278,4110
3670,117011981455,71820
3671,150677741413,9770
3672,48474886347,3010
3673,74599209153,5240
3674,53324382536,5300
3675,39589288358,5380
3676,55003687818,3870
3677,66579794922,5420
3678,54855662849,3320
3679,290235399107,19190
3680,253269183131,20390
3681,476273649304,7610
3682,142946805746,5850
3683,217090195863,12000
3684,119563896886,6230
3685,40049869432,4280
3686,44501878956,4030
3687,223799371006,7290
3688,142304991799,7840
3689,62400233732,3970
3690,53129310715,3340
3691,74599209153,5240
3692,609784242813,13300
3693,230243066860,12280
3694,273123684880,7450
3695,132949047742,239350
3696,58151313278,4110
3697,57326555905,3530
3698,273905330709,14960
3699,49832910692,3160
3700,56063516410,3940
3701,57326555905,3530
3702,50680222059,3830
3703,35365308901,5560
3704,60014013542,4220
3705,283085249815,8750
3706,46826954611,4340
3707,117220384674,8020
3708,63964832078,4480
3709,70600676304,4840
3710,58328015590,3040
3711,58650254182,3170
3712,4907979256,112460
3713,204713822563,8120
3714,44308388564,3360
3715,295907037614,11940
3716,40442310673,3440
3717,141325816701,171350
3718,387800879650,7270
3719,269090352786,8640
3720,39278896598,3210
3721,60362619117,4730
3722,44711236345,3140
3723,57184012087,3180
3724,56989767256,4540
3725,89153924270,4190
3726,40727914137,5320
3727,210974254745,7570
3728,144036727758,7430
3729,52987788391,4810
3730,72982404985,4500
3731,49030532764,2980
3732,39502034293,5250
3733,40725208957,3670
3734,59543581319,4020
3735,166175106988,15880
3736,169750614067,7740
3737,71690359776,4640
3738,276982360791,6150
3739,80136413572,168480
3740,96387441444,4000
3741,56365299115,3660
3742,116606615326,63830
3743,78353288336,2700
3744,280913934353,12910
3745,48671204785,2960
3746,83616176106,5190
3747,35589515867,3330
3748,38628418084,4950
3749,72254096280,4630
3750,438981109654,7350
3751,44308388564,3360
3752,50680222059,3830
3753,282151079761,7860
3754,203201029597,6550
3755,286537637588,7670
3756,170907499503,8930
3757,265730876404,7070
3758,109095077445,5970
3759,49095400557,5080
3760,98257810648,6480
3761,136568777059,2610
3762,125198705527,5740
3763,517850573711,6430
3764,216295252756,6640
3765,71295097279,3850
3766,189273226907,6190
3767,71041204846,5680
3768,29603936862,366550
3769,181590649910,19020
3770,34928429213,4410
3771,81100812440,5090
3772,35683766338,5290
3773,351790113723,11210
3774,53324382536,5300
3775,52424677325,3910
3776,152419697063,4570
3777,73080360870,5020
3778,87399854890,4880
3779,44588630890,3650
3780,38628418084,4950
3781,39589288358,5380
3782,35683766338,5290
3783,42711331390,3130
3784,78663777515,6020
3785,86807787037,5260
3786,261801295260,45480
3787,265807066742,2630
3788,80515314427,5280
3789,349517021707,7440
3790,56192095619,5510
3791,79412043854,5180
3792,246600219378,28430
3793,106267196201,4140
3794,61932770470,5530
3795,40442310673,3440
3796,245017304518,14340
3797,325108840671,32780
3798,52424677325,3910
3799,41489095285,2950
3800,126585794537,2130
3801,3041138123,142980
3802,72427965831,5490
3803,74692264729,6010
3804,265062415755,10050
3805,64573069011,5050
3806,79881743921,4160
3807,200027507237,26610
3808,39964557033,3240
3809,70469424679,73720
3810,44505181226,3170
3811,125198705527,5740
3812,72156265108,8460
3813,174292193688,7120
3814,188838425971,9340
3815,166175106988,15880
3816,284653445149,48680
3817,44635693041,4530
3818,460889675771,16500
3819,69662713596,3550
3820,724641570882,11860
3821,44711236345,3140
3822,113693134239,2970
3823,148536747020,2600
3824,43006850178,5340
3825,38628418084,4950
3826,67189270531,4010
3827,43978695032,3610
3828,73080360870,5020
3829,96387441444,4000
3830,121502376905,5900
3831,44914453557,3570
3832,162143206798,4180
3833,728894411149,11730
3834,61275104961,3080
3835,263938304757,24140
3836,42138226527,3710
3837,592688567738,13900
3838,47879504506,4470
3839,53324382536,5300
3840,146373640322,41830
3841,219152022609,9010
3842,174292193688,7120
3843,392605365676,59800
3844,43410025018,3050
3845,530435131394,14210
3846,125562129437,6880
3847,202708573717,8760
3848,43978695032,3610
3849,64520716596,5660
3850,78353288336,2700
3851,52568965718,4440
3852,551374499353,9650
3853,118793838580,2890
3854,40727914137,5320
3855,39960163184,3450
3856,525016766098,14000
3857,184806714721,5870
3858,40831383221,5790
3859,391592770967,16710
3860,500079198271,13510
3861,370701440258,8680
3862,120099373112,4270
3863,79865853188,4890
3864,48997787218,5200
3865,42033107304,3410
3866,31331720285,3280
3867,67916206423,4150
3868,71295097279,3850
3869,134565489823,42140
3870,73080360870,5020
3871,207346812359,18350
3872,64573069011,5050
3873,290746959581,21980
3874,109037802286,6080
3875,89547592454,4200
3876,111993685475,2860
3877,148821964209,6670
3878,167278753864,7000
3879,419973111113,16790
3880,171990063852,8050
3881,166376345083,6310
3882,232099623502,13370
3883,83616176106,5190
3884,26435809480,2360
3885,54889956850,3520
3886,56365299115,3660
3887,44711236345,3140
3888,49487498414,3770
3889,89153924270,4190
3890,296655401637,12250
3891,39278896598,3210
3892,222966403770,8510
3893,49095400557,5080
3894,79775698042,5580
3895,87399854890,4880
3896,41845299825,3460
3897,93352806375,4970
3898,60525539370,5350
3899,82374146749,5520
3900,44678714287,3950
3901,57326555905,3530
3902,108017508026,6460
3903,499795064431,12100
3904,62629390771,2620
3905,80513791324,3750
3906,41875191917,4250
3907,19510545143,318500
3908,198448668542,8940
3909,41102963262,3030
3910,125276486694,4420
3911,31512738421,5640
3912,44501878956,4030
3913,185264565005,26180
3914,145327523336,6290
3915,54889956850,3520
3916,64573069011,5050
3917,31512738421,5640
3918,172633162006,191640
3919,35365308901,5560
3920,63157122362,5210
3921,40831383221,5790
3922,46681821030,4090
3923,67535193286,3310
3924,154915219504,2420
3925,579123832802,11360
3926,64520716596,5660
3927,225500312451,10850
3928,41489095285,2950
3929,54391073658,3780
3930,267655292080,9180
3931,159275728773,59340
3932,35589515867,3330
3933,61621372998,5060
3934,60937412465,3190
3935,198221253080,26360
3936,34928429213,4410
3937,94626360995,3090
3938,334982962696,7060
3939,53982323034,5860
3940,73481969970,5800
3941,72427965831,5490
3942,43015545690,5120
3943,309247890319,10500
3944,118375475721,2670
3945,78729580798,3900
3946,345324342729,10950
3947,56502388417,3630
3948,59836376865,4850
3949,222533486491,8620
3950,187980413465,33870
3951,67971243847,4800
3952,41845299825,3460
3953,162376154811,8590
3954,92465120485,5610
3955,150042439534,8060
3956,82640256912,2910
3957,60294926950,4400
3958,49132737420,3500
3959,46681821030,4090
3960,111993685475,2860
3961,100158720440,1550
3962,59906886300,3250
3963,181194889017,15430
3964,57309626448,5130
3965,46681821030,4090
3966,166279823967,6240
3967,148907387381,7380
3968,69507821930,4900
3969,178090304182,50090
3970,440510204483,14090
3971,81949828141,3220
3972,87617475526,2870
3973,56192095619,5510
3974,47722137074,5000
3975,154629434809,8790
3976,60014013542,4220
3977,72735782572,7280
3978,46681821030,4090
3979,21614840958,82890
3980,138727207728,2740
3981,62614754498,6050
3982,60014013542,4220
3983,60636990897,5540
3984,167878289274,58570
3985,44505181226,3170
3986,71179131262,5920
3987,265932725255,53960
3988,219094715861,15930
3989,103717284479,4620
3990,86285612256,5890
3991,137823371345,6830
3992,76508778872,5310
3993,169750614067,7740
3994,136934219865,179630
3995,79865853188,4890
3996,114057823650,194640
3997,55436121205,4350
3998,50440940657,4520
3999,44758797884,3810
4000,190354922971,16240
4001,77995161714,5830
4002,41845299825,3460
4003,40247013055,3490
4004,105029346841,6540
4005,53324382536,5300
4006,167881863002,19520
4007,41888889513,3150
4008,132177583042,6220
4009,76508778872,5310
4010,197572406144,8710
4011,642436777123,36740
4012,93579615426,2880
4013,133001207777,7410
4014,242665415598,9420
4015,7687030199,106940
4016,76862161844,4430
4017,45123546813,3420
4018,41420227623,2120
4019,41888889513,3150
4020,335138710790,2300
4021,39278896598,3210
4022,158838814256,6630
4023,96781985021,4700
4024,122517972207,6580
4025,232697604270,8100
4026,34303757989,409760
4027,49832910692,3160
4028,383855512855,15150
4029,406692913693,9130
4030,431641502188,13870
4031,69507821930,4900
4032,189285162132,6610
4033,117673115747,6910
4034,128366376432,6730
4035,345002373467,11830
4036,101829769019,2380
4037,70600676304,4840
4038,62614754498,6050
4039,139673561457,8480
4040,60937412465,3190
4041,44635693041,4530
4042,38325295167,3600
4043,308372404549,63860
4044,21556286816,277190
4045,59543581319,4020
4046,58328015590,3040
4047,123888949663,6520
4048,245903542577,11100
4049,52450049725,3390
4050,162955656294,8900
4051,212715911670,2150
4052,61621372998,5060
4053,72982404985,4500
4054,55436121205,4350
4055,55003687818,3870
4056,79412043854,5180
4057,99484210136,3640
4058,139673561457,8480
4059,69628046295,4600
4060,241161939763,11390
4061,56192095619,5510
4062,61621372998,5060
4063,194762406663,204810
4064,236105136492,11160
4065,671949985985,11270
4066,127396662671,155170
4067,569552054075,1940
4068,241913324386,16060
4069,390641310598,59300
4070,49048306724,4070
4071,58187091453,5170
4072,37090058388,4580
4073,194362561624,8420
4074,249149099333,11620
4075,62614754498,6050
4076,131377101267,18990
4077,55834381640,3470
4078,38361520544,3620
4079,41727139071,3580
4080,39502034293,5250
4081,43410025018,3050
4082,175163574884,9030
4083,60031531513,3720
4084,59543581319,4020
4085,53129310715,3340
4086,58328015590,3040
4087,65501766421,4560
4088,31512738421,5640
4089,71808318207,5630
4090,86285612256,5890
4091,165195702678,4430
4092,145375826796,14320
4093,78353288336,2700
4094,178173030473,198720
4095,113693134239,2970
4096,18721173832,101330
4097,197248618623,8110
4098,119408870956,9400
4099,39502034293,5250
4100,99806852970,6200
4101,79912994475,2350
4102,60636990897,5540
4103,587934959453,12460
4104,34928429213,4410
4105,99806852970,6200
4106,40049869432,4280
4107,59345296969,2790
4108,50733239599,5220
4109,108438473134,4990
4110,54391073658,3780
4111,86615733999,3090
4112,101064470524,2770
4113,305591209395,18950
4114,48997787218,5200
4115,62690070165,4960
4116,50733239599,5220
4117,42459765095,5040
4118,69114051298,5450
4119,38325295167,3600
4120,57393570495,3690
4121,73712162701,5470
4122,237073106368,6110
4123,194362561624,8420
4124,44711236345,3140
4125,94855841178,19560
4126,191614688954,13070
4127,49030532764,2980
4128,208158841242,7580
4129,513998741291,16660
4130,265730876404,7070
4131,39589288358,5380
4132,72156265108,8460
4133,68528860268,5370
4134,325250453802,20730
4135,38673638115,5100
4136,120099373112,4270
4137,203218808552,29240
4138,140680578534,10860
4139,82640256912,2910
4140,92840227134,4480
4141,57309626448,5130
4142,58187091453,5170
4143,16685301988,82120
4144,91487402708,4230
4145,44886968628,3730
4146,129054217697,5690
4147,68138015740,5410
4148,223084596646,59560
4149,39502034293,5250
4150,96387441444,4000
4151,188968957059,9820
4152,66903327582,3790
4153,59255526482,4040
4154,134563679354,6360
4155,78817280460,298560
4156,586533544318,15100
4157,389031679681,11340
4158,72898309357,2850
4159,82640256912,2910
4160,86285612256,5890
4161,39589288358,5380
4162,444941993986,9370
4163,239369483753,9490
4164,235075162601,13180
4165,62400233732,3970
4166,262829039976,20430
4167,220503759528,33270
4168,103184848284,2900
4169,53129310715,3340
4170,74821778911,3880
4171,43962850292,3350
4172,45123546813,3420
4173,80513791324,3750
4174,230243066860,12280
4175,63932507070,4820
4176,70248265541,4690
4177,61621372998,5060
4178,37242369872,4910
4179,53129310715,3340
4180,91487402708,4230
4181,41727139071,3580
4182,52568965718,4440
4183,108017508026,6460
4184,116663254071,2920
4185,42669972375,3960
4186,50680222059,3830
4187,73712162701,5470
4188,74692264729,6010
4189,59345296969,2790
4190,38628418084,4950
4191,59543581319,4020
4192,44527199459,3740
4193,166997634797,11800
4194,79881743921,4160
4195,146988672959,8580
4196,67693251450,5980
4197,38762548412,5670
4198,86807787037,5260
4199,124556908194,20590
4200,46826954611,4340
4201,62629390771,2620
4202,1069356848872,1540
4203,92474680200,29000
4204,328451108837,10800
4205,167493159072,7240
4206,371503799425,14570
4207,64520716596,5660
4208,151105490641,58620
4209,63157122362,5210
4210,71863826354,3070
4211,109095077445,5970
4212,240813457421,22440
4213,64922330801,5360
4214,100424194687,2570
4215,138780996045,8160
4216,99806852970,6200
4217,89153924270,4190
4218,342880194282,13550
4219,167881863002,19520
4220,38673638115,5100
4221,28943136384,88500
4222,70600676304,4840
4223,79881743921,4160
4224,189133659769,4280
4225,70263666551,5480
4226,440733926653,8080
4227,31331720285,3280
4228,39589288358,5380
4229,169750614067,7740
4230,277109384060,2130
4231,76158550940,6820
4232,64221753037,257360
4233,85121925764,4490
4234,87617475526,2870
4235,44886968628,3730
4236,61106974689,4670
4237,60656389499,5960
4238,57393570495,3690
4239,64548927963,4390
4240,145327523336,6290
4241,59305435946,5440
4242,42459765095,5040
4243,142306696496,2340
4244,40727914137,5320
4245,43978695032,3610
4246,98624230781,3520
4247,201893873532,19150
4248,91487402708,4230
4249,55545011540,2890
4250,162156011968,18380
4251,40609585278,3370
4252,192465012012,6350
4253,44758797884,3810
4254,208378435337,6680
4255,118375475721,2670
4256,125845374764,240060
4257,492591577432,6590
4258,16365638897,89220
4259,162955656294,8900
4260,63755051142,2840
4261,69507821930,4900
4262,339295201544,21670
4263,226458611263,27040
4264,454057642450,32800
4265,239774682808,6890
4266,718474329410,10200
4267,162143206798,4180
4268,41489095285,2950
4269,42711331390,3130
4270,44758797884,3810
4271,43978695032,3610
4272,326289448758,17430
4273,63986337977,5650
4274,40831383221,5790
4275,50684794067,2990
4276,44886968628,3730
4277,93352806375,4970
4278,98257810648,6480
4279,51927361837,3000
4280,49487498414,3770
4281,207142374025,6850
4282,49048306724,4070
4283,67535193286,3310
4284,71808318207,5630
4285,49832910692,3160
4286,799894010223,2360
4287,57326555905,3530
4288,52424677325,3910
4289,180440732869,7470
4290,273123684880,7450
4291,393786414003,1960
4292,49978253537,3260
4293,208430047868,15000
4294,39444020760,3290
4295,114272620474,6130
4296,178843217109,7600
4297,94306603045,5780
4298,104106158575,4100
4299,47879504506,4470
4300,122366537776,6270
4301,50440940657,4520
4302,44308388564,3360
4303,89547592454,4200
4304,38762548412,5670
4305,39589288358,5380
4306,412982745023,11020
4307,33104721623,251080
4308,330966733179,11260
4309,55545011540,2890
4310,46826954611,4340
4311,41875191917,4250
4312,44527199459,3740
4313,329439433904,18480
4314,216630860587,22200
4315,120768129706,161250
4316,41278002443,5430
4317,66790284943,5160
4318,300601518597,50620
4319,42867063696,3060
4320,140862006406,9000
4321,158838814256,6630
4322,57393570495,3690
4323,157628298394,6450
4324,120099373112,4270
4325,125198705527,5740
4326,44678714287,3950
4327,131514746189,8660
4328,24935175316,431720
4329,258663964726,7180
4330,65157273938,5600
4331,211680090955,8250
4332,591519369955,10310
4333,87623998030,3380
4334,113863684539,4450
4335,195091081986,26680
4336,50358579906,4760
4337,338673320997,61570
4338,69032658831,5140
4339,40049869432,4280
4340,456290057055,18250
4341,101829769019,2380
4342,60656389499,5960
4343,76158550940,6820
4344,7942555625,95050
4345,60403371325,4680
4346,253715255068,14620
4347,46826954611,4340
4348,69919452475,3760
4349,309247890319,10500
4350,79775698042,5580
4351,41888889513,3150
4352,362528033534,7780
4353,197052973022,13010
4354,254481958403,44500
4355,214478066087,10930
4356,152419697063,4570
4357,35589515867,3330
4358,573312683090,13310
4359,67759889868,4750
4360,44441104361,3890
4361,54259979971,3860
4362,71179131262,5920
4363,708403547061,9620
4364,46842044621,3270
4365,82640256912,2910
4366,257908276421,27840
4367,44711236345,3140
4368,335574654209,17110
4369,146374043222,8560
4370,89153924270,4190
4371,493228666559,14590
4372,207495943019,7850
4373,46842044621,3270
4374,45987712493,3200
4375,112875335096,6000
4376,56063516410,3940
4377,542615931501,1950
4378,74821778911,3880
4379,308527073232,8090
4380,165417291404,7210
4381,59906886300,3250
4382,93352806375,4970
4383,44678714287,3950
4384,32651001616,81320
4385,130643195079,14540
4386,135970132965,239130
4387,68768637085,2830
4388,86807787037,5260
4389,82374146749,5520
4390,73080360870,5020
4391,205028775731,5270
4392,138780996045,8160
4393,53982323034,5860
4394,62629390771,2620
4395,55436121205,4350
4396,71863826354,3070
4397,35365308901,5560
4398,120099373112,4270
4399,169667911458,51170
4400,93004003659,5810
4401,60937412465,3190
4402,414918112744,8610
4403,276505848689,8150
4404,58187091453,5170
4405,342586781239,13530
4406,70600676304,4840
4407,216896465101,10120
4408,140862006406,9000
4409,271794981367,22070
4410,47879504506,4470
4411,59906886300,3250
4412,114728957027,6030
4413,44214241400,3540
4414,162182651263,50250
4415,665045265194,9890
4416,39976100644,3480
4417,61953288117,2930
4418,191355225323,8340
4419,44214241400,3540
4420,142304991799,7840
4421,39502034293,5250
4422,55545011540,2890
4423,294523798977,9920
4424,346250474430,9380
4425,48164638484,4080
4426,42459765095,5040
4427,25377583481,87410
4428,76158550940,6820
4429,109200931885,6410
4430,50305279611,4930
4431,38628418084,4950
4432,140862006406,9000
4433,149776992702,24500
4434,49095400557,5080
4435,44426154578,3700
4436,64088856400,5460
4437,103717284479,4620
4438,291084990167,42500
4439,67189270531,4010
4440,268646909955,2010
4441,66903327582,3790
4442,211680090955,8250
4443,191226288909,165280
4444,85014417227,5550
4445,47722137074,5000
4446,125787983940,6170
4447,255862060222,8650
4448,55545011540,2890
4449,42459765095,5040
4450,44012384960,3100
4451,46815189634,5330
4452,73712162701,5470
4453,21821855164,85830
4454,39502034293,5250
4455,232697604270,8100
4456,378940930104,10220
4457,330876775587,22260
4458,178613539882,6720
4459,144036727758,7430
4460,307066114495,10100
4461,292813652597,22950
4462,44758797884,3810
4463,78353288336,2700
4464,53982323034,5860
4465,56959432972,3990
4466,41102963262,3030
4467,60525539370,5350
4468,531731800658,16100
4469,246255837285,8820
4470,65157273938,5600
4471,66751752883,4650
4472,117220384674,8020
4473,377932479822,17680
4474,40727914137,5320
4475,157698352324,2220
4476,93579615426,2880
4477,78797477222,5110
4478,166305536043,2680
4479,98227157664,178530
4480,114272620474,6130
4481,163078789682,5750
4482,44331362981,5150
4483,263011387161,6140
4484,188968957059,9820
4485,126973938938,3970
4486,53758973284,2940
4487,72212347609,5230
4488,54259979971,3860
4489,51118059333,3110
4490,285761051718,9270
4491,80513791324,3750
4492,340436374446,63010
4493,105935791578,5940
4494,465489240969,7990
4495,123850183621,2350
4496,191614688954,13070
4497,38628418084,4950
4498,61202204413,4550
4499,29768504356,333250
4500,174668643840,45520
4501,72427965831,5490
4502,92560338375,6380
4503,42138226527,3710
4504,333960077959,16590
4505,42669972375,3960
4506,93579615426,2880
4507,48542307772,3680
4508,38325295167,3600
4509,303848229861,43190
4510,125276486694,4420
4511,64520716596,5660
4512,44214241400,3540
4513,33459821908,3560
4514,71863826354,3070
4515,59255526482,4040
4516,56325386554,2720
4517,262405929424,13320
4518,41496193655,5400
4519,72212347609,5230
4520,42669972375,3960
4521,60014013542,4220
4522,39589288358,5380
4523,91718005595,2290
4524,309307817013,12810
4525,52450049725,3390
4526,40725208957,3670
4527,202637503015,14030
4528,292274925153,8540
4529,226672989319,10400
4530,672660072419,2160
4531,301340653740,2520
4532,344312536741,10750
4533,27278715900,271160
4534,50358579906,4760
4535,122517972207,6580
4536,73083370027,2850
4537,124778861437,3060
4538,685536978035,9040
4539,71863826354,3070
4540,272131326198,20750
4541,48164638484,4080
4542,157695097858,2530
4543,196224831917,13050
4544,67916206423,4150
4545,44546596436,3260
4546,67189270531,4010
4547,65157273938,5600
4548,51118059333,3110
4549,61953288117,2930
4550,55545011540,2890
4551,62400233732,3970
4552,48671204785,2960
4553,67693251450,5980
4554,33459821908,3560
4555,65157273938,5600
4556,44723461853,4720
4557,194544107056,7050
4558,155663436231,7140
4559,18316358793,85670
4560,57184012087,3180
4561,123351717759,6370
4562,81949828141,3220
4563,39964557033,3240
4564,203194295111,14690
4565,69114051298,5450
4566,87617475526,2870
4567,79389749634,3820
4568,51927361837,3000
4569,382404681463,8530
4570,158165020170,7750
4571,42711331390,3130
4572,121572205380,4380
4573,414889616968,15830
4574,51118059333,3110
4575,64548927963,4390
4576,77480596215,4130
4577,179681875919,53760
4578,139414363378,6810
4579,71041204846,5680
4580,64922330801,5360
4581,91819180484,5840
4582,45987712493,3200
4583,64088856400,5460
4584,59836376865,4850
4585,312904494346,14300
4586,44426154578,3700
4587,61932770470,5530
4588,42711331390,3130
4589,140862006406,9000
4590,66245784000,3980
4591,142306696496,2340
4592,44635693041,4530
4593,201341365415,9250
4594,276505848689,8150
4595,41727139071,3580
4596,42711331390,3130
4597,251582498766,7080
4598,58187091453,5170
4599,104640018869,5990
4600,263526957471,7790
4601,62421312736,4770
4602,44723461853,4720
4603,21918938117,83170
4604,377092357984,7960
4605,79412043854,5180
4606,38361520544,3620
4607,196878977446,16260
4608,173128577195,11880
4609,191679075442,2580
4610,49662377632,3110
4611,711803140068,12130
4612,41845299825,3460
4613,85121925764,4490
4614,166314416309,47300
4615,63986337977,5650
4616,105110107517,4170
4617,41845299825,3460
4618,39278896598,3210
4619,111363469437,4320
4620,151253107371,6330
4621,73481969970,5800
4622,73712162701,5470
4623,72735782572,7280
4624,72733845602,5760
4625,166376345083,6310
4626,42172157120,172970
4627,46826954611,4340
4628,50039215506,40020
4629,125787983940,6170
4630,66245784000,3980
4631,55003687818,3870
4632,86868540787,6770
4633,64922330801,5360
4634,44758797884,3810
4635,61106974689,4670
4636,709541532879,18380
4637,79389749634,3820
4638,56989767256,4540
4639,342586781239,13530
4640,196810460652,8810
4641,140690214236,5010
4642,233219014700,8090
4643,42711331390,3130
4644,77995161714,5830
4645,53758973284,2940
4646,40609585278,3370
4647,512254487912,15120
4648,38325295167,3600
4649,39964557033,3240
4650,61932770470,5530
4651,51927361837,3000
4652,87623998030,3380
4653,44527199459,3740
4654,43006850178,5340
4655,71192469664,78040
4656,42033107304,3410
4657,344623452667,9700
4658,371507760496,17670
4659,154541893200,17100
4660,55597339573,4790
4661,217090195863,12000
4662,566175726538,15470
4663,273978023734,7850
4664,232697604270,8100
4665,230686814015,10090
4666,210619527436,6900
4667,38361520544,3620
4668,76508778872,5310
4669,202637503015,14030
4670,66903327582,3790
4671,423091422691,7010
4672,56063516410,3940
4673,46135294695,3510
4674,38762548412,5670
4675,162459032449,13980
4676,56063516410,3940
4677,66903327582,3790
4678,35589515867,3330
4679,46826954611,4340
4680,37242369872,4910
4681,481356058467,16300
4682,134563679354,6360
4683,265727964365,7160
4684,128366376432,6730
4685,50440940657,4520
4686,43006850178,5340
4687,66790284943,5160
4688,216319998379,8630
4689,74599209153,5240
4690,505881443676,6990
4691,174176526817,6700
4692,41888889513,3150
4693,275988451971,11200
4694,42138226527,3710
4695,341568011293,19810
4696,42138226527,3710
4697,47722137074,5000
4698,52991208825,3760
4699,126906553898,2590
4700,652218729006,12060
4701,35365308901,5560
4702,41845299825,3460
4703,164881214113,21940
4704,60403371325,4680
4705,86868540787,6770
4706,59819246394,4590
4707,37759917399,3230
4708,173648511969,6460
4709,44331362981,5150
4710,562628877503,14970
4711,173724713371,6870
4712,152128857565,2810
4713,216295252756,6640
4714,192424410781,11500
4715,60362619117,4730
4716,23529605190,99060
4717,69114051298,5450
4718,91487402708,4230
4719,131002959186,4800
4720,150169967724,36040
4721,44331362981,5150
4722,182829496244,36760
4723,37759917399,3230
4724,44711236345,3140
4725,130271533078,7020
4726,43015545690,5120
4727,59345296969,2790
4728,60636990897,5540
4729,44012384960,3100
4730,36192009606,321120
4731,56989767256,4540
4732,155664693178,13660
4733,45354623710,179070
4734,68528860268,5370
4735,272855224980,12860
4736,52987788391,4810
4737,457409050706,14600
4738,537443307785,68790
4739,502834627741,14070
4740,106267196201,4140
4741,364231161964,11440
4742,93989208155,6390
4743,63157122362,5210
4744,64922330801,5360
4745,469002007656,17310
4746,54803374689,3400
4747,34928429213,4410
4748,93004003659,5810
4749,49095400557,5080
4750,50358579906,4760
4751,121502376905,5900
4752,223799371006,7290
4753,190493014815,10590
4754,46815189634,5330
4755,616273737732,14500
4756,129914658931,218200
4757,94306603045,5780
4758,112588317158,3930
4759,125562129437,6880
4760,123888949663,6520
4761,119408870956,9400
4762,625337560247,12170
4763,40609585278,3370
4764,59202638988,5590
4765,234680810023,21730
4766,223842296183,11030
4767,186109012703,12020
4768,91819180484,5840
4769,99484210136,3640
4770,91487402708,4230
4771,863679440816,8180
4772,109037802286,6080
4773,203194295111,14690
4774,65157273938,5600
4775,41278002443,5430
4776,60079425397,3880
4777,68627716398,75040
4778,62331912733,4610
4779,49030532764,2980
4780,92368924892,3840
4781,49048306724,4070
4782,241783741728,20310
4783,631866710912,1650
4784,112588317158,3930
4785,118366807014,2710
4786,41102963262,3030
4787,341938636174,63340
4788,360228580900,47450
4789,247490061718,8450
4790,157596497887,7690
4791,41278002443,5430
4792,73471242254,4260
4793,104640018869,5990
4794,75978680279,4370
4795,138727207728,2740
4796,46815189634,5330
4797,44441104361,3890
4798,256760222526,9480
4799,72427965831,5490
4800,314304607340,12790
4801,72012726933,4630
4802,523864422516,13860
4803,805146308394,9190
4804,171052022955,4030
4805,48474886347,3010
4806,844227634727,9990
4807,99806852970,6200
4808,131027234700,9080
4809,400868756944,7510
4810,100381867406,2270
4811,198518498187,10810
4812,98178260895,2560
4813,47719228806,79880
4814,39960163184,3450
4815,66245784000,3980
4816,240728272348,6570
4817,143310226781,9110
4818,73703455868,5390
4819,152128857565,2810
4820,307539945280,22150
4821,70255262606,251930
4822,66751752883,4650
4823,167126897716,5620
4824,487001359170,2240
4825,263526957471,7790
4826,144036727758,7430
4827,40609585278,3370
4828,84625007828,6120
4829,59836376865,4850
4830,263808062236,6790
4831,71808318207,5630
4832,56502388417,3630
4833,40247013055,3490
4834,45987712493,3200
4835,531357985883,16280
4836,41496193655,5400
4837,12438402784,105920
4838,773514798477,11660
4839,321097656993,9440
4840,89926454433,238490
4841,105029346841,6540
4842,176681474752,43950
4843,293204970190,8740
4844,62421312736,4770
4845,223163180172,2460
4846,111363469437,4320
4847,89477578289,5910
4848,41102963262,3030
4849,77097517993,329180
4850,35365308901,5560
4851,171073472106,11780
4852,413765751121,8700
4853,250242928158,24740
4854,44012384960,3100
4855,247490061718,8450
4856,114496805836,6180
4857,109887181999,8040
4858,104106158575,4100
4859,163151615371,8190
4860,57184012087,3180
4861,64088856400,5460
4862,81601979491,6340
4863,33459821908,3560
4864,62690070165,4960
4865,49132737420,3500
4866,73712162701,5470
4867,139414363378,6810
4868,72982404985,4500
4869,77219784916,4940
4870,143310226781,9110
4871,35683766338,5290
4872,57396095504,4560
4873,64922330801,5360
4874,47879504506,4470
4875,286679941078,6710
4876,62421312736,4770
4877,1162519655284,1700
4878,218011023480,29910
4879,52450049725,3390
4880,301081895305,11060
4881,247297081445,22600
4882,38762548412,5670
4883,297911015288,10380
4884,44214241400,3540
4885,10547805169,91970
4886,254455156547,25750
4887,44588630890,3650
4888,126852615488,2400
4889,190493014815,10590
4890,73083370027,2850
4891,44678714287,3950
4892,117673115747,6910
4893,62421312736,4770
4894,1188727006616,1430
4895,82845494585,8980
4896,109914333657,300030
4897,42459765095,5040
4898,64573069011,5050
4899,331176392536,17280
4900,66790284943,5160
4901,245017304518,14340
4902,260507697179,7800
4903,92840227134,4480
4904,64935254382,5700
4905,38519266997,5710
4906,43978695032,3610
4907,189273226907,6190
4908,60031531513,3720
4909,69628046295,4600
4910,62690070165,4960
4911,202811416731,2540
4912,112875335096,6000
4913,37242369872,4910
4914,229422629435,171050
4915,62690070165,4960
4916,5930803270,131370
4917,685604854210,9840
4918,77219784916,4940
4919,38519266997,5710
4920,20700081989,2320
4921,41875191917,4250
4922,301165491969,21000
4923,215809139926,9220
4924,134081476500,4510
4925,98178260895,2560
4926,42033107304,3410
4927,55436121205,4350
4928,50440940657,4520
4929,69662713596,3550
4930,39589288358,5380
4931,64935254382,5700
4932,100381867406,2270
4933,56365299115,3660
4934,155663436231,7140
4935,119563896886,6230
4936,492585848125,8570
4937,97972989104,4050
4938,49095400557,5080
4939,38361520544,3620
4940,55436121205,4350
4941,142137805792,48660
4942,162156011968,18380
4943,35589515867,3330
4944,348528582637,12990
4945,216780761235,18110
4946,56525522922,2750
4947,173958851996,11010
4948,104106158575,4100
4949,71658591160,4240
4950,103184848284,2900
4951,623203068647,1780
4952,113693134239,2970
4953,62400233732,3970
4954,142946805746,5850
4955,216780761235,18110
4956,72735782572,7280
4957,47879504506,4470
4958,195770197910,7520
4959,44588630890,3650
4960,258232335958,19620
4961,43978695032,3610
4962,69662713596,3550
4963,37242369872,4910
4964,52991208825,3760
4965,201427985036,11800
4966,51118059333,3110
4967,86285612256,5890
4968,175163574884,9030
4969,78663777515,6020
4970,148907387381,7380
4971,763297120357,11550
4972,55597339573,4790
4973,78729580798,3900
4974,119563896886,6230
4975,263765018487,8840
4976,538149415467,15090
4977,100942482865,4120
4978,96347272707,6070
4979,66790284943,5160
4980,59202638988,5590
4981,46815189634,5330
4982,436115572378,10020
4983,48164638484,4080
4984,58151313278,4110
4985,51118059333,3110
4986,229705239928,23760
4987,20700081989,2320
4988,181508836706,17580
4989,81949828141,3220
4990,47722137074,5000
4991,39960163184,3450
4992,270169247924,10700
4993,401201851578,19040
4994,50305279611,4930
4995,171364204110,8240
4996,146464975018,8010
4997,69032658831,5140
4998,212462688527,31290
4999,1205153979439,1510
5000,101753814949,5570
5001,103717284479,4620
5002,493503083814,2060
5003,40725208957,3670
5004,40049869432,4280
5005,86874803038,77930
5006,118915214350,2660
5007,44635693041,4530
5008,103608344570,5360
5009,50305279611,4930
5010,54803374689,3400
5011,316416832719,12740
5012,63755051142,2840
5013,260046656822,50350
5014,501893447272,15480
5015,242229670486,9610
5016,79234036590,4660
5017,42867063696,3060
5018,39502034293,5250
5019,155630804167,7680
5020,111186856893,4310
5021,79865853188,4890
5022,440185448448,68490
5023,278062605828,49240
5024,62913447382,2990
5025,48671204785,2960
5026,6797948942,136020
5027,44527199459,3740
5028,493503083814,2060
5029,39502034293,5250
5030,62847424879,5070
5031,269635193803,15750
5032,1193845005124,1870
5033,286679941078,6710
5034,173724713371,6870
5035,121384585044,7340
5036,98257810648,6480
5037,98178260895,2560
5038,65157273938,5600
5039,89547592454,4200
5040,724517352046,1610
5041,92363657421,6490
5042,37720803233,205760
5043,491379705706,1750
5044,43962850292,3350
5045,328670465327,8730
5046,487001359170,2240
5047,71179131262,5920
5048,118915214350,2660
5049,69892608878,4830
5050,276878251259,11630
5051,38519266997,5710
5052,56192095619,5510
5053,46681821030,4090
5054,87399854890,4880
5055,64922330801,5360
5056,42138226527,3710
5057,166376345083,6310
5058,44426154578,3700
5059,158838814256,6630
5060,72982404985,4500
5061,407742212417,16310
5062,81949828141,3220
5063,518098364279,12920
5064,31331720285,3280
5065,51927361837,3000
5066,445657395325,15870
5067,56325386554,2720
5068,49132737420,3500
5069,30817270245,2410
5070,55545011540,2890
5071,243476917699,12720
5072,67535193286,3310
5073,208269371313,6960
5074,94859365696,3800
5075,52450049725,3390
5076,41845299825,3460
5077,41888889513,3150
5078,157698352324,2220
5079,72733845602,5760
5080,134081476500,4510
5081,50305279611,4930
5082,177549310841,226010
5083,44501878956,4030
5084,132229531359,4210
5085,280542742512,7770
5086,123351717759,6370
5087,40049869432,4280
5088,45812087424,72280
5089,113693134239,2970
5090,220940435818,57360
5091,286582761226,2180
5092,387413509695,17810
5093,63755051142,2840
5094,203019190772,8520
5095,56525522922,2750
5096,180440732869,7470
5097,92368924892,3840
5098,154629434809,8790
5099,178813209497,32040
5100,44501878956,4030
5101,59202638988,5590
5102,53758973284,2940
5103,193764894380,50530
5104,68528860268,5370
5105,157628298394,6450
5106,59305435946,5440
5107,162076071163,13860
5108,132761746070,6400
5109,42669972375,3960
5110,196019668661,62320
5111,77995161714,5830
5112,171242112914,2200
5113,66116265419,4330
5114,38762548412,5670
5115,81100812440,5090
5116,172173011785,3680
5117,59819246394,4590
5118,55427408585,3430
5119,71863826354,3070
5120,232099623502,13370
5121,120496308794,257830
5122,303925384686,12370
5123,126942308954,2920
5124,166994733842,52720
5125,66790920207,149400
5126,569552054075,1940
5127,55436121205,4350
5128,148536747020,2600
5129,40247013055,3490
5130,91366967054,4360
5131,74692264729,6010
5132,557651299622,14660
5133,79234036590,4660
5134,150726682750,59500
5135,197572406144,8710
5136,66116265419,4330
5137,86285612256,5890
5138,41496193655,5400
5139,118915214350,2660
5140,69032658831,5140
5141,40831383221,5790
5142,38519266997,5710
5143,39589288358,5380
5144,40247013055,3490
5145,65861441888,4980
5146,162553719445,7700
5147,46135294695,3510
5148,60294926950,4400
5149,39502034293,5250
5150,69628046295,4600
5151,404628343351,7250
5152,572267600215,1920
5153,93005143008,50550
5154,100942482865,4120
5155,422445028832,15400
5156,50358579906,4760
5157,84240867665,4530
5158,31331720285,3280
5159,250920754568,11790
5160,59255526482,4040
5161,66903327582,3790
5162,162553719445,7700
5163,69892608878,4830
5164,53758973284,2940
5165,71808318207,5630
5166,37242369872,4910
5167,926285453184,2550
5168,44886968628,3730
5169,121597918754,19920
5170,57326555905,3530
5171,99806852970,6200
5172,37759917399,3230
5173,47722137074,5000
5174,608619057814,11470
5175,44426154578,3700
5176,44331362981,5150
5177,54391073658,3780
5178,322273794542,11970
5179,310306314537,56120
5180,180440732869,7470
5181,49132737420,3500
5182,38673638115,5100
5183,184269842856,180520
5184,76508778872,5310
5185,46842044621,3270
5186,45987712493,3200
5187,514963547577,32280
5188,226672989319,10400
5189,60031531513,3720
5190,423689517018,2410
5191,42711331390,3130
5192,617956325035,15350
5193,227508621471,10110
5194,186109012703,12020
5195,70224900033,4060
5196,52568965718,4440
5197,67971243847,4800
5198,55834381640,3470
5199,60403371325,4680
5200,78797477222,5110
5201,112015495325,5480
5202,118375475721,2670
5203,39960163184,3450
5204,197400304559,31960
5205,33459821908,3560
5206,227261583382,23560
5207,96387441444,4000
5208,30769760194,4160
5209,110274737636,12630
5210,161364272380,36380
5211,251582498766,7080
5212,67189270531,4010
5213,112875335096,6000
5214,74821778911,3880
5215,59543581319,4020
5216,56325386554,2720
5217,70263666551,5480
5218,54391073658,3780
5219,402086086923,15810
5220,190407856960,35320
5221,229246596039,55420
5222,38673638115,5100
5223,70224900033,4060
5224,77219784916,4940
5225,125105417357,169750
5226,152224234336,5730
5227,112138758276,8980
5228,173262978233,5880
5229,42459765095,5040
5230,435013075254,10740
5231,153460162320,3510
5232,561546193445,14120
5233,54259979971,3860
5234,71808318207,5630
5235,85121925764,4490
5236,50684794067,2990
5237,53274639499,3300
5238,361587866285,9720
5239,44758797884,3810
5240,109887181999,8040
5241,44527199459,3740
5242,59202638988,5590
5243,76508778872,5310
5244,227920622473,6230
5245,60940799037,75070
5246,318719477487,9520
5247,78663777515,6020
5248,57326555905,3530
5249,208706049764,17880
5250,44527199459,3740
5251,212293392221,12410
5252,197597565023,12240
5253,74599209153,5240
5254,59255526482,4040
5255,366370616111,11190
5256,39960163184,3450
5257,274422634900,10520
5258,131027234700,9080
5259,281974232358,10460
5260,45987712493,3200
5261,78796301481,4300
5262,56959432972,3990
5263,40727914137,5320
5264,87399854890,4880
5265,66790284943,5160
5266,64573069011,5050
5267,5928171195,141140
5268,232697604270,8100
5269,254109166592,15290
5270,92465120485,5610
5271,57326555905,3530
5272,118366807014,2710
5273,111186856893,4310
5274,41727139071,3580
5275,69628046295,4600
5276,43015545690,5120
5277,64342217286,3770
5278,482495405509,47710
5279,213952000583,10920
5280,190046821432,11040
5281,325452781324,19710
5282,50358579906,4760
5283,194362561624,8420
5284,229884827376,7390
5285,167247218193,7480
5286,81949828141,3220
5287,28554045488,88940
5288,60525539370,5350
5289,43978695032,3610
5290,236587416260,7130
5291,171364204110,8240
5292,478520221127,1900
5293,103184848284,2900
5294,34928429213,4410
5295,79389749634,3820
5296,105306855438,2280
5297,78796301481,4300
5298,76508778872,5310
5299,27375235724,87130
5300,121502376905,5900
5301,79865853188,4890
5302,181054378056,2120
5303,104106158575,4100
5304,67759889868,4750
5305,96781985021,4700
5306,43015545690,5120
5307,41727139071,3580
5308,314414970796,13910
5309,255870185646,158840
5310,262352103648,9800
5311,39964557033,3240
5312,222135694274,6690
5313,441989382489,8850
5314,218746408300,29190
5315,73712162701,5470
5316,176987076512,11140
5317,567658734681,9590
5318,91366967054,4360
5319,73471242254,4260
5320,483618842314,2000
5321,292361661333,14490
5322,38361520544,3620
5323,167493159072,7240
5324,93352806375,4970
5325,44758797884,3810
5326,40049869432,4280
5327,50305279611,4930
5328,55597339573,4790
5329,108438473134,4990
5330,42867063696,3060
5331,56192095619,5510
5332,193719669647,10540
5333,41496193655,5400
5334,368038388882,8690
5335,7505999378,1500000
5336,58356265130,4870
5337,206357844370,8990
5338,77995161714,5830
5339,73115770595,4780
5340,141295814320,8430
5341,94859365696,3800
5342,217633955222,20300
5343,65861441888,4980
5344,528605080099,1670
5345,87399854890,4880
5346,52424677325,3910
5347,174176526817,6700
5348,39976100644,3480
5349,50684794067,2990
5350,94626360995,3090
5351,60525539370,5350
5352,203201029597,6550
5353,35589515867,3330
5354,542615931501,1950
5355,48164638484,4080
5356,66116265419,4330
5357,37242369872,4910
5358,307501318672,20820
5359,31512738421,5640
5360,96781985021,4700
5361,77480596215,4130
5362,71041204846,5680
5363,324953445150,11900
5364,80515314427,5280
5365,218821285543,9760
5366,39589288358,5380
5367,222698247729,24900
5368,116663254071,2920
5369,206454228948,7900
5370,123244518935,6260
5371,44914453557,3570
5372,201008209891,8860
5373,66155058603,282650
5374,119563896886,6230
5375,52568965718,4440
5376,107121700941,217650
5377,267655292080,9180
5378,222771797650,7890
5379,103184848284,2900
5380,99174496147,5030
5381,194544107056,7050
5382,64269396701,5070
5383,44012384960,3100
5384,52987788391,4810
5385,47722137074,5000
5386,45123546813,3420
5387,435013075254,10740
5388,44012384960,3100
5389,34928429213,4410
5390,112138758276,8980
5391,153889971554,31560
5392,287673481871,12450
5393,41489095285,2950
5394,208269371313,6960
5395,181508836706,17580
5396,148821964209,6670
5397,31331720285,3280
5398,72212347609,5230
5399,368920979948,20070
5400,71658591160,4240
5401,54889956850,3520
5402,75872888814,199160
5403,94859365696,3800
5404,44914453557,3570
5405,104106158575,4100
5406,228148514132,7200
5407,49832910692,3160
5408,60403371325,4680
5409,123244518935,6260
5410,44441104361,3890
5411,60636990897,5540
5412,55427408585,3430
5413,60636990897,5540
5414,61621372998,5060
5415,121223657454,6090
5416,152814363662,24010
5417,72733845602,5760
5418,150042439534,8060
5419,44711236345,3140
5420,82374146749,5520
5421,60362619117,4730
5422,60937412465,3190
5423,143756005940,5930
5424,133696373652,8650
5425,329296576902,22880
5426,78353288336,2700
5427,67971243847,4800
5428,46135294695,3510
5429,41489095285,2950
5430,263553254148,23380
5431,47879504506,4470
5432,262405929424,13320
5433,87623998030,3380
5434,167278753864,7000
5435,132761746070,6400
5436,316755325421,20190
5437,125276486694,4420
5438,40725208957,3670
5439,38762548412,5670
5440,430467387189,10450
5441,117673115747,6910
5442,318719477487,9520
5443,69892608878,4830
5444,197907843042,57600
5445,176987076512,11140
5446,41845299825,3460
5447,114272620474,6130
5448,417399816083,10280
5449,38169020271,258450
5450,41875191917,4250
5451,73080360870,5020
5452,1242998379413,1480
5453,39960163184,3450
5454,63755051142,2840
5455,148389069250,8720
5456,62614754498,6050
5457,186267981529,15620
5458,73703455868,5390
5459,36381377020,196990
5460,40442310673,3440
5461,492519781719,16000
5462,61621372998,5060
5463,419193618644,1930
5464,79865853188,4890
5465,415744144455,17900
5466,7505999378,1500000
5467,157022314136,2390
5468,312904494346,14300
5469,52987788391,4810
5470,66790284943,5160
5471,546298513097,10970
5472,44505181226,3170
5473,117220384674,8020
5474,29128865281,86210
5475,40727914137,5320
5476,94859365696,3800
5477,174292193688,7120
5478,229884827376,7390
5479,67535193286,3310
5480,31331720285,3280
5481,228148514132,7200
5482,79865853188,4890
5483,386807252436,8130
5484,63157122362,5210
5485,348011327317,10290
5486,559332765264,11960
5487,252262253496,11720
5488,73703455868,5390
5489,90954928597,3920
5490,1589671511,137320
5491,65861441888,4980
5492,47722137074,5000
5493,115920327307,3490
5494,108017508026,6460
5495,56959432972,3990
5496,49030532764,2980
5497,53274639499,3300
5498,231336074519,16940
5499,62400233732,3970
5500,55834381640,3470
5501,77995161714,5830
5502,120099373112,4270
5503,646183477342,11850
5504,44711236345,3140
5505,5773928596,126000
5506,143756005940,5930
5507,257717936337,27740
5508,39278896598,3210
5509,40049869432,4280
5510,497147351508,11810
5511,97859158818,5680
5512,584578403500,21280
5513,51118059333,3110
5514,212293392221,12410
5515,52991208825,3760
5516,223038355450,9430
5517,170907499503,8930
5518,148907387381,7380
5519,290722292208,7040
5520,53758973284,2940
5521,216152710189,10640
5522,123244518935,6260
5523,279291422973,21850
5524,44758797884,3810
5525,44214241400,3540
5526,64088856400,5460
5527,40727914137,5320
5528,44886968628,3730
5529,178613539882,6720
5530,347169144757,18760
5531,59819246394,4590
5532,62331912733,4610
5533,54391073658,3780
5534,80515314427,5280
5535,104640018869,5990
5536,223799371006,7290
5537,121360307366,9600
5538,39976100644,3480
5539,61202204413,4550
5540,56365299115,3660
5541,289084103617,7730
5542,39964557033,3240
5543,262352103648,9800
5544,118915214350,2660
5545,44886968628,3730
5546,242637272269,12820
5547,93004003659,5810
5548,45123546813,3420
5549,178843217109,7600
5550,144096545965,7150
5551,40725208957,3670
5552,317994415210,20040
5553,189273226907,6190
5554,121502376905,5900
5555,54855662849,3320
5556,211547840300,15170
5557,68768637085,2830
5558,225678835076,2470
5559,68768637085,2830
5560,54855662849,3320
5561,170907499503,8930
5562,93352806375,4970
5563,222135694274,6690
5564,53758973284,2940
5565,81601979491,6340
5566,92465120485,5610
5567,100424194687,2570
5568,403809187984,7710
5569,56063516410,3940
5570,81100812440,5090
5571,38519266997,5710
5572,91819180484,5840
5573,64922330801,5360
5574,61953288117,2930
5575,547797379496,13560
5576,136869901684,8330
5577,104632529601,5950
5578,52424677325,3910
5579,5787021588,119420
5580,43962850292,3350
5581,478195705365,16380
5582,62105131488,3590
5583,96347272707,6070
5584,31331720285,3280
5585,173057241049,6510
5586,165972144621,3830
5587,14838339973,104910
5588,74821778911,3880
5589,51118059333,3110
5590,35683766338,5290
5591,242707340859,6210
5592,240728272348,6570
5593,41496193655,5400
5594,69507821930,4900
5595,301340653740,2520
5596,41727139071,3580
5597,39589288358,5380
5598,385476096646,48860
5599,91819180484,5840
5600,72982404985,4500
5601,100908227200,6740
5602,77480596215,4130
5603,225678835076,2470
5604,212533388002,183100
5605,130271533078,7020
5606,40247013055,3490
5607,45214378299,81070
5608,202588860687,2320
5609,330694083331,19590
5610,67759889868,4750
5611,48164638484,4080
5612,332972592884,11600
5613,41102963262,3030
5614,143756005940,5930
5615,173443797132,4890
5616,40725208957,3670
5617,128689273795,10910
5618,93989208155,6390
5619,397798417482,15250
5620,428641216898,15080
5621,373528240662,20490
5622,65236233548,75010
5623,73481969970,5800
5624,93579615426,2880
5625,82640256912,2910
5626,65157273938,5600
5627,52991208825,3760
5628,327225411719,22430
5629,79775698042,5580
5630,382925852835,8880
5631,55427408585,3430
5632,113467110855,6060
5633,250920754568,11790
5634,37090058388,4580
5635,61275104961,3080
5636,62421312736,4770
5637,40609585278,3370
5638,48474886347,3010
5639,52450049725,3390
5640,146600826308,8310
5641,189273226907,6190
5642,56959432972,3990
5643,160495483070,11390
5644,270169247924,10700
5645,44012384960,3100
5646,166279823967,6240
5647,118375475721,2670
5648,69114051298,5450
5649,63755051142,2840
5650,72212347609,5230
5651,530405126401,45880
5652,73481969970,5800
5653,225560524541,70840
5654,104106158575,4100
5655,40725208957,3670
5656,53324382536,5300
5657,104640018869,5990
5658,716723862757,10660
5659,42669972375,3960
5660,77807306076,4770
5661,92368924892,3840
5662,46135294695,3510
5663,609607662529,11350
5664,49095400557,5080
5665,211091756496,29370
5666,73218898359,2650
5667,242665415598,9420
5668,224330068072,7930
5669,46826954611,4340
5670,35589515867,3330
5671,109095077445,5970
5672,228720696333,51550
5673,60031531513,3720
5674,90954928597,3920
5675,61953288117,2930
5676,320097495086,18920
5677,60656389499,5960
5678,44441104361,3890
5679,212558218498,8320
5680,158561630124,7110
5681,136869901684,8330
5682,155630804167,7680
5683,154629434809,8790
5684,219094715861,15930
5685,44546596436,3260
5686,35683766338,5290
5687,191355225323,8340
5688,63157122362,5210
5689,48671204785,2960
5690,56502388417,3630
5691,44012384960,3100
5692,656724527240,68190
5693,38096276728,2310
5694,218429190059,58080
5695,60937412465,3190
5696,111186856893,4310
5697,117440079117,5910
5698,38628418084,4950
5699,60362619117,4730
5700,666961302401,13960
5701,71690359776,4640
5702,58356265130,4870
5703,31512738421,5640
5704,105935791578,5940
5705,201893873532,19150
5706,38361520544,3620
5707,201518762329,7330
5708,39960163184,3450
5709,71041204846,5680
5710,56959432972,3990
5711,109887181999,8040
5712,82097806299,4420
5713,294144438139,7460
5714,823521218185,9470
5715,44501878956,4030
5716,122767752881,4140
5717,62690070165,4960
5718,878741884865,2110
5719,133696373652,8650
5720,98800570275,2260
5721,333605068311,10060
5722,91366967054,4360
5723,53758973284,2940
5724,79865853188,4890
5725,608994455966,12180
5726,162417866276,10250
5727,53324382536,5300
5728,202835162941,6840
5729,71041204846,5680
5730,491673227021,14980
5731,83616176106,5190
5732,66903327582,3790
5733,55436121205,4350
5734,178297502209,9240
5735,42033107304,3410
5736,93004003659,5810
5737,171242112914,2200
5738,517670704169,12960
5739,35589515867,3330
5740,214331669351,11150
5741,87623998030,3380
5742,509337010520,2430
5743,57184012087,3180
5744,89138839725,32810
5745,59345296969,2790
5746,53129310715,3340
5747,107581718610,5500
5748,335047357215,46490
5749,93004003659,5810
5750,62690070165,4960
5751,39502034293,5250
5752,60014013542,4220
5753,142098908291,4740
5754,49132737420,3500
5755,579406234243,13680
5756,635500655437,1550
5757,123351717759,6370
5758,22402459446,83190
5759,50305279611,4930
5760,112588317158,3930
5761,838076421529,26410
5762,91487402708,4230
5763,71041204846,5680
5764,157628298394,6450
5765,321502486229,17730
5766,37918963610,82340
5767,60656389499,5960
5768,187754203195,8290
5769,44426154578,3700
5770,133969733085,4920
5771,48474886347,3010
5772,40831383221,5790
5773,42711331390,3130
5774,61275104961,3080
5775,46135294695,3510
5776,201293876582,24910
5777,105935791578,5940
5778,73481969970,5800
5779,25569620718,283660
5780,250542354921,8920
5781,249051359397,2190
5782,245228852131,30700
5783,110970373436,2210
5784,38628418084,4950
5785,72254096280,4630
5786,67916206423,4150
5787,39960163184,3450
5788,81601979491,6340
5789,40609585278,3370
5790,40725208957,3670
5791,214534930362,2100
5792,68528860268,5370
5793,178613539882,6720
5794,654747867654,12880
5795,165417291404,7210
5796,109887181999,8040
5797,44441104361,3890
5798,280913934353,12910
5799,70248265541,4690
5800,317976196368,2480
5801,56192095619,5510
5802,73115770595,4780
5803,304224650031,9320
5804,132177583042,6220
5805,60031531513,3720
5806,373667830769,2250
5807,538733098114,14060
5808,162417866276,10250
5809,44886968628,3730
5810,85121925764,4490
5811,55427408585,3430
5812,44588630890,3650
5813,100424194687,2570
5814,124490618468,27420
5815,122366537776,6270
5816,44012384960,3100
5817,42459765095,5040
5818,47124872578,380500
5819,265807066742,2630
5820,38325295167,3600
5821,65761208838,1500
5822,66790284943,5160
5823,39976100644,3480
5824,195137477298,6940
5825,45123546813,3420
5826,44505181226,3170
5827,74692264729,6010
5828,28611699444,3150
5829,146464975018,8010
5830,192424410781,11500
5831,154541893200,17100
5832,100381867406,2270
5833,49030532764,2980
5834,67189270531,4010
5835,40831383221,5790
5836,70263666551,5480
5837,52424677325,3910
5838,68528860268,5370
5839,49132737420,3500
5840,64935254382,5700
5841,71295097279,3850
5842,132448014129,20210
5843,221816583981,6750
5844,98257810648,6480
5845,736474748917,9780
5846,55436121205,4350
5847,424286007034,6980
5848,79389749634,3820
5849,78729580798,3900
5850,68528860268,5370
5851,131514746189,8660
5852,72427965831,5490
5853,118912982940,3210
5854,113693134239,2970
5855,151886321339,61400
5856,51118059333,3110
5857,46842044621,3270
5858,426550756004,10330
5859,319409142340,57300
5860,39278896598,3210
5861,54803374689,3400
5862,214478066087,10930
5863,294144438139,7460
5864,40831383221,5790
5865,258050626439,15060
5866,38628418084,4950
5867,140680578534,10860
5868,72733845602,5760
5869,31512738421,5640
5870,61275104961,3080
5871,84625007828,6120
5872,78663777515,6020
5873,102651538615,3740
5874,40049869432,4280
5875,85014417227,5550
5876,103095802801,7420
5877,97972989104,4050
5878,69507821930,4900
5879,247490061718,8450
5880,40442310673,3440
5881,6125418149,132890
5882,44441104361,3890
5883,87623998030,3380
5884,113467110855,6060
5885,67916206423,4150
5886,472729907813,35650
5887,99404661867,5740
5888,72447203758,32940
5889,162143206798,4180
5890,139414363378,6810
5891,64088856400,5460
5892,99174496147,5030
5893,32945877339,88640
5894,50305279611,4930
5895,461023882793,7980
5896,121163966694,8500
5897,107248939469,7300
5898,50684794067,2990
5899,226672989319,10400
5900,43962850292,3350
5901,643472740814,13150
5902,174532922176,30130
5903,146464975018,8010
5904,128366376432,6730
5905,197775495192,17360
5906,186109012703,12020
5907,66579794922,5420
5908,93579615426,2880
5909,92368924892,3840
5910,35365308901,5560
5911,39589288358,5380
5912,349094297485,1860
5913,331264995980,17040
5914,280542742512,7770
5915,44527199459,3740
5916,100424194687,2570
5917,44546596436,3260
5918,253547315678,10620
5919,331910527634,28280
5920,241170119884,24440
5921,82640256912,2910
5922,107248939469,7300
5923,426550756004,10330
5924,123123731928,6500
5925,60294926950,4400
5926,46815189634,5330
5927,558420217676,15490
5928,118366807014,2710
5929,60937412465,3190
5930,44214241400,3540
5931,41278002443,5430
5932,41727139071,3580
5933,43410025018,3050
5934,7505999378,1500000
5935,162886268647,9780
5936,57393570495,3690
5937,37242369872,4910
5938,123123731928,6500
5939,79412043854,5180
5940,46135294695,3510
5941,61275104961,3080
5942,27031268048,2680
5943,226712697861,6560
5944,48474886347,3010
5945,157022314136,2390
5946,31885147655,4970
5947,49095400557,5080
5948,111993685475,2860
5949,133239171499,176200
5950,112875335096,6000
5951,39278896598,3210
5952,112047217769,4860
5953,26159834537,90290
5954,56959432972,3990
5955,73218898359,2650
5956,278082113245,22560
5957,69892608878,4830
5958,148896098628,2640
5959,49030532764,2980
5960,69892608878,4830
5961,71690359776,4640
5962,67693251450,5980
5963,59305435946,5440
5964,222966403770,8510
5965,43978695032,3610
5966,397709055672,8800
5967,208852141680,206310
5968,55436121205,4350
5969,137085317379,72610
5970,37759917399,3230
5971,157504497742,71940
5972,87399854890,4880
5973,4465810959,112210
5974,44723461853,4720
5975,51118059333,3110
5976,241913324386,16060
5977,223085877538,7260
5978,77480596215,4130
5979,39960163184,3450
5980,42711331390,3130
5981,130271533078,7020
5982,71041204846,5680
5983,126852615488,2400
5984,38762548412,5670
5985,145582787240,7540
5986,470266650083,12400
5987,42033107304,3410
5988,144096545965,7150
5989,648686687543,9660
5990,131905591531,4200
5991,107248939469,7300
5992,164349569841,64710
5993,53324382536,5300
5994,38519266997,5710
5995,31331720285,3280
5996,221362460136,10190
5997,273491444196,56850
5998,105029346841,6540
5999,65861441888,4980
6000,747532282660,9710
6001,349465354736,49180
6002,78729580798,3900
6003,597312340142,13100
6004,205261252177,69490
6005,146600826308,8310
6006,60362619117,4730
6007,78353288336,2700
6008,38096276728,2310
6009,93004003659,5810
6010,49132737420,3500
6011,121572205380,4380
6012,57184012087,3180
6013,55834381640,3470
6014,66245784000,3980
6015,223085877538,7260
6016,60937412465,3190
6017,282471031511,14800
6018,79959773280,3120
6019,51118059333,3110
6020,113467110855,6060
6021,39278896598,3210
6022,651227538589,11330
6023,42138226527,3710
6024,400915789436,18040
6025,73115770595,4780
6026,103095802801,7420
6027,390204501741,33370
6028,76954823036,156140
6029,138727207728,2740
6030,473258135542,7830
6031,117372930280,42620
6032,44426154578,3700
6033,392700560173,47770
6034,69662713596,3550
6035,85121925764,4490
6036,107343899259,23390
6037,54803374689,3400
6038,378940930104,10220
6039,65157273938,5600
6040,87617475526,2870
6041,55597339573,4790
6042,211134457034,13380
6043,54803374689,3400
6044,262608780524,7640
6045,42459765095,5040
6046,175163574884,9030
6047,56502388417,3630
6048,39860508967,2510
6049,45123546813,3420
6050,55951771496,76300
6051,265474591824,9050
6052,43962850292,3350
6053,50305279611,4930
6054,289667983474,6040
6055,60014013542,4220
6056,173128577195,11880
6057,102875003181,5770
6058,376556937296,20300
6059,234728287709,8550
6060,146374043222,8560
6061,49048306724,4070
6062,121384585044,7340
6063,42711331390,3130
6064,44308388564,3360
6065,220932799435,21880
6066,52490540124,4710
6067,373338756819,8230
6068,283085249815,8750
6069,177338933557,18980
6070,187369058323,10140
6071,54803374689,3400
6072,239369483753,9490
6073,172749174310,7660
6074,174663657569,30750
6075,76862161844,4430
6076,44723461853,4720
6077,113467110855,6060
6078,304802543114,2030
6079,55834381640,3470
6080,39444020760,3290
6081,97972989104,4050
6082,514219929174,14130
6083,70685534974,289540
6084,64520716596,5660
6085,167247218193,7480
6086,57039403799,281930
6087,44308388564,3360
6088,236587416260,7130
6089,132229531359,4210
6090,69892608878,4830
6091,145327523336,6290
6092,265807066742,2630
6093,48671204785,2960
6094,216319651390,7880
6095,115969596678,3240
6096,50680222059,3830
6097,167278753864,7000
6098,606976959495,15180
6099,59202638988,5590
6100,38361520544,3620
6101,113693134239,2970
6102,35589515867,3330
6103,53982323034,5860
6104,181406417031,13890
6105,43978695032,3610
6106,334982962696,7060
6107,43015545690,5120
6108,60294926950,4400
6109,54259979971,3860
6110,240417632607,8950
6111,58492664763,373860
6112,277496255761,12650
6113,41727139071,3580
6114,100381867406,2270
6115,56365299115,3660
6116,71658591160,4240
6117,112138758276,8980
6118,45791325623,181090
6119,329630232920,31980
6120,55427408585,3430
6121,201518762329,7330
6122,68138015740,5410
6123,295408372291,13410
6124,86343542582,253970
6125,41875191917,4250
6126,40442310673,3440
6127,215349311248,9060
6128,39444020760,3290
6129,77807306076,4770
6130,286225696683,20510
6131,449825229986,16830
6132,62690070165,4960
6133,192464410622,6830
6134,255792593396,25540
6135,67189270531,4010
6136,198448668542,8940
6137,42669972375,3960
6138,146781746045,2370
6139,4872423268,115880
6140,59255526482,4040
6141,57393570495,3690
6142,76400398549,5720
6143,307066114495,10100
6144,49487498414,3770
6145,34928429213,4410
6146,395227206211,9880
6147,49832910692,3160
6148,89547592454,4200
6149,39976100644,3480
6150,184310796751,149350
6151,73712162701,5470
6152,607863569558,10530
6153,122858712505,6620
6154,44886968628,3730
6155,96347272707,6070
6156,41727139071,3580
6157,109200931885,6410
6158,52568965718,4440
6159,223202587071,8200
6160,58328015590,3040
6161,461023882793,7980
6162,280486602250,25810
6163,35589515867,3330
6164,67293255680,2380
6165,111363469437,4320
6166,44012384960,3100
6167,94306603045,5780
6168,59836376865,4850
6169,205675892991,14750
6170,222533486491,8620
6171,89153924270,4190
6172,187369058323,10140
6173,46842044621,3270
6174,132229531359,4210
6175,653537743622,1520
6176,217107772337,23320
6177,480101083979,13650
6178,91819180484,5840
6179,64088856400,5460
6180,275988451971,11200
6181,41489095285,2950
6182,41489095285,2950
6183,242229670486,9610
6184,109037802286,6080
6185,55545011540,2890
6186,121217639153,2580
6187,270633872734,7920
6188,273512851682,7090
6189,74972907974,24630
6190,58151313278,4110
6191,67535193286,3310
6192,347743838364,6470
6193,42033107304,3410
6194,334056046711,12760
6195,105306855438,2280
6196,42459765095,5040
6197,30817270245,2410
6198,78353288336,2700
6199,49832910692,3160
6200,122517972207,6580
6201,72156265108,8460
6202,35683766338,5290
6203,89547592454,4200
6204,68138015740,5410
6205,76862161844,4430
6206,59305435946,5440
6207,59836376865,4850
6208,114496805836,6180
6209,57396095504,4560
6210,39960163184,3450
6211,109037802286,6080
6212,138727207728,2740
6213,6553216481,119350
6214,66790284943,5160
6215,33459821908,3560
6216,94306603045,5780
6217,62105131488,3590
6218,49030532764,2980
6219,67189270531,4010
6220,253547315678,10620
6221,41727139071,3580
6222,48474886347,3010
6223,58356265130,4870
6224,50358579906,4760
6225,292274925153,8540
6226,38361520544,3620
6227,86103622410,331070
6228,71690359776,4640
6229,53324382536,5300
6230,402410575440,15560
6231,64935254382,5700
6232,33459821908,3560
6233,125198705527,5740
6234,112875335096,6000
6235,70549096834,5820
6236,120146243156,8070
6237,103184848284,2900
6238,43410025018,3050
6239,91487402708,4230
6240,35683766338,5290
6241,64520716596,5660
6242,33459821908,3560
6243,124149813637,40140
6244,144036727758,7430
6245,66903327582,3790
6246,74821778911,3880
6247,54889956850,3520
6248,67189270531,4010
6249,125562129437,6880
6250,264457008308,151580
6251,62105131488,3590
6252,224616855226,34380
6253,55003687818,3870
6254,44588630890,3650
6255,56063516410,3940
6256,250084179101,24200
6257,69032658831,5140
6258,52987788391,4810
6259,183244944965,49550
6260,42459765095,5040
6261,531078474877,11930
6262,157022314136,2390
6263,206094427682,54190
6264,39589288358,5380
6265,184574569871,15970
6266,394276079433,33700
6267,334778352482,17330
6268,71658591160,4240
6269,56365299115,3660
6270,63932507070,4820
6271,41496193655,5400
6272,175325929592,10820
6273,419193618644,1930
6274,46815189634,5330
6275,80513791324,3750
6276,107581718610,5500
6277,44214241400,3540
6278,50440940657,4520
6279,42138226527,3710
6280,100942482865,4120
6281,193641611460,14470
6282,240560064425,20830
6283,173262978233,5880
6284,38628418084,4950
6285,249361818746,8170
6286,477644290835,14350
6287,214331669351,11150
6288,365538617256,17260
6289,117220384674,8020
6290,43962850292,3350
6291,70263666551,5480
6292,119408870956,9400
6293,44214241400,3540
6294,786486111334,11870
6295,270941777441,13290
6296,78729580798,3900
6297,195137477298,6940
6298,44012384960,3100
6299,61953288117,2930
6300,66903327582,3790
6301,64573069011,5050
6302,57393570495,3690
6303,60014013542,4220
6304,393786414003,1960
6305,38628418084,4950
6306,38628418084,4950
6307,72156265108,8460
6308,202835162941,6840
6309,58328015590,3040
6310,76400398549,5720
6311,61953288117,2930
6312,109095077445,5970
6313,12838115837,111650
6314,49487498414,3770
6315,286679941078,6710
6316,23860463454,87930
6317,95184977703,245070
6318,72156265108,8460
6319,103095802801,7420
6320,142304991799,7840
6321,157698352324,2220
6322,59305435946,5440
6323,40727914137,5320
6324,44441104361,3890
6325,623428576565,13880
6326,342602357162,9950
6327,138780996045,8160
6328,745807714466,10720
6329,58151313278,4110
6330,34928429213,4410
6331,130351300143,43300
6332,223202587071,8200
6333,125198705527,5740
6334,52490540124,4710
6335,68138015740,5410
6336,121597918754,19920
6337,84240867665,4530
6338,39976100644,3480
6339,184574569871,15970
6340,131027234700,9080
6341,44527199459,3740
6342,54391073658,3780
6343,192465012012,6350
6344,55427408585,3430
6345,41496193655,5400
6346,37759917399,3230
6347,155663436231,7140
6348,44501878956,4030
6349,43006850178,5340
6350,49832910692,3160
6351,37242369872,4910
6352,91366967054,4360
6353,38628418084,4950
6354,278147893364,52110
6355,64935254382,5700
6356,297071195423,50430
6357,61275104961,3080
6358,20211891217,89930
6359,44758797884,3810
6360,41489095285,2950
6361,197248618623,8110
6362,40442310673,3440
6363,71179131262,5920
6364,35291983200,4840
6365,44546596436,3260
6366,548768171266,15460
6367,268771816882,19730
6368,44758797884,3810
6369,235048592815,7950
6370,85121925764,4490
6371,593396047874,10430
6372,55427408585,3430
6373,367279913795,11080
6374,35589515867,3330
6375,14773749501,84520
6376,70248265541,4690
6377,43962850292,3350
6378,125198705527,5740
6379,106602577570,4290
6380,675816066559,12340
6381,125916301724,3020
6382,436115572378,10020
6383,49030532764,2980
6384,31512738421,5640
6385,336133206890,12110
6386,100424194687,2570
6387,23058638221,398790
6388,59202638988,5590
6389,172749174310,7660
6390,584987083602,14510
6391,40442310673,3440
6392,117220384674,8020
6393,347743838364,6470
6394,56063516410,3940
6395,222533486491,8620
6396,59066921570,181050
6397,168003173393,12200
6398,456112757205,15240
6399,151794562348,2800
6400,46681821030,4090
6401,270941777441,13290
6402,6081296754,144020
6403,109571208383,25740
6404,90954928597,3920
6405,66790284943,5160
6406,123888949663,6520
6407,44678714287,3950
6408,73471242254,4260
6409,101064470524,2770
6410,97972989104,4050
6411,85014417227,5550
6412,268326689886,41900
6413,43962850292,3350
6414,221816583981,6750
6415,68768637085,2830
6416,73218898359,2650
6417,50305279611,4930
6418,169689021496,14480
6419,136568777059,2610
6420,79865853188,4890
6421,208158841242,7580
6422,100424194687,2570
6423,73115770595,4780
6424,48997787218,5200
6425,92560338375,6380
6426,61275104961,3080
6427,156224178439,37020
6428,72212347609,5230
6429,187754203195,8290
6430,196538554649,69710
6431,91188997295,4130
6432,69662713596,3550
6433,265207029552,20450
6434,73703455868,5390
6435,993571467115,1830
6436,97313757769,3940
6437,390654976430,11000
6438,79389749634,3820
6439,65074017703,174040
6440,567349126899,9730
6441,100908227200,6740
6442,47127190615,2690
6443,81100812440,5090
6444,44914453557,3570
6445,155664693178,13660
6446,163078789682,5750
6447,470039035157,17580
6448,125562129437,6880
6449,44505181226,3170
6450,146781746045,2370
6451,23942236065,300890
6452,203974782955,25680
6453,78663777515,6020
6454,59819246394,4590
6455,298933130217,12930
6456,263011387161,6140
6457,66116265419,4330
6458,249149099333,11620
6459,55003687818,3870
6460,368548642633,18200
6461,109200931885,6410
6462,69114051298,5450
6463,70600676304,4840
6464,78392991208,2690
6465,344312536741,10750
6466,121502376905,5900
6467,63932507070,4820
6468,191960940710,38040
6469,107248939469,7300
6470,15321079742,88470
6471,192830742984,6440
6472,62105131488,3590
6473,113467110855,6060
6474,96347272707,6070
6475,262608780524,7640
6476,46681821030,4090
6477,61314524802,4460
6478,664525439382,7820
6479,62105131488,3590
6480,41727139071,3580
6481,59507044047,4660
6482,52987788391,4810
6483,42459765095,5040
6484,93579615426,2880
6485,327710980806,13230
6486,163230050045,6600
6487,35589515867,3330
6488,290722292208,7040
6489,145327523336,6290
6490,70263666551,5480
6491,50680222059,3830
6492,77219784916,4940
6493,113557626685,197820
6494,70263666551,5480
6495,35365308901,5560
6496,59819246394,4590
6497,190493014815,10590
6498,40609585278,3370
6499,163078789682,5750
6500,78966900294,5640
6501,113467110855,6060
6502,46135294695,3510
6503,198518498187,10810
6504,641805225011,9350
6505,283184432544,10760
6506,42459765095,5040
6507,61953288117,2930
6508,90954928597,3920
6509,70248265541,4690
6510,78796301481,4300
6511,418877661368,18780
6512,1199598013178,1810
6513,282535325528,13850
6514,44546596436,3260
6515,223085877538,7260
6516,62331912733,4610
6517,87399854890,4880
6518,89153924270,4190
6519,362528033534,7780
6520,58187091453,5170
6521,382588270728,16230
6522,129054217697,5690
6523,59543581319,4020
6524,48164638484,4080
6525,31347815877,405390
6526,61106974689,4670
6527,173057241049,6510
6528,62331912733,4610
6529,40725208957,3670
6530,38673638115,5100
6531,69565893464,258400
6532,56365299115,3660
6533,40831383221,5790
6534,63755051142,2840
6535,361587866285,9720
6536,44758797884,3810
6537,52991208825,3760
6538,75271473507,221270
6539,67916206423,4150
6540,65861441888,4980
6541,61621372998,5060
6542,325242478730,7490
6543,299730874655,2310
6544,151253107371,6330
6545,62331912733,4610
6546,44914453557,3570
6547,208400004739,23620
6548,366370616111,11190
6549,164868595718,6100
6550,351389778618,7500
6551,133419317161,255710
6552,123351717759,6370
6553,49048306724,4070
6554,40831383221,5790
6555,475659898694,16250
6556,208269371313,6960
6557,53324382536,5300
6558,101829769019,2380
6559,58356265130,4870
6560,57309626448,5130
6561,100381867406,2270
6562,51927361837,3000
6563,49048306724,4070
6564,81100812440,5090
6565,62690070165,4960
6566,298800245831,13110
6567,265727964365,7160
6568,41845299825,3460
6569,402083918462,19060
6570,52987788391,4810
6571,53324382536,5300
6572,460430581339,1680
6573,66751752883,4650
6574,64573069011,5050
6575,44678714287,3950
6576,146781746045,2370
6577,60636990897,5540
6578,218821285543,9760
6579,62105131488,3590
6580,245903542577,11100
6581,123244518935,6260
6582,33459821908,3560
6583,81601979491,6340
6584,58328015590,3040
6585,150042439534,8060
6586,38325295167,3600
6587,35683766338,5290
6588,191679075442,2580
6589,225025402500,37500
6590,378644754591,17120
6591,34928429213,4410
6592,87623998030,3380
6593,316416832719,12740
6594,45123546813,3420
6595,43410025018,3050
6596,39502034293,5250
6597,44635693041,4530
6598,44723461853,4720
6599,118366807014,2710
6600,103095802801,7420
6601,509337010520,2430
6602,294144438139,7460
6603,47722137074,5000
6604,482555680241,1530
6605,60656389499,5960
6606,111363469437,4320
6607,122366537776,6270
6608,46681821030,4090
6609,108518153361,23170
6610,106602577570,4290
6611,299730874655,2310
6612,66790284943,5160
6613,74692264729,6010
6614,640794852198,11170
6615,290722292208,7040
6616,121360307366,9600
6617,352631671562,1770
6618,439309994890,16670
6619,34928429213,4410
6620,193810416507,7310
6621,78392991208,2690
6622,258050626439,15060
6623,24460967991,82310
6624,44214241400,3540
6625,184731833167,25320
6626,55003687818,3870
6627,648392319251,6300
6628,174292193688,7120
6629,31331720285,3280
6630,197291369624,2760
6631,62105131488,3590
6632,54530051468,2250
6633,202929599977,10560
6634,60294926950,4400
6635,54259979971,3860
6636,277109384060,2130
6637,157628298394,6450
6638,44758797884,3810
6639,277496255761,12650
6640,7476003562,137610
6641,114496805836,6180
6642,42459765095,5040
6643,274422634900,10520
6644,112047217769,4860
6645,49351517895,1560
6646,27015920675,288100
6647,44426154578,3700
6648,154915219504,2420
6649,30769760194,4160
6650,70224900033,4060
6651,85014417227,5550
6652,56365299115,3660
6653,60403371325,4680
6654,40609585278,3370
6655,145202793736,32890
6656,37759917399,3230
6657,407353788401,10160
6658,382985393192,15910
6659,172749174310,7660
6660,33459821908,3560
6661,113863684539,4450
6662,68528860268,5370
6663,321097656993,9440
6664,63986337977,5650
6665,44426154578,3700
6666,65157273938,5600
6667,43978695032,3610
6668,150904346923,242690
6669,50680222059,3830
6670,54259979971,3860
6671,104055641543,301480
6672,44758797884,3810
6673,6215180808,99090
6674,71179131262,5920
6675,59819246394,4590
6676,405112747269,9740
6677,49048306724,4070
6678,44505181226,3170
6679,60031531513,3720
6680,78797477222,5110
6681,3215750730,136580
6682,41845299825,3460
6683,74599209153,5240
6684,197597565023,12240
6685,59255526482,4040
6686,45987712493,3200
6687,41888889513,3150
6688,1002304322762,7870
6689,39960163184,3450
6690,71041204846,5680
6691,174176526817,6700
6692,132177583042,6220
6693,44331362981,5150
6694,43962850292,3350
6695,202708573717,8760
6696,9180056559,126490
6697,63157122362,5210
6698,76862161844,4430
6699,192878295906,17780
6700,56063516410,3940
6701,67224751389,77700
6702,145582787240,7540
6703,133969733085,4920
6704,169899096337,217020
6705,80756964033,40900
6706,22143220254,330480
6707,31331720285,3280
6708,195137477298,6940
6709,54889956850,3520
6710,121572205380,4380
6711,171242112914,2200
6712,44886968628,3730
6713,35683766338,5290
6714,41102963262,3030
6715,50733239599,5220
6716,63157122362,5210
6717,92368924892,3840
6718,43962850292,3350
6719,49048306724,4070
6720,631866710912,1650
6721,62614754498,6050
6722,76400398549,5720
6723,46842044621,3270
6724,165308485534,8180
6725,216896465101,10120
6726,38628418084,4950
6727,262684246152,20440
6728,200554297227,12550
6729,348528582637,12990
6730,56502388417,3630
6731,139040762232,25920
6732,52568965718,4440
6733,70184311547,232760
6734,155663436231,7140
6735,130271533078,7020
6736,31331720285,3280
6737,86868540787,6770
6738,82374146749,5520
6739,250542354921,8920
6740,70248265541,4690
6741,41102963262,3030
6742,121550896402,3120
6743,354581213536,8770
6744,86807787037,5260
6745,125198705527,5740
6746,236105136492,11160
6747,63932507070,4820
6748,137823095012,6920
6749,159107602128,13630
6750,27344277248,396330
6751,125916301724,3020
6752,63755051142,2840
6753,261850467369,2730
6754,39964557033,3240
6755,281974232358,10460
6756,57393570495,3690
6757,46681821030,4090
6758,40247013055,3490
6759,165417291404,7210
6760,67916206423,4150
6761,162143206798,4180
6762,666967007286,12260
6763,83616176106,5190
6764,53758973284,2940
6765,60525539370,5350
6766,146667759029,8960
6767,251059368664,23680
6768,51118059333,3110
6769,308169206287,2290
6770,166919672276,15720
6771,73218898359,2650
6772,33459821908,3560
6773,99174496147,5030
6774,114728957027,6030
6775,373667830769,2250
6776,173262978233,5880
6777,209617962976,8210
6778,122517972207,6580
6779,221816583981,6750
6780,50684794067,2990
6781,50684794067,2990
6782,49095400557,5080
6783,31512738421,5640
6784,44711236345,3140
6785,98800570275,2260
6786,244338568512,14150
6787,60031531513,3720
6788,86868540787,6770
6789,74599209153,5240
6790,57326555905,3530
6791,47722137074,5000
6792,41888889513,3150
6793,84625007828,6120
6794,43962850292,3350
6795,82374146749,5520
6796,339406698993,2450
6797,230243066860,12280
6798,157226358975,22710
6799,60002642754,346240
6800,204713822563,8120
6801,286537637588,7670
6802,843520857255,8260
6803,44711236345,3140
6804,153675338459,211200
6805,197248618623,8110
6806,349094297485,1860
6807,76400398549,5720
6808,133696373652,8650
6809,55427408585,3430
6810,52991208825,3760
6811,420942797907,64950
6812,70600676304,4840
6813,129605079955,58100
6814,42033107304,3410
6815,157940600680,29850
6816,56365299115,3660
6817,63580432272,78050
6818,52490540124,4710
6819,92363657421,6490
6820,118008049866,4510
6821,39960163184,3450
6822,46815189634,5330
6823,60403371325,4680
6824,364608130486,17490
6825,40727914137,5320
6826,53404207399,317210
6827,42033107304,3410
6828,308387303707,9150
6829,211680090955,8250
6830,42033107304,3410
6831,56502388417,3630
6832,44441104361,3890
6833,55545011540,2890
6834,38361520544,3620
6835,57184012087,3180
6836,178734493338,40710
6837,105935791578,5940
6838,44505181226,3170
6839,55545011540,2890
6840,44914453557,3570
6841,40442310673,3440
6842,534929736622,14050
6843,43006850178,5340
6844,43015545690,5120
6845,372546809050,10840
6846,118915214350,2660
6847,80513791324,3750
6848,44527199459,3740
6849,158561630124,7110
6850,71295097279,3850
6851,92840227134,4480
6852,123351717759,6370
6853,74692264729,6010
6854,47879504506,4470
6855,132229531359,4210
6856,69032658831,5140
6857,41875191917,4250
6858,73115770595,4780
6859,42669972375,3960
6860,53129310715,3340
6861,79881743921,4160
6862,273512851682,7090
6863,132448014129,20210
6864,69114051298,5450
6865,58356265130,4870
6866,359245639410,9280
6867,62690070165,4960
6868,67535193286,3310
6869,158262629513,41000
6870,44711236345,3140
6871,166279823967,6240
6872,98800570275,2260
6873,146667759029,8960
6874,48542307772,3680
6875,44588630890,3650
6876,252262253496,11720
6877,48241092551,3890
6878,53982323034,5860
6879,539024771740,15340
6880,38673638115,5100
6881,215809139926,9220
6882,44914453557,3570
6883,133001207777,7410
6884,41888889513,3150
6885,69507821930,4900
6886,105306855438,2280
6887,138780996045,8160
6888,261826956332,2500
6889,91819180484,5840
6890,182167797417,5300
6891,92465120485,5610
6892,39502034293,5250
6893,171242112914,2200
6894,44635693041,4530
6895,253944073408,16370
6896,68528860268,5370
6897,106267196201,4140
6898,40049869432,4280
6899,43978695032,3610
6900,317841974194,18580
6901,59345296969,2790
6902,60636990897,5540
6903,619015369652,13390
6904,202708573717,8760
6905,61202204413,4550
6906,173128577195,11880
6907,7505999378,1500000
6908,44886968628,3730
6909,49487498414,3770
6910,140690214236,5010
6911,44426154578,3700
6912,62421312736,4770
6913,68528860268,5370
6914,73712162701,5470
6915,267398631419,23490
6916,37759917399,3230
6917,34928429213,4410
6918,46826954611,4340
6919,71863826354,3070
6920,41727139071,3580
6921,171242112914,2200
6922,50471525133,6440
6923,60937412465,3190
6924,117440079117,5910
6925,408929366706,9960
6926,67693251450,5980
6927,53129310715,3340
6928,39964557033,3240
6929,125276486694,4420
6930,939475422106,7630
6931,64573069011,5050
6932,41278002443,5430
6933,364231161964,11440
6934,336133206890,12110
6935,79775698042,5580
6936,201923558258,5150
6937,41278002443,5430
6938,55003687818,3870
6939,157226358975,22710
6940,59202638988,5590
6941,92465120485,5610
6942,53741553091,322400
6943,40247013055,3490
6944,113863684539,4450
6945,66790284943,5160
6946,44886968628,3730
6947,79665370767,5020
6948,43015545690,5120
6949,96387441444,4000
6950,86807787037,5260
6951,59819246394,4590
6952,67971243847,4800
6953,35365308901,5560
6954,113863684539,4450
6955,50358579906,4760
6956,57326555905,3530
6957,104632529601,5950
6958,109887181999,8040
6959,66116265419,4330
6960,42669972375,3960
6961,241077322498,10690
6962,47879504506,4470
6963,67916206423,4150
6964,60937412465,3190
6965,67535193286,3310
6966,78663777515,6020
6967,64935254382,5700
6968,52450049725,3390
6969,94855841178,19560
6970,129054217697,5690
6971,62614754498,6050
6972,132177583042,6220
6973,63157122362,5210
6974,265062415755,10050
6975,83843486503,5180
6976,66579794922,5420
6977,205675892991,14750
6978,67916206423,4150
6979,52490540124,4710
6980,191892266592,10470
6981,71295097279,3850
6982,111186856893,4310
6983,41278002443,5430
6984,24530882348,78570
6985,82374146749,5520
6986,528026855066,16130
6987,56094649178,3000
6988,89153924270,4190
6989,62400233732,3970
6990,142306696496,2340
6991,441989382489,8850
6992,46135294695,3510
6993,37759917399,3230
6994,117334274664,72580
6995,96347272707,6070
6996,168003173393,12200
6997,46815189634,5330
6998,52987788391,4810
6999,73083370027,2850
7000,40727914137,5320
7001,221797577709,7910
7002,44505181226,3170
7003,40727914137,5320
7004,152128857565,2810
7005,55545011540,2890
7006,73083370027,2850
7007,84679763993,3530
7008,230056401537,10210
7009,509170229805,35880
7010,58151313278,4110
7011,15336981341,223900
7012,64520716596,5660
7013,39976100644,3480
7014,24370774619,99520
7015,716326020699,10600
7016,152224234336,5730
7017,52490540124,4710
7018,62400233732,3970
7019,237073106368,6110
7020,37759917399,3230
7021,64935254382,5700
7022,53324382536,5300
7023,63157122362,5210
7024,44331362981,5150
7025,478520221127,1900
7026,216319998379,8630
7027,272597000379,25010
7028,41888889513,3150
7029,72156265108,8460
7030,38673638115,5100
7031,444599469980,13470
7032,59906886300,3250
7033,44723461853,4720
7034,44426154578,3700
7035,39960163184,3450
7036,610216864882,14190
7037,430467387189,10450
7038,62331912733,4610
7039,66245784000,3980
7040,328598046908,12950
7041,267118023819,6780
7042,77219784916,4940
7043,373338756819,8230
7044,79389749634,3820
7045,70248265541,4690
7046,119408870956,9400
7047,312760699134,12360
7048,146988672959,8580
7049,75978680279,4370
7050,44505181226,3170
7051,308387303707,9150
7052,166919672276,15720
7053,31331720285,3280
7054,395379711082,2070
7055,56525522922,2750
7056,39589288358,5380
7057,78797477222,5110
7058,53982323034,5860
7059,96781985021,4700
7060,175446227017,49770
7061,165417291404,7210
7062,143756005940,5930
7063,71658591160,4240
7064,62901027588,3480
7065,49132737420,3500
7066,38762548412,5670
7067,159107602128,13630
7068,87623998030,3380
7069,351806815114,15890
7070,313406002895,23340
7071,53718248303,75460
7072,69662713596,3550
7073,326410679200,10340
7074,71295097279,3850
7075,140676609483,173220
7076,64573069011,5050
7077,376299752858,7810
7078,50305279611,4930
7079,61275104961,3080
7080,103821085695,5060
7081,56502388417,3630
7082,40049869432,4280
7083,126906553898,2590
7084,100603974757,167890
7085,248710158348,24070
7086,43410025018,3050
7087,45123546813,3420
7088,200063066658,6550
7089,49030532764,2980
7090,405257583861,17550
7091,70549096834,5820
7092,387595687737,17150
7093,436666627935,16630
7094,52490540124,4710
7095,108518153361,23170
7096,219158981646,9490
7097,50733239599,5220
7098,61275104961,3080
7099,80513791324,3750
7100,44501878956,4030
7101,37090058388,4580
7102,421071228203,66080
7103,49832910692,3160
7104,263808062236,6790
7105,56325386554,2720
7106,62331912733,4610
7107,41875191917,4250
7108,133696373652,8650
7109,69114051298,5450
7110,60362619117,4730
7111,163902179313,7020
7112,47722137074,5000
7113,61106974689,4670
7114,81601979491,6340
7115,562567090221,1760
7116,44635693041,4530
7117,112047217769,4860
7118,283936384407,2490
7119,121223657454,6090
7120,158561630124,7110
7121,62105131488,3590
7122,212729191801,25250
7123,157129856938,10070
7124,72982404985,4500
7125,136568777059,2610
7126,41102963262,3030
7127,137799182793,266700
7128,81100812440,5090
7129,60403371325,4680
7130,72156265108,8460
7131,48997787218,5200
7132,78392991208,2690
7133,400262449677,7720
7134,50440940657,4520
7135,31331720285,3280
7136,54855662849,3320
7137,23704050436,299280
7138,50471525133,6440
7139,164886682599,231320
7140,86285612256,5890
7141,93989208155,6390
7142,58328015590,3040
7143,49095400557,5080
7144,120099373112,4270
7145,304295317869,6970
7146,67916206423,4150
7147,278107269596,15390
7148,42138226527,3710
7149,61314524802,4460
7150,62866137334,180780
7151,44331362981,5150
7152,230959519320,2170
7153,59819246394,4590
7154,364601370081,15510
7155,57396095504,4560
7156,113467110855,6060
7157,70549096834,5820
7158,76862161844,4430
7159,59305435946,5440
7160,44678714287,3950
7161,125562129437,6880
7162,78797477222,5110
7163,90954928597,3920
7164,62847424879,5070
7165,44505181226,3170
7166,41102963262,3030
7167,41888889513,3150
7168,476979204583,9160
7169,123790917198,7030
7170,308527073232,8090
7171,148476740889,10480
7172,73080360870,5020
7173,133001207777,7410
7174,33459821908,3560
7175,102844213108,6250
7176,517019832312,14440
7177,191355225323,8340
7178,148675266282,63710
7179,101829769019,2380
7180,125276486694,4420
7181,73703455868,5390
7182,169941745399,8440
7183,41845299825,3460
7184,60031531513,3720
7185,85014417227,5550
7186,62847424879,5070
7187,102844213108,6250
7188,121384585044,7340
7189,108438473134,4990
7190,71658591160,4240
7191,42138226527,3710
7192,58187091453,5170
7193,71339590294,5270
7194,304224650031,9320
7195,92560338375,6380
7196,297240936689,56000
7197,39150167392,176370
7198,58328015590,3040
7199,273905330709,14960
7200,39278896598,3210
7201,140690214236,5010
7202,130843397356,63790
7203,103717284479,4620
7204,45123546813,3420
7205,345002373467,11830
7206,55545011540,2890
7207,23721160626,263970
7208,122858712505,6620
7209,73080360870,5020
7210,111521914495,2330
7211,125916301724,3020
7212,355287956410,16520
7213,39444020760,3290
7214,69420502637,309960
7215,61106974689,4670
7216,116663254071,2920
7217,643577568885,9020
7218,60362619117,4730
7219,92465120485,5610
7220,241161939763,11390
7221,57396095504,4560
7222,7623046589,101760
7223,167878289274,58570
7224,356448506366,17530
7225,46135294695,3510
7226,40831383221,5790
7227,327710980806,13230
7228,60403371325,4680
7229,483618842314,2000
7230,72735782572,7280
7231,66751752883,4650
7232,50305279611,4930
7233,72254096280,4630
7234,284932045225,7190
7235,392786332926,8360
7236,66751752883,4650
7237,655996264727,2090
7238,208158841242,7580
7239,79959773280,3120
7240,38361520544,3620
7241,385413278663,18320
7242,133969733085,4920
7243,38689432784,334050
7244,68138015740,5410
7245,390654976430,11000
7246,82374146749,5520
7247,39964557033,3240
7248,124556908194,20590
7249,41102963262,3030
7250,72735782572,7280
7251,7505999378,1500000
7252,61932770470,5530
7253,71339590294,5270
7254,50492265814,307110
7255,420438870074,17090
7256,79865853188,4890
7257,248683810318,26000
7258,77219784916,4940
7259,129054217697,5690
7260,39444020760,3290
7261,42033107304,3410
7262,71690359776,4640
7263,228148514132,7200
7264,44308388564,3360
7265,216790456251,9860
7266,267118023819,6780
7267,59543581319,4020
7268,54855662849,3320
7269,109200931885,6410
7270,681729498770,1590
7271,68138015740,5410
7272,286582761226,2180
7273,161077123826,29440
7274,19565780017,282990
7275,128689273795,10910
7276,385031580710,15640
7277,630052000999,13240
7278,55545011540,2890
7279,72254096280,4630
7280,54855662849,3320
7281,24662446020,88170
7282,74692264729,6010
7283,101468935056,70140
7284,67693251450,5980
7285,188571229460,12700
7286,66903327582,3790
7287,47722137074,5000
7288,33459821908,3560
7289,215349311248,9060
7290,60362619117,4730
7291,60636990897,5540
7292,67916206423,4150
7293,69032658831,5140
7294,98800570275,2260
7295,227479235224,34290
7296,131377101267,18990
7297,70248265541,4690
7298,178297502209,9240
7299,253547315678,10620
7300,11373673942,104250
7301,56989767256,4540
7302,91215395540,256150
7303,48997787218,5200
7304,61621372998,5060
7305,401818521978,9090
7306,858015703569,9530
7307,58328015590,3040
7308,309307817013,12810
7309,296646793414,20920
7310,40609585278,3370
7311,73789955864,304020
7312,187369058323,10140
7313,41102963262,3030
7314,66790284943,5160
7315,59543581319,4020
7316,50440940657,4520
7317,111363469437,4320
7318,54259979971,3860
7319,328598046908,12950
7320,44426154578,3700
7321,86868540787,6770
7322,64922330801,5360
7323,74692264729,6010
7324,123888949663,6520
7325,91366967054,4360
7326,62105131488,3590
7327,100071059196,5720
7328,111363469437,4320
7329,101064470524,2770
7330,498854168217,15230
7331,62400233732,3970
7332,239931494841,28810
7333,42459765095,5040
7334,215986317852,164000
7335,116663254071,2920
7336,766202407983,9140
7337,435780103534,17720
7338,74599209153,5240
7339,167247218193,7480
7340,54391073658,3780
7341,56063516410,3940
7342,267802248309,22190
7343,72447203758,32940
7344,53129310715,3340
7345,284932045225,7190
7346,47879504506,4470
7347,146600826308,8310
7348,91366967054,4360
7349,59543581319,4020
7350,42867063696,3060
7351,42033107304,3410
7352,52568965718,4440
7353,210974254745,7570
7354,421607807512,16480
7355,156100635609,17080
7356,33459821908,3560
7357,64548927963,4390
7358,51118059333,3110
7359,572267600215,1920
7360,72982404985,4500
7361,358225004605,17300
7362,43962850292,3350
7363,60362619117,4730
7364,102875003181,5770
7365,753439024555,11540
7366,59255526482,4040
7367,72156265108,8460
7368,42711331390,3130
7369,71339590294,5270
7370,151794562348,2800
7371,64088856400,5460
7372,48474886347,3010
7373,270515795479,25990
7374,48542307772,3680
7375,61314524802,4460
7376,151794562348,2800
7377,90954928597,3920
7378,424716263467,6920
7379,44546596436,3260
7380,79412043854,5180
7381,106602577570,4290
7382,58151313278,4110
7383,41278002443,5430
7384,90932911028,149490
7385,92368924892,3840
7386,44012384960,3100
7387,59202638988,5590
7388,166305536043,2680
7389,136568777059,2610
7390,81100812440,5090
7391,60937412465,3190
7392,48671204785,2960
7393,169689021496,14480
7394,50680222059,3830
7395,69628046295,4600
7396,70263666551,5480
7397,261826956332,2500
7398,460430581339,1680
7399,85014417227,5550
7400,249492921027,7270
7401,44678714287,3950
7402,148821964209,6670
7403,44012384960,3100
7404,54391073658,3780
7405,41102963262,3030
7406,311067385096,7970
7407,542750879056,11310
7408,82374146749,5520
7409,216319998379,8630
7410,67759889868,4750
7411,51927361837,3000
7412,44527199459,3740
7413,120014314703,7770
7414,727311244729,15940
7415,73703455868,5390
7416,79234036590,4660
7417,163151615371,8190
7418,228148514132,7200
7419,103184848284,2900
7420,56713474324,5330
7421,254189993115,25930
7422,673403690136,36940
7423,151768973566,248640
7424,39278896598,3210
7425,44426154578,3700
7426,201518762329,7330
7427,56325386554,2720
7428,156100635609,17080
7429,411354091823,18120
7430,125198705527,5740
7431,60525539370,5350
7432,57184012087,3180
7433,44012384960,3100
7434,235075162601,13180
7435,40247013055,3490
7436,872259036271,36480
7437,432596628395,8600
7438,77480596215,4130
7439,121572205380,4380
7440,53129310715,3340
7441,76508778872,5310
7442,106602577570,4290
7443,133969733085,4920
7444,181194889017,15430
7445,44441104361,3890
7446,265474591824,9050
7447,746556246913,9290
7448,158838814256,6630
7449,106602577570,4290
7450,49030532764,2980
7451,256760222526,9480
7452,39444020760,3290
7453,46815189634,5330
7454,39502034293,5250
7455,59202638988,5590
7456,384032407968,20160
7457,62629390771,2620
7458,128366376432,6730
7459,40727914137,5320
7460,4773494592,121430
7461,40609585278,3370
7462,281591912537,21320
7463,114496805836,6180
7464,105935791578,5940
7465,53274639499,3300
7466,6777976043,147160
7467,41875191917,4250
7468,50305279611,4930
7469,276505848689,8150
7470,196810460652,8810
7471,146280971993,19480
7472,123850183621,2350
7473,87399854890,4880
7474,107581718610,5500
7475,81100812440,5090
7476,67971243847,4800
7477,41875191917,4250
7478,148536747020,2600
7479,247644954289,14280
7480,136568777059,2610
7481,36466538520,336670
7482,158828251676,3310
7483,79881743921,4160
7484,103095802801,7420
7485,142946805746,5850
7486,90980684014,43030
7487,58356265130,4870
7488,50358579906,4760
7489,246255837285,8820
7490,114728957027,6030
7491,52987788391,4810
7492,100942482865,4120
7493,96347272707,6070
7494,58187091453,5170
7495,185193444657,50800
7496,182227272429,30510
7497,216896465101,10120
7498,102844213108,6250
7499,197052973022,13010
7500,46826954611,4340
7501,46842044621,3270
7502,103717284479,4620
7503,54391073658,3780
7504,70248265541,4690
7505,48671204785,2960
7506,256538411540,8140
7507,242707340859,6210
7508,55545011540,2890
7509,329605304074,21210
7510,72427965831,5490
7511,75978680279,4370
7512,1011256705967,1820
7513,65157273938,5600
7514,48542307772,3680
7515,63932507070,4820
7516,39276704099,2660
7517,58356265130,4870
7518,197052973022,13010
7519,166305536043,2680
7520,49030532764,2980
7521,83616176106,5190
7522,101829769019,2380
7523,218653535956,9670
7524,148896098628,2640
7525,1291373683874,1600
7526,26435809480,2360
7527,285673631079,49260
7528,157044345523,64890
7529,54855662849,3320
7530,76400398549,5720
7531,143310226781,9110
7532,472615355546,13970
7533,57309626448,5130
7534,31512738421,5640
7535,40247013055,3490
7536,52991208825,3760
7537,43978695032,3610
7538,122858712505,6620
7539,56989767256,4540
7540,33459821908,3560
7541,56525522922,2750
7542,148896098628,2640
7543,70549096834,5820
7544,180389735883,38150
7545,148389069250,8720
7546,204713822563,8120
7547,42033107304,3410
7548,55427408585,3430
7549,121817174648,57080
7550,184355239611,9980
7551,193590861394,16440
7552,100381867406,2270
7553,71339590294,5270
7554,44711236345,3140
7555,86807787037,5260
7556,72254096280,4630
7557,64935254382,5700
7558,34928429213,4410
7559,49487498414,3770
7560,70248265541,4690
7561,70224900033,4060
7562,59305435946,5440
7563,78797477222,5110
7564,73083370027,2850
7565,44588630890,3650
7566,2636398924,140680
7567,77219784916,4940
7568,44723461853,4720
7569,76400398549,5720
7570,406692913693,9130
7571,53567451362,4540
7572,57309626448,5130
7573,59906886300,3250
7574,402307359633,17170
7575,210619527436,6900
7576,128557373970,57040
7577,107581718610,5500
7578,62629390771,2620
7579,122366537776,6270
7580,181406417031,13890
7581,137006749781,5880
7582,74821778911,3880
7583,202771657907,9300
7584,38762548412,5670
7585,250601442558,159940
7586,50684794067,2990
7587,117220384674,8020
7588,49832910692,3160
7589,105029346841,6540
7590,55597339573,4790
7591,67693251450,5980
7592,231336074519,16940
7593,164291690742,20500
7594,160495483070,11390
7595,47722137074,5000
7596,54855662849,3320
7597,173262978233,5880
7598,38673638115,5100
7599,190046821432,11040
7600,154083426524,40280
7601,412982745023,11020
7602,7505999378,1500000
7603,76508778872,5310
7604,162076071163,13860
7605,31512738421,5640
7606,60403371325,4680
7607,80513791324,3750
7608,41102963262,3030
7609,681290164489,12620
7610,42867063696,3060
7611,267655292080,9180
7612,745002091524,2040
7613,38519266997,5710
7614,26558731895,87580
7615,271024948439,12360
7616,40247013055,3490
7617,230483785188,37740
7618,38628418084,4950
7619,62421312736,4770
7620,64935254382,5700
7621,53129310715,3340
7622,40247013055,3490
7623,813596495391,9910
7624,188838425971,9340
7625,42669972375,3960
7626,143649769448,3700
7627,218653535956,9670
7628,46815189634,5330
7629,50305279611,4930
7630,72982404985,4500
7631,173057241049,6510
7632,56192095619,5510
7633,62421312736,4770
7634,148896098628,2640
7635,51118059333,3110
7636,107248939469,7300
7637,72254096280,4630
7638,226495077965,22460
7639,201427985036,11800
7640,304295317869,6970
7641,588156836275,12390
7642,58328015590,3040
7643,103670356610,170270
7644,145262608427,211830
7645,339785394989,17860
7646,50733239599,5220
7647,118366807014,2710
7648,69032658831,5140
7649,145327523336,6290
7650,60403371325,4680
7651,164868595718,6100
7652,241161939763,11390
7653,35683766338,5290
7654,354585345867,8300
7655,109037802286,6080
7656,31331720285,3280
7657,48997787218,5200
7658,40049869432,4280
7659,38762548412,5670
7660,130271533078,7020
7661,283184432544,10760
7662,40725208957,3670
7663,83616176106,5190
7664,52450049725,3390
7665,166376345083,6310
7666,152419697063,4570
7667,78729580798,3900
7668,72254096280,4630
7669,31885147655,4970
7670,49030532764,2980
7671,192878295906,17780
7672,8697224566,96690
7673,65861441888,4980
7674,111993685475,2860
7675,64948857411,239290
7676,260422380769,26990
7677,71808318207,5630
7678,301996480484,9680
7679,120146243156,8070
7680,494728165110,15700
7681,56959432972,3990
7682,162143206798,4180
7683,293204970190,8740
7684,147288051560,37180
7685,237988252812,8400
7686,53274639499,3300
7687,325242478730,7490
7688,102875003181,5770
7689,133138139165,6160
7690,178843217109,7600
7691,73115770595,4780
7692,171990063852,8050
7693,54889956850,3520
7694,36593821632,4000
7695,47722137074,5000
7696,178613539882,6720
7697,400978117123,18440
7698,77995161714,5830
7699,42711331390,3130
7700,173958851996,11010
7701,60031531513,3720
7702,73703455868,5390
7703,59255526482,4040
7704,45987712493,3200
7705,41845299825,3460
7706,41875191917,4250
7707,56365299115,3660
7708,284932045225,7190
7709,103425578360,289460
7710,44214241400,3540
7711,152224234336,5730
7712,66579794922,5420
7713,171990063852,8050
7714,76508778872,5310
7715,78797477222,5110
7716,57309626448,5130
7717,70600676304,4840
7718,301987334770,24260
7719,148907387381,7380
7720,98178260895,2560
7721,50733239599,5220
7722,80515314427,5280
7723,64548927963,4390
7724,336576674831,20910
7725,59202638988,5590
7726,366318318244,17270
7727,49487498414,3770
7728,38361520544,3620
7729,11863254718,385090
7730,56959432972,3990
7731,203863532221,11490
7732,31331720285,3280
7733,119563896886,6230
7734,44758797884,3810
7735,56959432972,3990
7736,249057645938,16910
7737,34928429213,4410
7738,82434426425,74160
7739,103717284479,4620
7740,101345526552,73350
7741,406932801523,17240
7742,38361520544,3620
7743,152419697063,4570
7744,242707340859,6210
7745,35365308901,5560
7746,110274737636,12630
7747,309899533568,40560
7748,478544955776,8830
7749,213952000583,10920
7750,130165217617,257340
7751,241513096187,11840
7752,66579794922,5420
7753,242843125326,24580
7754,241513096187,11840
7755,47879504506,4470
7756,44546596436,3260
7757,61314524802,4460
7758,400868756944,7510
7759,38258225044,3410
7760,73080360870,5020
7761,61281590859,74520
7762,207142374025,6850
7763,46681821030,4090
7764,387800879650,7270
7765,8036596799,92590
7766,52490540124,4710
7767,61202204413,4550
7768,40442310673,3440
7769,270633872734,7920
7770,340736389953,12010
7771,78797477222,5110
7772,282471031511,14800
7773,81601979491,6340
7774,64342217286,3770
7775,74041418147,5790
7776,277109384060,2130
7777,45987712493,3200
7778,67535193286,3310
7779,60294926950,4400
7780,46815189634,5330
7781,162143206798,4180
7782,31512738421,5640
7783,52987788391,4810
7784,280957785518,152520
7785,67189270531,4010
7786,636709806075,10370
7787,44886968628,3730
7788,71863826354,3070
7789,59202638988,5590
7790,101829769019,2380
7791,57606944737,75980
7792,44711236345,3140
7793,92840227134,4480
7794,51927361837,3000
7795,49832910692,3160
7796,48474886347,3010
7797,39278896598,3210
7798,55545011540,2890
7799,60294926950,4400
7800,79865853188,4890
7801,61932770470,5530
7802,51118059333,3110
7803,139530023496,50250
7804,44501878956,4030
7805,222771797650,7890
7806,187754203195,8290
7807,134081476500,4510
7808,62421312736,4770
7809,237988252812,8400
7810,72212347609,5230
7811,56502388417,3630
7812,97972989104,4050
7813,158165020170,7750
7814,127818292759,55250
7815,104632529601,5950
7816,117673115747,6910
7817,41489095285,2950
7818,309782387391,12160
7819,164868595718,6100
7820,73481969970,5800
7821,58328015590,3040
7822,59819246394,4590
7823,112047217769,4860
7824,40049869432,4280
7825,31512738421,5640
7826,94859365696,3800
7827,256538411540,8140
7828,71808318207,5630
7829,223202587071,8200
7830,67759889868,4750
7831,78796301481,4300
7832,99174496147,5030
7833,40609585278,3370
7834,55834381640,3470
7835,72982404985,4500
7836,466334197124,14360
7837,133969733085,4920
7838,657104716048,11240
7839,145582787240,7540
7840,48997787218,5200
7841,94859365696,3800
7842,59345296969,2790
7843,504527246900,14100
7844,43006850178,5340
7845,70549096834,5820
7846,273123684880,7450
7847,82361416219,201230
7848,208378435337,6680
7849,82858472479,207570
7850,202708573717,8760
7851,92368924892,3840
7852,78796301481,4300
7853,431506103475,18460
7854,67189270531,4010
7855,38519266997,5710
7856,34136322123,88360
7857,409583086339,44980
7858,49487498414,3770
7859,216319651390,7880
7860,55834381640,3470
7861,31512738421,5640
7862,195041464417,63580
7863,35365308901,5560
7864,142304991799,7840
7865,44012384960,3100
7866,154915219504,2420
7867,131027234700,9080
7868,68138015740,5410
7869,49048306724,4070
7870,44588630890,3650
7871,68138015740,5410
7872,381268137248,10150
7873,73471242254,4260
7874,63208698423,2560
7875,68138015740,5410
7876,409310230469,8910
7877,105110107517,4170
7878,37759917399,3230
7879,73703455868,5390
7880,38361520544,3620
7881,44527199459,3740
7882,91487402708,4230
7883,54855662849,3320
7884,37090058388,4580
7885,151156933015,33430
7886,53324382536,5300
7887,49832910692,3160
7888,74692264729,6010
7889,106963635602,2820
7890,73471242254,4260
7891,195770197910,7520
7892,70549096834,5820
7893,56959432972,3990
7894,72427965831,5490
7895,66579794922,5420
7896,181406417031,13890
7897,44501878956,4030
7898,4522996622,135160
7899,8211045011,127480
7900,814500447218,7650
7901,346412064765,11760
7902,442552945710,15380
7903,53324382536,5300
7904,309195637963,10390
7905,55545011540,2890
7906,274664828477,11120
7907,146464975018,8010
7908,202811416731,2540
7909,86285612256,5890
7910,191653187973,42120
7911,52424677325,3910
7912,91819180484,5840
7913,77219784916,4940
7914,79234036590,4660
7915,278039316937,12970
7916,100908227200,6740
7917,56525522922,2750
7918,318719477487,9520
7919,120146243156,8070
7920,340736389953,12010
7921,177359725179,3960
7922,72982404985,4500
7923,138780996045,8160
7924,263442229370,2510
7925,175325929592,10820
7926,181054378056,2120
7927,112588317158,3930
7928,76158550940,6820
7929,41278002443,5430
7930,40970260953,182240
7931,15366313943,409940
7932,81100812440,5090
7933,578278380621,1560
7934,56192095619,5510
7935,50305279611,4930
7936,9289277148,120150
7937,160139161063,9070
7938,142763464160,39130
7939,77219784916,4940
7940,223038355450,9430
7941,46842044621,3270
7942,41727139071,3580
7943,131027234700,9080
7944,49132737420,3500
7945,101753814949,5570
7946,49048306724,4070
7947,63755051142,2840
7948,99806852970,6200
7949,430372223488,13780
7950,91819180484,5840
7951,53129310715,3340
7952,52490540124,4710
7953,47879504506,4470
7954,261826956332,2500
7955,125916301724,3020
7956,155664693178,13660
7957,61106974689,4670
7958,124595936815,4090
7959,76508778872,5310
7960,69032658831,5140
7961,106602577570,4290
7962,99484210136,3640
7963,242665415598,9420
7964,210348899443,28250
7965,191679075442,2580
7966,50684794067,2990
7967,253715255068,14620
7968,57309626448,5130
7969,56502388417,3630
7970,608832026527,14250
7971,48997787218,5200
7972,156807490125,204250
7973,94855841178,19560
7974,49832910692,3160
7975,397709055672,8800
7976,85014417227,5550
7977,216319651390,7880
7978,54889956850,3520
7979,73481969970,5800
7980,164868595718,6100
7981,78353288336,2700
7982,52490540124,4710
7983,144096545965,7150
7984,117673115747,6910
7985,170907499503,8930
7986,58328015590,3040
7987,119408870956,9400
7988,413765751121,8700
7989,43410025018,3050
7990,74972907974,24630
7991,101753814949,5570
7992,164881214113,21940
7993,44914453557,3570
