0,417649077038,64260
1,51371830642,41130
2,68169777566,167840
3,76377694806,56290
4,26148582480,262320
5,14555830421,45130
6,7580932313,106190
7,69593259095,195960
8,101032015994,260750
9,20887415245,303710
10,3973080154,124520
11,7452865834,49120
12,78892903511,236930
13,66659112909,188050
14,37747069575,52710
15,90516821647,215590
16,61738234641,60440
17,159975109331,162440
18,19078916407,50390
19,939850333196,74690
20,23827630075,268850
21,83179436878,224000
22,58551585993,168750
23,101329630183,198290
24,8565201726,109330
25,58640764312,54280
26,11571487651,127200
27,14827876114,48150
28,70192175784,263570
29,109222614569,63300
30,3538231216280,25520
31,4249518296,115600
32,17115117207,88810
33,141984998920,39970
34,80093839978,57320
35,754014931568,17000
36,5629499534,1500000
37,17474636871,293340
38,22530082085,288800
39,13186779129,45310
40,43912621423,190710
41,102661377499,245440
42,60012740555,168840
43,12684960219,184360
44,40229482910,57720
45,34080429098,59260
46,35050372225,52330
47,26965644095,301470
48,14872416758,48320
49,58966109575,54240
50,10647207737,99800
51,1956900771001,73140
52,169815389674,36800
53,17001176225,47190
54,68906195096,288230
55,22198463851,388460
56,36458812840,345040
57,3191175964604,69890
58,92331299311,267410
59,71349955913,58960
60,122014218611,237500
61,34003385100,55160
62,7429825174,48780
63,28529356978,265740
64,5061646133,87000
65,81214862415,39590
66,21536018540,242430
67,418946144471,75950
68,33181020437,44590
69,270241318674,75590
70,48866210574,255960
71,1654028891696,66740
72,193370237703,36300
73,45078745077,171200
74,151776317045,202220
75,52680040834,227970
76,28452792952,179470
77,25566152720,45490
78,60527703590,240800
79,21949985744,195690
80,67292618438,59530
81,34425543664,397440
82,54219552895,53840
83,11109028856,96320
84,14156465413,91510
85,56717880580,195670
86,2511596714788,68000
87,16387944265,89370
88,23699920464,408110
89,60999354181,178000
90,10208106165,140600
91,116600148839,233510
92,85053817953,192480
93,74765089021,61500
94,149203516795,159860
95,105119906516,250400
96,151337837087,145660
97,9792103206,85510
98,50007370682,329850
99,41330649700,249660
100,1534354591718,19010
101,141838777260,154060
102,71741931745,61400
103,70885322634,180150
104,54968906457,43000
105,126474863894,197310
106,10288492633,134740
107,154557885462,203090
108,1494662336121,73680
109,8892390231,91790
110,15159793207,48850
111,35781629237,302690
112,502209295025,34960
113,132207870646,40290
114,67134193088,54960
115,124445535336,222700
116,59965849493,228460
117,5629499534,1500000
118,77128690774,56310
119,31315096876,60960
120,142449921785,183140
121,73899786930,285780
122,130658434474,179210
123,36578050605,157380
124,9117313980,81310
125,37939391411,260290
126,111249774732,198530
127,143558543383,150470
128,103379173250,62230
129,444289100021,75910
130,58502491715,267800
131,142353238755,40050
132,32673252647,293740
133,23130075050,51110
134,9354070502,46740
135,173281461105,77170
136,23609467701,385960
137,23654995353,51070
138,25402571008,86470
139,124870641373,160870
140,29090482423,51750
141,79484307394,57400
142,549055304157,75570
143,5522766351,85640
144,121676370764,40490
145,84905683463,77220
146,34441857364,55060
147,46624470458,251530
148,13778083397,82760
149,147459311811,152760
150,75499594167,58200
151,16713964930,83740
152,67621377365,217210
153,64480271874,145770
154,79832924703,262590
155,40523204703,57260
156,10219895775,119340
157,45621715339,78940
158,14511979271,429890
159,73638893309,55690
160,14707038275,48880
161,10547008580,104280
162,106113877984,62250
163,10916009392,132740
164,20242127146,291900
165,129242616275,215500
166,40913569523,40480
167,36610546147,239690
168,1049985858670,30730
169,11116223305,86450
170,35879832668,232220
171,7118073808,82260
172,15168421732,48600
173,8401756427,133180
174,186002667393,39090
175,23320823062,299670
176,48819103042,237990
177,45792021222,41430
178,9180959859,95230
179,453180446818,35540
180,37394136434,58610
181,48266818229,342440
182,5394120893,47350
183,5299325390,142120
184,135263946137,169720
185,10758387023,52070
186,15013254943,48760
187,13819474871,51700
188,2730840370572,71840
189,69129276603,59290
190,58294120198,255600
191,38773750400,57250
192,13252284816,89410
193,149840673420,155930
194,107175195725,178950
195,10674478972,163530
196,5629499534,1500000
197,52858785676,41000
198,31043278709,311590
199,17194048428,47060
200,10700925220,103530
201,80106457802,241110
202,24013239009,43540
203,9140065183,118480
204,517205259111,34810
205,25427671104,236260
206,9745378211,122470
207,59440069775,54400
208,8579147212,88400
209,16789693184,83050
210,45023009703,149720
211,32128528493,232790
212,15364093487,95280
213,79793399053,57650
214,628775193456,75420
215,24207419375,255840
216,75295070359,244480
217,1905381831706,22110
218,19547858380,295100
219,23863340729,43550
220,26494562070,45460
221,9402585960,113420
222,92487378530,245680
223,12739924968,111350
224,78529351757,56180
225,27733206537,54150
226,10731097906,114790
227,34361359223,44480
228,9301628939,90310
229,653828332504,33480
230,113398890904,62400
231,736857163076,16900
232,9347972019,124760
233,70387520723,242900
234,2158975878428,72850
235,26421990784,57840
236,9779367066,46410
237,61260412326,327900
238,50445533017,218180
239,23132810060,58940
240,17234583946,95930
241,1248873907614,68030
242,99685661534,215920
243,284659304418,63670
244,213348792284,38570
245,3580029942446,21770
246,35547673904,153060
247,20243583347,396500
248,18933785934,50360
249,8950851979,129440
250,22078414974,361020
251,17796712272,82680
252,31610081377,151710
253,2780058431282,26750
254,3219324707124,69770
255,58172173226,280360
256,20608403331,54620
257,12913861050,90520
258,93519512747,77910
259,36341604914,55450
260,23585289104,53450
261,59411039730,299540
262,37289299085,88560
263,30791031278,87590
264,81160137743,57150
265,92579128262,178600
266,56288966368,54070
267,7291545347,124500
268,17181864064,87740
269,3131265404419,71110
270,42690591454,53070
271,7510302840,132500
272,14979269270,331960
273,8460622267,91920
274,77904079181,57410
275,88800038281,149060
276,20644075321,236410
277,96153182880,244640
278,25702093413,80160
279,34865090973,273160
280,35509861158,55440
281,38240938872,58410
282,77721099993,152910
283,52967085466,321510
284,1362853227113,71950
285,5629499534,1500000
286,282681088774,76510
287,9757036270,85630
288,556061082599,34520
289,880249515422,66980
290,3348920449218,70030
291,943969245292,31510
292,26092396615,238010
293,457675261763,64360
294,100456182410,63240
295,28142421353,399320
296,54718565147,336680
297,46437479214,170040
298,51432985189,274860
299,40476894276,78130
300,288603720990,76540
301,77778747945,184150
302,85531187232,62990
303,830048313043,32140
304,780200136983,69090
305,309576459678,33840
306,51222980253,314650
307,83081987687,39470
308,60691403590,275650
309,75175537479,236960
310,33810153030,187280
311,1562174939320,66670
312,1824870432328,28300
313,105074957572,216570
314,8967302271,240130
315,28266190193,169570
316,105040198159,198410
317,66846555573,297940
318,78933348829,282090
319,9885620135,131890
320,72527906701,250480
321,77473083598,56670
322,18320309752,275170
323,62786832677,268520
324,1205856415512,30010
325,38701972137,57800
326,118232207460,193290
327,76198636795,254080
328,39760894928,293870
329,8480775659,49950
330,63373773451,54550
331,53167768684,276200
332,169407471706,159280
333,22936741589,389020
334,27468846667,180980
335,62618266174,61030
336,586344456562,75510
337,11970035217,115850
338,84519071212,274900
339,55314333120,183110
340,22251551786,283390
341,57464755417,192110
342,8534000105,136690
343,6167111363,83220
344,35468569436,59030
345,34423557973,41030
346,165115891185,156380
347,10870692994,117310
348,3304868253857,70120
349,11389369206,134130
350,60202614076,343820
351,42156129906,245880
352,193370237703,36300
353,127379906192,215320
354,19724217732,52850
355,15119836581,47800
356,18034395369,339950
357,17003443075,97340
358,20531042497,390720
359,85506012483,218910
360,39253439902,58040
361,46271428214,281960
362,1836816826356,66990
363,120589843404,180670
364,16131385178,44660
365,41352013560,282110
366,137746407018,77480
367,18199958071,83020
368,103285946833,176480
369,37737406360,270390
370,74263052223,55750
371,78430421238,169780
372,136829113669,164310
373,15722270849,279850
374,3216152064955,70710
375,65285607703,59510
376,78523629710,56510
377,32402697669,44740
378,201618385062,148310
379,53130336527,296660
380,40085044654,56760
381,109198740519,227250
382,27980818741,202420
383,133405123953,40210
384,56385133139,252790
385,10945679187,82250
386,38574703028,258250
387,122802919020,77610
388,51539440026,222160
389,100481136023,197920
390,121558332170,77590
391,19366526992,85020
392,26675347573,311900
393,13836799017,101890
394,1287837702484,72120
395,64621140096,62600
396,5522766351,85640
397,37678695996,384720
398,37845031217,55670
399,10494646603,119290
400,105050884637,224600
401,27562214160,54120
402,69611175486,61280
403,365447918415,32780
404,13271897776,51570
405,36199396724,199540
406,96448428174,215900
407,42425586056,168730
408,8446516719,133990
409,91707628196,225930
410,10738992652,125410
411,502978950882,34920
412,490236456549,35130
413,9779367066,46410
414,149588716994,39830
415,18744086824,336240
416,85269672772,78050
417,1115858157380,72590
418,3512165394292,25580
419,25660497653,362380
420,778433390220,75020
421,9542101194,138720
422,73746192654,55510
423,61187524148,172740
424,2549315574110,68080
425,40777213355,177740
426,6166728714,82530
427,547463607181,30450
428,54058909381,272390
429,28214344456,86990
430,23513048148,318820
431,42860327717,246230
432,2175984832243,72810
433,38639880224,339740
434,41765181346,316680
435,119705609979,165660
436,58584064465,155270
437,1692619267690,66790
438,5629499534,1500000
439,39437907978,235880
440,22629091989,50980
441,1012272999474,71330
442,13663744139,420180
443,66096298516,310610
444,109670417923,233120
445,29076097552,320400
446,141696790238,37420
447,1600757092546,73610
448,18441533588,46840
449,5629499534,1500000
450,56045894595,191500
451,81494279905,56910
452,59390077714,254180
453,24900595841,53710
454,28448493640,146680
455,5629499534,1500000
456,11883108047,102160
457,2276824397319,27480
458,126190262088,37980
459,48533535379,43510
460,14505277422,43750
461,39556783700,220960
462,57167184644,160530
463,174630821936,162050
464,28767885806,149240
465,477919071448,65650
466,76612944369,41950
467,10733509111,94330
468,38241182989,57870
469,36096140570,52560
470,60281097330,224150
471,17591948810,82040
472,147045016410,168150
473,19806030326,228130
474,102207566411,198580
475,31685298073,288750
476,11306816927,83840
477,46563318626,366530
478,26759907386,358650
479,11568320021,83990
480,188687928637,148930
481,31538283779,60530
482,77250586249,210720
483,35263787532,288160
484,7588922028,119170
485,43570111484,238600
486,20965248959,80240
487,479881245347,35110
488,50929715888,250460
489,7588374326,135420
490,108281354452,215690
491,184292793622,144430
492,199169135313,38800
493,65037755611,54950
494,67864067696,42480
495,22697961400,80270
496,512666665337,74480
497,101448368020,208140
498,28711501759,329180
499,47151991484,285880
500,13422179776,106430
501,90227281753,205110
502,29188011936,54360
503,70525644838,55430
504,47470293534,357340
505,22056329024,53060
506,79931344745,311640
507,7351191298,143720
508,27536238537,79810
509,9281095370,107020
510,63588306421,234240
511,17414972402,50060
512,17803330725,282130
513,5629499534,1500000
514,154946462977,170130
515,27891062769,395010
516,72165118022,58850
517,126563506118,40450
518,97414448343,62120
519,79088234143,56260
520,16245312737,82190
521,74697940458,58100
522,2862964164077,68620
523,233537534892,76780
524,64640688108,300720
525,85463762771,275890
526,1488820396795,71420
527,18773728090,46640
528,75300266608,197040
529,1032650521828,30980
530,73252675189,221560
531,63488182471,296400
532,171928995894,39450
533,82106788955,78190
534,565505749835,64710
535,36677970322,399360
536,9134961658,80960
537,126489239287,172080
538,17846745721,44340
539,198645706724,38900
540,45170570149,309500
541,71231469877,306760
542,13590891840,51530
543,7380806515,80430
544,8538252363,139460
545,212780769764,147170
546,189828020640,146960
547,19136853985,58230
548,383278324595,64110
549,51928359114,228340
550,33717018351,148400
551,26157685293,168080
552,68270397080,59040
553,30934671033,188580
554,132457630663,147820
555,1012272999474,71330
556,36340159482,393150
557,8157358459,143780
558,26379358058,336910
559,147906371705,157540
560,88464462324,265890
561,35916139262,327970
562,34593977701,198440
563,110314239089,193460
564,171180187008,155860
565,3739124763,48350
566,17254317417,47170
567,137821599437,158240
568,374477286615,76130
569,51548921464,152470
570,10226151281,90360
571,17050666795,271380
572,116660286885,226050
573,7707348770,124880
574,41980951154,41780
575,26609050665,193310
576,132311937771,226610
577,52487492310,309360
578,41914504887,43880
579,46365864767,291740
580,108722287237,167350
581,34074965004,59420
582,11491201259,105210
583,28120524433,190100
584,25996509307,284800
585,292539030695,64750
586,6646936009,90300
587,28076815683,54200
588,9442826177,118760
589,10762374026,112000
590,95475215155,63120
591,73272683600,278430
592,39439409033,171590
593,21824091542,43780
594,102941257686,223610
595,10703659229,85820
596,59570796014,54430
597,68530394383,306870
598,88173503528,157250
599,41773262232,52910
600,807057400350,32200
601,7582049795,48090
602,40851156181,281060
603,73716516349,254300
604,106980211903,196640
605,30503842531,323390
606,16627796884,47360
607,91812803535,37630
608,63159655139,215170
609,101878386471,228720
610,156296209236,39720
611,8197315110,47380
612,25048086711,234850
613,16743630014,297350
614,9700378137,136090
615,16166254350,98390
616,263528806665,76610
617,22530082085,288800
618,141279760720,202930
619,2912345604285,68800
620,23645994473,79820
621,41490685531,319050
622,46137279767,41510
623,10720683797,139890
624,135312782146,167030
625,70067296304,261610
626,59566455582,253890
627,35363245183,296150
628,50802668784,232690
629,86110405212,266790
630,65412783406,313630
631,12064144149,405470
632,27432551436,167430
633,10328916711,123460
634,7865743477,143350
635,55106154440,351820
636,102912083070,218360
637,5753724034,128010
638,100273315552,224310
639,36846605710,79180
640,1487880973124,29130
641,19782111412,303620
642,23684954001,275800
643,1336851343766,66310
644,75126259089,58470
645,16648956062,47420
646,93838455549,226880
647,39153728717,57170
648,63358569499,231940
649,18621078307,189580
650,57429128050,308940
651,15064615485,48480
652,7623492979,48690
653,121987435331,77570
654,37394136434,58610
655,25040552893,217010
656,88377566664,194950
657,18864118273,89750
658,39918853790,57780
659,60954829743,146500
660,737231962673,65150
661,220756124967,63320
662,3210783423828,71030
663,787665045692,32550
664,5170617475,132850
665,73644184245,78240
666,123519315337,40460
667,35322741128,287970
668,15560356504,79420
669,63241304422,42550
670,39508723827,201610
671,1723103167393,66860
672,32206271687,61160
673,23650441128,275580
674,74738565831,58270
675,88589756994,61900
676,402666154670,35910
677,19702278862,80770
678,417064696093,32170
679,33832781226,155990
680,11836157184,122610
681,76764428412,229540
682,841685993882,31960
683,30686772833,347020
684,107925629988,62340
685,14987699384,291530
686,35513875246,233600
687,754470732302,32840
688,61711515895,60180
689,51992779018,186500
690,106328318223,158360
691,134248037121,40140
692,96557402138,195580
693,2244541752263,67610
694,834013142831,66760
695,83359134054,221330
696,10867255035,46080
697,57933071096,54170
698,26848984748,51580
699,4243815637,131820
700,100738615163,167760
701,169057763836,156520
702,31233108161,242490
703,25851501332,325760
704,98995190250,157370
705,56728671929,238520
706,17225555315,89700
707,56538626934,171410
708,2206096784509,72780
709,58465750437,158120
710,22017647806,292960
711,147157813440,171680
712,37826824968,56090
713,13114577080,418510
714,10210051952,51910
715,31338927953,163910
716,19340344250,46630
717,55047727520,199990
718,14784846119,295270
719,18217658006,43080
720,282245851450,37620
721,44149329021,286820
722,23086044916,53240
723,39387933008,192800
724,2029382478602,27880
725,29261673896,326560
726,120867528059,62500
727,47004323956,360380
728,59762148743,255650
729,101042806506,62180
730,82829329663,39420
731,15547939526,49380
732,12319333796,102630
733,50229686908,206620
734,192985775766,39010
735,34476326094,87840
736,62313766743,60260
737,68268643516,223860
738,10499671605,133030
739,23537738580,404510
740,8568865310,47040
741,70782398813,58780
742,144438465812,208600
743,64480271874,145770
744,259582651287,34700
745,357484918413,75190
746,38225385286,338420
747,83116889167,240870
748,105200366984,184590
749,596792600039,64770
750,213418366563,147620
751,69012188364,254690
752,14962078788,91240
753,75418363237,61660
754,11345501674,114150
755,208711631090,75380
756,29672099859,45050
757,2370338841031,27260
758,5629499534,1500000
759,7106188371,127250
760,15260673026,152700
761,5629499534,1500000
762,1233713826163,30050
763,318395815208,36940
764,69620098695,59170
765,99755976105,41170
766,125879182375,76710
767,33848717780,150360
768,85649531098,144590
769,80923998344,56680
770,39005483304,44190
771,68956151289,147230
772,20337517091,288900
773,26052048941,86720
774,83048115777,283780
775,976177262670,65690
776,49183228063,226990
777,1124126932135,74360
778,16105913284,364370
779,58211562054,345580
780,79032336049,175990
781,923150212568,74770
782,17182707227,90230
783,73301791677,203400
784,39543924146,44120
785,9659618155,99720
786,62039142158,54710
787,107818997576,41010
788,323693491628,36960
789,31315096876,60960
790,61058615393,332670
791,9110007810,137560
792,147317181098,39990
793,121209074538,198190
794,77207605906,56560
795,198474619152,38930
796,163872190251,62950
797,30379774766,60510
798,84816066925,270880
799,357886063850,76220
800,119824305606,231130
801,40738294341,257080
802,10947220099,100980
803,45352617885,346610
804,40609479758,284880
805,7449029975,49130
806,24358615035,85950
807,9706991432,85110
808,3258728612709,25970
809,19136853985,58230
810,23978959686,45810
811,11253562326,80610
812,1016430220799,74560
813,5360217754,83150
814,386767365600,36080
815,83964185948,231320
816,64064369744,259430
817,1362853227113,71950
818,98049390987,172920
819,10829130135,101150
820,47048089091,353980
821,29519304951,54410
822,763477742055,32640
823,434675963762,31850
824,76666018319,57910
825,70217326880,236000
826,72343359860,42160
827,95198830000,144270
828,68484010631,186620
829,32975664509,144610
830,58083775945,328460
831,33913292620,166240
832,63954619917,54860
833,23772433078,87230
834,7494477408,141930
835,165799570853,63920
836,12822045110,85520
837,2413694312960,67860
838,130933154229,175660
839,308699555163,76460
840,7582049795,48090
841,20570998974,52940
842,37268390542,303000
843,47038988563,365500
844,7451394132,122360
845,72310395284,293130
846,71661713190,247510
847,89439124016,184710
848,59831893331,211310
849,38384220783,203850
850,23280476272,42320
851,16131385178,44660
852,8182656090,104880
853,168282218036,34840
854,15714261299,92230
855,26250009740,45320
856,144245340117,184820
857,9892157120,124970
858,12962549036,85070
859,390202252490,64130
860,58457156545,155420
861,12539655947,81490
862,7429825174,48780
863,2571716553020,20440
864,10005492803,135740
865,3122182567175,26260
866,7464013853,93050
867,14698295564,384360
868,85488665871,181070
869,19046973676,90320
870,70316012857,291660
871,8569524791,116980
872,19366080856,50480
873,8356419217,101700
874,16694243455,92800
875,4736991311,131620
876,183030548543,160320
877,20785349292,341940
878,36638397668,44270
879,12366413520,120680
880,2536241410798,27070
881,484877840176,35220
882,10429884688,81460
883,35644590302,52510
884,54449300612,306280
885,1348181253927,73920
886,2855786030591,71510
887,32227422440,386380
888,103744780826,211240
889,112804526213,162430
890,29334768041,51830
891,83341834352,213380
892,74825160737,167870
893,9931653304,83080
894,40993073563,146300
895,9210110546,129310
896,5770921212,86510
897,11131560460,124310
898,10984528711,138350
899,39486731622,273060
900,492984097302,35060
901,20691636929,80550
902,2499438897474,72180
903,11196460204,81730
904,2125518040711,72860
905,241267611877,63510
906,73531268134,42110
907,10303299426,102370
908,42712394615,346490
909,48795153595,205180
910,1721683278727,73350
911,52292807607,227860
912,11247178191,99910
913,152288779479,39760
914,3188729538992,70490
915,10553246974,90460
916,9027095500,83610
917,2910819660768,71680
918,1833799348064,73230
919,37181399171,316420
920,20608403331,54620
921,83380015760,305440
922,173692012455,144400
923,11297200316,111740
924,22855365350,78950
925,55949772525,162480
926,15936795899,49330
927,125242145928,229000
928,9281482187,113680
929,8734153184,45410
930,100051722119,167110
931,90387997509,195880
932,171117165777,165300
933,17652738220,44410
934,81554503855,57110
935,25759148081,212310
936,42407436694,219920
937,5512010907,49760
938,622571104519,66110
939,58788651232,176910
940,71625341056,253470
941,15426349987,47870
942,41642508622,284810
943,10027734506,91930
944,89686417747,177940
945,75136988592,200910
946,32683590388,159940
947,11388175258,108920
948,61619000530,60290
949,9503027856,104230
950,72260858641,42240
951,74182620063,55520
952,47218197314,184280
953,23480110716,415380
954,16736294993,53670
955,102733512791,174850
956,151612507490,152880
957,68248760011,55070
958,10867255035,46080
959,10073566785,137720
960,901316467790,31760
961,11031506040,83570
962,27459837265,309020
963,105237835095,234320
964,73860467675,42120
965,10399111059,142080
966,2983966729414,26430
967,17716264769,52340
968,9013835251,83950
969,36341604914,55450
970,613623240889,64820
971,1020361753262,74530
972,59585093906,252020
973,121990553394,174430
974,8233576731,129300
975,24300215835,350260
976,32054719433,329650
977,27617068579,51670
978,34581619516,370580
979,99529471126,229570
980,5512010907,49760
981,17884612209,50230
982,42865037112,373430
983,9739067384,50540
984,26421990784,57840
985,7208225287,80560
986,12037033899,122190
987,3205283966279,69530
988,5797557289,123620
989,40991484131,187800
990,2976552435495,68700
991,31233108161,242490
992,58832939874,274210
993,102958567590,156720
994,16629065592,313250
995,232412275676,38270
996,281544052701,75560
997,705599815708,33210
998,1118787128859,30540
999,512666665337,74480
1000,18189756684,46930
1001,73636340666,58520
1002,64450339094,194760
1003,99809829172,241660
1004,20659547976,50590
1005,53822689897,218280
1006,39222978516,324750
1007,660893776293,33590
1008,23863340729,43550
1009,105729637830,231330
1010,2622985634719,72110
1011,265353828271,37710
1012,34625937948,59110
1013,137450522220,182460
1014,81102082237,57270
1015,161327837450,39560
1016,33942565248,55040
1017,58576353442,340010
1018,10060875214,46500
1019,32992401278,59660
1020,24829648943,261330
1021,157511639105,174660
1022,35899577306,178400
1023,131543239386,200220
1024,44078659643,300300
1025,10667335336,98930
1026,53862473344,315610
1027,56369493469,171720
1028,77906560039,221550
1029,387982222524,36130
1030,649177916202,16480
1031,14513137245,96110
1032,22020479869,281860
1033,60518193605,272410
1034,6364168833,103520
1035,1627219907495,70680
1036,32523792583,169860
1037,206408630996,144960
1038,47651947989,202690
1039,2915056647979,71520
1040,2884249307054,68570
1041,130324494770,164570
1042,138106725726,186130
1043,11995427104,110140
1044,5629499534,1500000
1045,99558414000,186320
1046,968758846857,31210
1047,130287882357,205930
1048,187773080795,39150
1049,84905683463,77220
1050,78113373024,290400
1051,2270905505951,67620
1052,4275910443576,23470
1053,65341521578,265940
1054,47515680883,369290
1055,76040316421,58000
1056,2599555984469,68130
1057,32206271687,61160
1058,49510258483,157930
1059,81715801749,254590
1060,24217570477,200340
1061,32352664670,42560
1062,2243879266200,72610
1063,30978667326,202940
1064,174850727124,39230
1065,31892382241,213870
1066,537689942200,75660
1067,7438575813,128260
1068,53480806139,291270
1069,5629499534,1500000
1070,39192908678,57860
1071,14309646269,397590
1072,52438486401,174010
1073,122967882061,198150
1074,9267552239,129590
1075,11744807379,51140
1076,34781563207,58830
1077,55014827776,262430
1078,22848529298,43620
1079,24258287857,45610
1080,897609553128,31860
1081,1626656269138,73580
1082,137995745707,40120
1083,169079725022,63950
1084,41026003659,382660
1085,5753724034,128010
1086,17259100971,380280
1087,52558063961,305100
1088,101121720523,237860
1089,170151706787,155440
1090,8081258083,86910
1091,2136705003951,67430
1092,9244039731,137070
1093,17584435922,46910
1094,336741162063,36790
1095,125234314252,184810
1096,7449029975,49130
1097,1339295497148,29440
1098,64417321265,59990
1099,42936243234,333600
1100,10388654899,116090
1101,18896970551,313710
1102,135399395550,62690
1103,17976658343,88610
1104,419536710344,74940
1105,84744794738,203590
1106,23280476272,42320
1107,50415450051,231590
1108,35109911784,61380
1109,30411207220,188700
1110,78724403277,56630
1111,74336563522,58540
1112,10261772926,80080
1113,8655602681,103730
1114,81279011413,276260
1115,21618080817,79740
1116,31411411065,42710
1117,83081987687,39470
1118,13271897776,51570
1119,10557695150,50670
1120,16495188688,49710
1121,12881467489,102620
1122,61728409855,243230
1123,22043861878,281070
1124,110931322681,77700
1125,3014457095351,26410
1126,69256716712,270230
1127,29954135340,42700
1128,86456117793,236280
1129,53029975916,262530
1130,149429992522,39850
1131,55566356757,198310
1132,32992401278,59660
1133,16334475328,279580
1134,43113827183,289250
1135,33391946215,52150
1136,38241182989,57870
1137,22831060171,180690
1138,3910390111,142190
1139,49952224697,353660
1140,44272559441,164490
1141,57271159438,42950
1142,117737018445,215650
1143,19280246524,44150
1144,10776985306,121230
1145,87076261916,61970
1146,34323611194,305340
1147,6457954389,103000
1148,68959785022,261750
1149,6934072189,125860
1150,29519304951,54410
1151,38368288173,248400
1152,23582014378,207850
1153,9246607253,136520
1154,73439016919,176540
1155,10210051952,51910
1156,79136163020,187630
1157,89562097540,39130
1158,1452584555966,73850
1159,74130252464,162450
1160,30333133173,44900
1161,10219828497,97630
1162,71607237656,298490
1163,39104984882,56840
1164,1043423562447,74460
1165,1504874498429,66480
1166,1627219907495,70680
1167,301619464167,37250
1168,5808462685,110270
1169,30593912447,255720
1170,19787740851,275460
1171,66519134962,59350
1172,9850816257,107480
1173,64599370628,322060
1174,42871581222,365660
1175,16321575827,92670
1176,78637025781,56730
1177,21824091542,43780
1178,12667699862,105690
1179,60255293420,328320
1180,23358042469,343740
1181,11385623782,51100
1182,48134562659,268790
1183,10037295474,110060
1184,32402733349,253030
1185,20687789982,52860
1186,48780977003,367450
1187,96084148370,254990
1188,20880423673,60000
1189,40194222734,265050
1190,118331159656,62440
1191,400944110101,32300
1192,7006326465,142390
1193,28256282415,42980
1194,54350005014,39570
1195,95649834017,62060
1196,80294344744,56620
1197,103331102514,217190
1198,48575149202,364580
1199,7583771961,48940
1200,7187556354,124860
1201,40020817487,192890
1202,60580580920,339660
1203,9594141362,107380
1204,11666092754,115050
1205,79721215312,148760
1206,78933737622,172250
1207,271144657880,37730
1208,21851855545,53160
1209,56166934111,266010
1210,66259801989,247040
1211,35894584743,52420
1212,38474580367,145330
1213,38407065833,52610
1214,8788069754,138530
1215,5667889582,47330
1216,38240938872,58410
1217,67251623313,301170
1218,1101279220897,30640
1219,52359950198,43270
1220,85649531098,144590
1221,2652149897084,68290
1222,84809042175,195800
1223,5629499534,1500000
1224,8039234467,126670
1225,43985709473,314060
1226,694665603499,33180
1227,1398639497881,18780
1228,17841412461,362390
1229,18869024333,46690
1230,15176047990,244520
1231,46836601716,258320
1232,128329481399,228580
1233,1317635661969,66270
1234,8150392221,128920
1235,38427382465,377450
1236,59424266093,54460
1237,21690409598,355160
1238,37840276255,173620
1239,2263372455748,67710
1240,34974185512,44530
1241,178871423363,147960
1242,135799972463,205750
1243,7038764031,134690
1244,56632893170,54160
1245,67386198906,280690
1246,49984806104,43350
1247,42237234515,53000
1248,37427865794,44210
1249,16580834590,293140
1250,44397484035,53090
1251,157048278964,162300
1252,58837504921,280510
1253,10736644515,124570
1254,2105471650470,19920
1255,4249518296,115600
1256,10261772926,80080
1257,83350015808,41680
1258,1728722771603,28470
1259,38337920534,56350
1260,29944578557,79470
1261,1107302987644,30340
1262,54090546324,230220
1263,560391005650,34420
1264,11611964649,80970
1265,911222234915,31450
1266,422371869454,35920
1267,10321471703,107780
1268,120930282541,155350
1269,5629499534,1500000
1270,19782111412,303620
1271,6830031016,135650
1272,171985751021,159310
1273,15158644105,407760
1274,76613716489,55860
1275,29179167388,86380
1276,60968150698,255400
1277,90590129249,268770
1278,24468453881,156180
1279,11004013413,82740
1280,76296570122,58110
1281,62155561091,54540
1282,22676517181,86000
1283,86379127502,261570
1284,79045044531,56610
1285,11103895700,50930
1286,36980957166,167990
1287,83549608127,206580
1288,9058303582,97530
1289,63408251590,158410
1290,68840597726,314630
1291,78912554260,78170
1292,16138742874,49670
1293,82449129156,61860
1294,741091750440,32920
1295,40983114673,270990
1296,94016264954,201340
1297,21139965248,46100
1298,29496610155,51870
1299,560532895728,34540
1300,12574786135,400610
1301,38538472030,57810
1302,37852250870,387860
1303,2483289239349,67980
1304,1752910123459,73400
1305,116995243672,238960
1306,15280249183,256800
1307,27185398111,54030
1308,27188273026,53910
1309,82865284430,270540
1310,68330211459,180390
1311,109705248622,160910
1312,94106613080,208080
1313,1182640457115,66020
1314,180768579830,160170
1315,39738211045,57740
1316,18741536655,46590
1317,32568200213,308140
1318,35157504026,291590
1319,17181864064,87740
1320,2973437806413,26450
1321,100853813110,252740
1322,15792187924,99370
1323,56362005774,42970
1324,31685298073,288750
1325,57916045396,280160
1326,451907049142,73950
1327,119484146251,184210
1328,10247483580,140990
1329,75908949372,267680
1330,62598697968,255250
1331,2749642773082,20820
1332,51586924328,184650
1333,752249793994,75080
1334,49358517349,145390
1335,15676147421,90920
1336,638576082249,33790
1337,7208225287,80560
1338,57650051832,237230
1339,45335885171,209920
1340,213920877717,35730
1341,37440073195,282530
1342,43676095112,262480
1343,7492397705,143600
1344,45046477264,180360
1345,3209554966845,69510
1346,39254619416,270900
1347,87247375816,208590
1348,36831516264,194410
1349,60275081520,42690
1350,8873154763,102520
1351,14910588785,98370
1352,3260439002274,70580
1353,106894485759,200650
1354,35528790981,58740
1355,23075522246,307760
1356,74851324218,55900
1357,201437704869,150210
1358,10094760431,458540
1359,345118985805,76280
1360,64538385252,42470
1361,16796779459,275230
1362,20369945009,180430
1363,85871604570,281590
1364,36255749004,52540
1365,15840650347,49660
1366,94539676183,77100
1367,67749468530,188150
1368,5629499534,1500000
1369,10814275388,136370
1370,19358222833,46550
1371,68296485922,256200
1372,135619870623,222210
1373,122647345834,202750
1374,41760250554,216360
1375,81512622747,284250
1376,133137668276,184020
1377,118934253617,38120
1378,820046574297,32080
1379,28806403003,265970
1380,2816031489060,26710
1381,45294067046,268840
1382,10789675955,113460
1383,4739497000,137570
1384,9737878546,133700
1385,9600719186,130450
1386,23600689619,232270
1387,120819295495,206640
1388,7494138746,124450
1389,156569604985,62890
1390,47383514664,265090
1391,70972185094,221580
1392,126986407661,205730
1393,1309861253469,29640
1394,90143456086,258330
1395,40226848273,286480
1396,10561959301,134930
1397,30711411984,189840
1398,299624937712,37370
1399,5582805880,118920
1400,52570946396,53930
1401,50030391391,294100
1402,60752442861,286190
1403,62742322002,78520
1404,1123800356738,74400
1405,13875754191,53040
1406,24728190946,177310
1407,55055600473,218340
1408,499150198098,75710
1409,17360754132,83190
1410,54685482878,253650
1411,62014137368,60450
1412,72621532116,55420
1413,70387815930,233950
1414,17435182896,50120
1415,3336447673969,25710
1416,1287837702484,72120
1417,723969183539,33110
1418,8793055658,126780
1419,1529700438862,28880
1420,8013094605,49480
1421,5629499534,1500000
1422,60464378561,60280
1423,931469479682,65570
1424,32877337049,42530
1425,50064730463,53690
1426,20712136305,50710
1427,140452837114,183770
1428,12025035659,93870
1429,64097103046,157300
1430,4160890466592,24420
1431,4772586104,139220
1432,31987807409,310360
1433,217917756885,38500
1434,131948966402,40260
1435,56972851447,334800
1436,66932711078,159350
1437,8809461579,254740
1438,40460439845,79100
1439,3277062633792,69660
1440,81567252796,56860
1441,124627287835,37900
1442,21177164281,285710
1443,29359609194,323060
1444,17227439567,46970
1445,828570019389,32180
1446,110513386356,244600
1447,51805331187,208790
1448,37509638111,42050
1449,9445374231,129930
1450,1426603128252,29320
1451,25039155206,53590
1452,8734153184,45410
1453,52583442693,144780
1454,45014667456,297580
1455,22231134240,86120
1456,145970756434,201200
1457,14505277422,43750
1458,65513152253,288080
1459,24342504823,51160
1460,40110193720,276330
1461,143207052926,174490
1462,108040226006,218200
1463,102103275430,239550
1464,49057694843,62190
1465,141984792586,39930
1466,36431072234,52490
1467,108123372214,241420
1468,129096816408,161250
1469,68439975152,42370
1470,11344086671,101340
1471,86045731820,39370
1472,17039942213,279900
1473,36316221807,55780
1474,7212092607,134680
1475,9649202153,113580
1476,7567835318,104000
1477,79753626150,189640
1478,64277336011,232530
1479,2941449100095,71620
1480,18202233445,86600
1481,17709610626,96140
1482,35187270595,321800
1483,309576459678,33840
1484,516531117115,15690
1485,18839146189,249980
1486,19553803576,385520
1487,2562150676645,72160
1488,150935839671,172580
1489,14507958618,81600
1490,53988559030,204200
1491,989003016757,31010
1492,17190909603,90470
1493,694732629330,75170
1494,302026708041,37140
1495,22953843801,328080
1496,14457227003,98330
1497,48211556619,41270
1498,11338006943,91670
1499,109141523561,40950
1500,20369945009,180430
1501,22848529298,43620
1502,85343836202,61880
1503,118644984932,175560
1504,3218449916946,69560
1505,785244750539,32660
1506,41090066142,44030
1507,195189024829,63160
1508,12167075345,82180
1509,21463347129,46140
1510,63771396060,61120
1511,164897867265,36930
1512,147780346242,179850
1513,14846855466,49140
1514,8584109610,124210
1515,37826824968,56090
1516,925505449745,73250
1517,116560911875,62390
1518,1983816982881,67170
1519,72219866381,239570
1520,37467951780,55590
1521,16343489935,374610
1522,75024633509,291030
1523,2160488905359,19980
1524,123138195601,214920
1525,20538336903,246130
1526,118403997733,207430
1527,16411834124,47430
1528,57731288612,284270
1529,15100161669,48110
1530,628507034451,33730
1531,12101928092,107220
1532,27185398111,54030
1533,147238776265,178240
1534,38558818160,61700
1535,327250105887,76400
1536,51179679132,346750
1537,255095018561,37890
1538,98742941645,188550
1539,10758387023,52070
1540,97671317338,172500
1541,16735412978,326870
1542,79649853605,196460
1543,39556783700,220960
1544,8065381701,135670
1545,47159467052,154670
1546,83422908488,62920
1547,65277627113,59550
1548,44235514328,327040
1549,40765887860,86980
1550,14636780576,48470
1551,38221339327,57710
1552,60943550636,222060
1553,162290758416,164190
1554,24468453881,156180
1555,16882015396,44650
1556,14391715635,197280
1557,15556175314,81410
1558,4736991311,131620
1559,36745558452,310320
1560,34459735125,330750
1561,91366145218,61980
1562,75227598946,225940
1563,30978667326,202940
1564,9875216651,141040
1565,20821664862,80830
1566,8154971028,107270
1567,16695265336,82290
1568,50276906750,296730
1569,20215084569,46390
1570,3739124763,48350
1571,7081941614,140440
1572,33142306118,44580
1573,153510022333,75870
1574,36050817563,341990
1575,35342903242,270520
1576,11562215025,45850
1577,1163506577343,27340
1578,17095875619,96480
1579,22465126951,279590
1580,10828264280,105230
1581,32013773703,59590
1582,49454753414,234830
1583,168193008806,77240
1584,49236935448,230560
1585,64615347939,298290
1586,117780225742,219100
1587,95003188278,267220
1588,26906129495,51600
1589,15074816257,82560
1590,151602296984,169600
1591,101811555903,210860
1592,23574393446,204740
1593,49991336870,227950
1594,106980944812,254190
1595,75155026352,156190
1596,234988810299,38190
1597,40176941183,247060
1598,6368495909,46720
1599,49516362621,77960
1600,159272887868,39540
1601,64053312336,212440
1602,41538621080,185540
1603,15816159939,81780
1604,7653731429,131540
1605,39021085789,371490
1606,28180753313,225890
1607,3235639466490,70150
1608,12474135052,228530
1609,11339898346,95830
1610,15911094470,95150
1611,966674919980,31380
1612,4142129503,128180
1613,5536852877,83370
1614,118785788206,219220
1615,20131645794,46400
1616,49193534420,175310
1617,53165444987,53970
1618,9045764053,122000
1619,5629499534,1500000
1620,355560593187,64040
1621,6687718192,88190
1622,19138016304,46570
1623,80397944845,202380
1624,118934253617,38120
1625,40384735862,328230
1626,117155431624,235260
1627,51553361441,246730
1628,57761307354,199900
1629,662506956961,33640
1630,37923287365,316210
1631,36276974963,358070
1632,86214967938,245510
1633,14740416741,364520
1634,12474135052,228530
1635,87451850027,260280
1636,30187913552,51960
1637,72533855597,162490
1638,69587636625,202270
1639,115184524695,243740
1640,5629499534,1500000
1641,37330058222,282700
1642,15316734910,48130
1643,26168860598,51440
1644,449252537694,65460
1645,22111139199,85670
1646,7669243905,131030
1647,99629465942,189670
1648,36827877837,168220
1649,2048293157305,27860
1650,77317495367,177450
1651,24860648903,248190
1652,20608403331,54620
1653,675993576076,33430
1654,74814670059,55960
1655,32247376448,286910
1656,8587516804,117950
1657,50215626882,343900
1658,35192516777,55470
1659,8283762077,127570
1660,106438535832,38640
1661,5536852877,83370
1662,75456549439,176450
1663,68597981295,274690
1664,29402113887,79280
1665,1138215288425,65960
1666,29888316158,157590
1667,45046477264,180360
1668,63066001529,219690
1669,31806453719,54660
1670,417064696093,32170
1671,49202555317,53560
1672,83009125464,188380
1673,11253562326,80610
1674,134032807390,224270
1675,19764520500,300030
1676,13460524558,84780
1677,114443527047,172200
1678,90679029239,249010
1679,34454872290,166720
1680,37607036269,79200
1681,38578741660,391510
1682,9579685482,130720
1683,81472774991,260520
1684,682451655412,33260
1685,34324650417,355910
1686,94881232005,150300
1687,102626308584,154210
1688,16644913335,47280
1689,15207525805,48070
1690,58730379770,54340
1691,37151002148,235660
1692,23249870014,166540
1693,74389966115,55830
1694,41949470127,301540
1695,51841798376,78720
1696,81851237870,41900
1697,33683358858,44560
1698,91719108226,157980
1699,13881328115,84690
1700,41132034347,373100
1701,13956328331,415260
1702,3087600490472,69210
1703,45095279722,87680
1704,80287339688,154900
1705,80071776618,229310
1706,48612887210,279500
1707,15014804994,48530
1708,567826454912,34450
1709,402673172569,76070
1710,78777361142,56900
1711,103146268637,195700
1712,106364734684,169030
1713,40437151004,88050
1714,2691964100521,26910
1715,88759655238,251800
1716,247923570413,76700
1717,14320664784,45080
1718,20053968529,46490
1719,22755666154,302390
1720,30616989997,157630
1721,20793664269,52880
1722,11071391536,79700
1723,13071543102,101370
1724,70988737084,59010
1725,584757817831,34040
1726,53016545658,245290
1727,12280069564,122480
1728,68467598314,55270
1729,76294380754,56100
1730,652056668748,33560
1731,82804521195,239320
1732,18360375544,50200
1733,28850703640,42900
1734,152564720255,160270
1735,94807647728,39000
1736,908380384182,67060
1737,3303470972227,25890
1738,114483911497,225770
1739,81634641548,234680
1740,29946093536,213810
1741,33857287086,54970
1742,28224197633,181730
1743,820878300936,65330
1744,68673644774,54990
1745,8262029889,133720
1746,8069463710,142890
1747,19436961108,239960
1748,11171597556,79950
1749,77522616393,57490
1750,95511841259,170120
1751,19296570944,421170
1752,23748669743,187640
1753,62884925475,59930
1754,73938476313,61520
1755,701090151454,65030
1756,38337920534,56350
1757,61967566336,214780
1758,8151811384,134310
1759,28893530526,227180
1760,1508789751953,18950
1761,12457877864,94830
1762,59541796718,179430
1763,14522408353,48430
1764,105733247648,197570
1765,64330478402,54760
1766,38799316782,277090
1767,5629499534,1500000
1768,172506753891,150110
1769,286019853051,76520
1770,61738816382,193280
1771,16985766167,49980
1772,1457106472609,68680
1773,387636194299,36120
1774,10358512357,140030
1775,53841467515,189100
1776,80748827868,309600
1777,1187789037419,72410
1778,16042081570,363430
1779,77756809329,57560
1780,40590834149,373300
1781,16642838939,261000
1782,38580491447,232020
1783,79257397334,56810
1784,15227189399,48950
1785,69179968824,42340
1786,8257014558,81500
1787,11220273752,132070
1788,18110077189,46750
1789,100035938487,41140
1790,49762167078,147120
1791,68310768936,78270
1792,72114203270,258810
1793,31233108161,242490
1794,19108885949,358060
1795,107423445698,181930
1796,25025983758,51360
1797,18295635416,82970
1798,3891739930,142210
1799,23950191014,165050
1800,3824221893960,24890
1801,72138810180,221660
1802,33756191576,247400
1803,13332253391,105540
1804,79826837684,56920
1805,46987181757,264950
1806,69008284747,61270
1807,8618616678,140520
1808,96090314439,62090
1809,31594940028,240840
1810,26143361261,226560
1811,5629499534,1500000
1812,165784067381,168980
1813,68189567828,42460
1814,734727708859,29090
1815,49587704945,156290
1816,22300890987,46090
1817,66982037011,54870
1818,34781563207,58830
1819,7414965276,48730
1820,29209673029,42860
1821,39154689809,316300
1822,37417209483,305090
1823,181269510852,154680
1824,169892644865,62970
1825,10743093124,117430
1826,616411793376,33760
1827,59491882703,285180
1828,281544052701,75560
1829,14314076225,407900
1830,400944110101,32300
1831,230273539858,35330
1832,14391715635,197280
1833,54185263590,54060
1834,16736294993,53670
1835,34343346515,313650
1836,256813298477,63570
1837,94661130268,261270
1838,101479135618,77850
1839,88110568211,278460
1840,61187524148,172740
1841,59427003462,54290
1842,12644892843,113130
1843,77430360930,58280
1844,26714099698,56410
1845,39051877850,259320
1846,109596031188,40850
1847,114035600943,213970
1848,102580381764,206270
1849,10748177308,138120
1850,97314814762,205780
1851,37625915256,52620
1852,17846745721,44340
1853,35902853200,173730
1854,64184488885,277060
1855,14075242941,51620
1856,32818106467,147890
1857,175808794404,63000
1858,5629499534,1500000
1859,77501346327,248060
1860,10793050269,109850
1861,20569671529,232420
1862,54728994722,43140
1863,83754659670,303120
1864,4149219079286,23700
1865,13604357226,93490
1866,21738773343,222020
1867,2831786876997,71830
1868,164897867265,36930
1869,86096006871,41620
1870,49283679571,219010
1871,35322741128,287970
1872,9424615047,50260
1873,465295203864,35350
1874,11127966697,256080
1875,53617311318,206190
1876,45500796367,299700
1877,22955992970,307490
1878,81880628212,233760
1879,55527319373,166640
1880,10575179525,122310
1881,780200136983,69090
1882,46696840926,241760
1883,140487872244,37460
1884,8496539814,108080
1885,60200955534,269350
1886,58385488769,186430
1887,85976262498,242930
1888,83217910100,223100
1889,114073631165,191120
1890,17630891034,82380
1891,62921132124,60710
1892,3674266924022,25470
1893,30565681347,60340
1894,139736411977,63650
1895,34415507262,227930
1896,75230413884,263880
1897,39678128839,56650
1898,39123868834,57370
1899,58549408921,152710
1900,411202115484,64230
1901,33914104764,86850
1902,104633769801,231750
1903,78876700103,213470
1904,195624071508,146480
1905,43175447195,43730
1906,63389314477,38960
1907,58530810680,262880
1908,133227254910,219590
1909,15100112577,49060
1910,29605370674,199300
1911,15173593460,48030
1912,68049294481,42420
1913,443001827437,65430
1914,46415670257,168120
1915,70583999928,171840
1916,93960205033,77900
1917,6909123148,111100
1918,102649842263,175480
1919,8061008109,137120
1920,57908898385,256420
1921,124662442488,165280
1922,34349514374,268670
1923,53075422203,145300
1924,16942603789,296940
1925,68135437647,329900
1926,28529356978,265740
1927,106740887268,208850
1928,61524898053,325680
1929,306171447563,37090
1930,44607834327,196850
1931,7501603595,44980
1932,153510022333,75870
1933,88633975258,210030
1934,7118073808,82260
1935,11990570928,110590
1936,29299037177,215080
1937,404729796889,36090
1938,9388586534,137790
1939,1956298338560,67260
1940,36679065137,52550
1941,2914078105936,68900
1942,384108662562,36290
1943,21751190723,215930
1944,18323267285,326910
1945,3056646917312,26320
1946,13875754191,53040
1947,14170135250,51780
1948,44657889274,78970
1949,10972597479,136410
1950,45010053094,61990
1951,20793664269,52880
1952,5061646133,87000
1953,85547589763,252960
1954,745489419252,32820
1955,82692476173,204750
1956,60943550636,222060
1957,74815382612,313310
1958,19949526077,52900
1959,2923756104417,68850
1960,34141536543,199030
1961,7649239392,47900
1962,10127730168,80820
1963,89849767439,153900
1964,67577227628,247900
1965,59312277746,345070
1966,108088270484,189030
1967,14987699384,291530
1968,13473895812,45240
1969,10536752745,133850
1970,85202555368,205690
1971,14055219741,413680
1972,37596216766,347480
1973,82227937031,196090
1974,816834137653,32360
1975,1700113185734,28670
1976,113223357905,202980
1977,104944824232,215970
1978,59591890223,40640
1979,11626273055,102910
1980,20664358969,85400
1981,10075698771,139090
1982,16550078492,283320
1983,31741762230,60790
1984,125107982705,151170
1985,60906656737,60300
1986,7649239392,47900
1987,54361374998,40910
1988,9162393046,198650
1989,1085172331355,30470
1990,447293637665,64370
1991,19949526077,52900
1992,43562431288,311600
1993,12796937289,110800
1994,18624179448,50380
1995,37509638111,42050
1996,119934375491,161710
1997,7375544345,48550
1998,26505229686,88840
1999,411608255410,76040
2000,3190928322990,70760
2001,70861184108,276890
2002,25663410112,51330
2003,76700694445,197720
2004,12474135052,228530
2005,6167111363,83220
2006,8223932116,128110
2007,33134386472,382850
2008,54615329634,189980
2009,10501568484,131140
2010,10571449898,91090
2011,67344387018,55020
2012,11248519390,108310
2013,27193904931,144840
2014,8879910346,102350
2015,7905240919,128350
2016,30565681347,60340
2017,1433400929617,73820
2018,24011877946,45640
2019,519848896261,34770
2020,66513463380,59320
2021,267942877969,37830
2022,33723505437,59440
2023,11282924794,112900
2024,52436749210,210540
2025,23280476272,42320
2026,7501603595,44980
2027,11476561826,102990
2028,90162242984,191980
2029,11799805254,85410
2030,101378579895,41220
2031,145082915747,39880
2032,15929106589,403400
2033,58332308523,284750
2034,12530403912,83540
2035,38008386289,44130
2036,8965642235,50030
2037,172237324300,39410
2038,175835273061,36550
2039,6850683995,133100
2040,9725843730,50470
2041,78225098776,199160
2042,80440260596,61690
2043,42982156998,270090
2044,15583238613,48000
2045,11775427192,105030
2046,49516362621,77960
2047,31415044759,52090
2048,141081990202,160710
2049,48795153595,205180
2050,165759106468,150190
2051,4114195377778,23140
2052,22434275656,380450
2053,13794724160,83170
2054,86036449347,275510
2055,34481419503,244880
2056,85496384802,233280
2057,25047276394,43280
2058,137616973291,76590
2059,16290298180,49640
2060,34080429098,59260
2061,68936197160,55240
2062,74427387382,55870
2063,43626360710,259640
2064,65007920579,286960
2065,154946952823,175640
2066,74922314916,42100
2067,15736424272,253070
2068,5629499534,1500000
2069,30345526374,268180
2070,20122361659,50520
2071,35488516197,358390
2072,145464401842,202470
2073,26421990784,57840
2074,122246969587,153200
2075,64356885462,60990
2076,69549435085,55300
2077,17968821621,84800
2078,109015137210,40960
2079,6843101852,109750
2080,216231469507,38610
2081,128303680573,40310
2082,15640738602,49280
2083,14517311354,48310
2084,957649796348,65660
2085,14604901927,94800
2086,15279142553,47710
2087,1384789477668,18760
2088,70221451696,210490
2089,28466749171,357990
2090,108756829061,192430
2091,9471562680,85150
2092,66186307911,59380
2093,37686844780,290320
2094,50840672368,179870
2095,11947807640,51270
2096,162707580705,39650
2097,1403540522412,66440
2098,30902613085,379790
2099,21417140196,50890
2100,5653357285,108510
2101,9569948119,139960
2102,96113085058,255980
2103,76810126623,57700
2104,29395527290,239270
2105,30090978836,372490
2106,26966427294,333360
2107,35067186245,87830
2108,122674303603,144950
2109,31499311735,60050
2110,67100991229,214230
2111,23619397112,45680
2112,16937824061,84990
2113,86545481717,224860
2114,55449062211,342200
2115,9878256120,104080
2116,44136271430,210140
2117,17508407735,81050
2118,100456182410,63240
2119,25237987229,51350
2120,50579098875,43360
2121,7865129650,88550
2122,10858804008,132350
2123,14441918944,89260
2124,10440492857,50820
2125,133153207620,62650
2126,105745824847,187100
2127,8737756597,101670
2128,94625168286,241290
2129,66434787074,178840
2130,8155452033,112010
2131,56182726606,54080
2132,31489443767,60330
2133,594386578407,33970
2134,78204303154,56520
2135,9239754801,140790
2136,10543328168,120150
2137,1362092662058,71760
2138,268053087982,37740
2139,10762057027,127220
2140,35363245183,296150
2141,63514087490,59800
2142,73439016919,176540
2143,18727670850,345660
2144,37134348640,52660
2145,28643879793,383060
2146,26416260758,86310
2147,124205066685,154840
2148,147622063387,183170
2149,46101182672,181620
2150,13875754191,53040
2151,203758946586,38840
2152,30318742469,370050
2153,106712991078,224820
2154,68427805240,177520
2155,1941665893039,67190
2156,17847350923,46940
2157,1291066215269,66230
2158,8734153184,45410
2159,48269892420,78840
2160,30849047227,163300
2161,13912456120,94250
2162,10974060124,130670
2163,15597613035,49210
2164,13843806063,45150
2165,1410622581596,73930
2166,889516667598,65500
2167,1495840042267,73770
2168,24580635170,173700
2169,7236999225,111030
2170,10758387023,52070
2171,19651630852,253090
2172,48798593905,213260
2173,29203193864,247910
2174,97916053803,194630
2175,37181032009,55710
2176,702893446790,33290
2177,106771899933,146580
2178,21367065629,89990
2179,686791407609,33450
2180,54927234697,197070
2181,41296223244,297520
2182,224285471729,63390
2183,50018103249,344090
2184,59900304940,278470
2185,444855754220,35650
2186,5390264378,140130
2187,7252959569,141670
2188,102249158653,219020
2189,39032063270,56210
2190,8009504464,140880
2191,49057694843,62190
2192,270255307699,37720
2193,22971975061,297640
2194,17346462442,245090
2195,146648346518,152730
2196,30379774766,60510
2197,94149769321,200100
2198,26157685293,168080
2199,35966011207,185950
2200,835630964804,32220
2201,8256381469,47210
2202,14627404418,48990
2203,8256381469,47210
2204,65322442761,242550
2205,134595779743,162530
2206,68587941472,144240
2207,81158933389,57440
2208,28155434267,405430
2209,56043074254,198600
2210,71222755982,217540
2211,2038618512501,27930
2212,97439586671,41240
2213,16414305241,81880
2214,18217658006,43080
2215,25355700122,394420
2216,9201045828,134510
2217,19351847321,46460
2218,16851062486,85680
2219,42625884296,254060
2220,10114205940,46290
2221,69709720442,55140
2222,70587633408,237820
2223,451907049142,73950
2224,108938771482,235120
2225,92219402989,245150
2226,18515027984,83290
2227,10986733631,84970
2228,5778922560,84020
2229,37667231349,182810
2230,30061647488,79450
2231,37840276255,173620
2232,80640748617,247590
2233,11296278525,89360
2234,132798849136,224810
2235,27976565930,407620
2236,112546162233,160540
2237,50220383287,53570
2238,3421001689,143850
2239,130480736954,175980
2240,9401978156,80410
2241,116538226772,241220
2242,30738403551,373170
2243,56702809361,177260
2244,12699133987,95170
2245,31515933419,79400
2246,7984199843,139120
2247,32683758762,234560
2248,31008042344,319410
2249,49274090827,280460
2250,15882360537,81590
2251,41501542876,185880
2252,5629499534,1500000
2253,43024089499,310710
2254,43786157127,43810
2255,65536788882,42450
2256,37463116003,273070
2257,35238878840,160080
2258,2965834610015,68670
2259,9479784843,140670
2260,127637627236,213300
2261,22950987451,407670
2262,38691236445,270080
2263,91812803535,37630
2264,40609479758,284880
2265,107651223928,77720
2266,105784849630,155940
2267,27845659087,51610
2268,61298358889,54490
2269,21457356406,53120
2270,110752664444,240100
2271,33351951153,387750
2272,19092498787,50340
2273,208711631090,75380
2274,28226526862,256010
2275,38221339327,57710
2276,16795379144,338430
2277,5629499534,1500000
2278,54676973920,287580
2279,60982691490,172840
2280,10858150713,143120
2281,93394740138,192630
2282,21510426672,46110
2283,20635866349,50780
2284,138666389270,62680
2285,69838147983,58920
2286,159785835136,200080
2287,23441016431,250910
2288,25373502063,86480
2289,153202618499,165650
2290,20399519537,287260
2291,103487809012,249990
2292,32371391525,324060
2293,41250384252,245480
2294,8093856487,136020
2295,46620869035,168030
2296,68551820326,155630
2297,19764064479,331470
2298,2828505360079,68440
2299,535725190936,34690
2300,44193466210,337760
2301,37889956216,238510
2302,13494833185,233690
2303,14501829141,82230
2304,14170135250,51780
2305,50361329828,200200
2306,11030499214,82370
2307,39128785757,57640
2308,67567813843,146820
2309,30823781953,87980
2310,2113502366700,67380
2311,34732228340,55080
2312,24253841418,58620
2313,1202693013954,30170
2314,9337396437,119670
2315,22585771937,275090
2316,13634053929,94720
2317,63535034725,60040
2318,30335756799,363500
2319,9283600238,108440
2320,75105646174,234610
2321,20529718712,46210
2322,26847075233,268080
2323,62633507806,217240
2324,23197424014,51020
2325,442485097062,35580
2326,14758183488,98510
2327,5629499534,1500000
2328,4719422824,118500
2329,39032063270,56210
2330,3306897234565,70040
2331,124120260077,232570
2332,108918756812,152670
2333,11148266288,313210
2334,23036752537,283200
2335,55097969194,54020
2336,40232503382,337180
2337,5629499534,1500000
2338,44367518427,233990
2339,365447918415,32780
2340,9115755774,119080
2341,7577956364,48770
2342,9202138701,106200
2343,94455457253,222180
2344,30942565967,60160
2345,25048086711,234850
2346,81418337561,57030
2347,17956659503,90910
2348,47407741220,145320
2349,7501764568,114170
2350,32617174625,180780
2351,41448346470,246910
2352,33972664646,79230
2353,23132810060,58940
2354,22855365350,78950
2355,12079403118,51250
2356,45824676811,53380
2357,53601908716,346560
2358,8124925131,49520
2359,45057828456,78040
2360,38894875993,57760
2361,185298679174,152900
2362,77675199420,56750
2363,73132057891,280670
2364,12074114326,118880
2365,188076120231,151950
2366,69286784184,55370
2367,73205850242,247720
2368,4831156798,140660
2369,128924774686,189130
2370,70201751236,78300
2371,31279713060,54690
2372,51393905435,314760
2373,25881527128,88990
2374,63083844759,60010
2375,17457698508,377750
2376,76871455615,315070
2377,72002432212,58860
2378,55272716540,282770
2379,10564823096,119920
2380,81218486053,41770
2381,14524861286,399570
2382,11812981630,412360
2383,32223219530,52040
2384,5860389295,119960
2385,149585101793,164030
2386,18999304962,80860
2387,13603745706,81270
2388,28041064892,376210
2389,8648097008,120650
2390,40435545499,366570
2391,124627287835,37900
2392,325420161295,76380
2393,726868612569,65080
2394,27374188343,45360
2395,9626180481,114980
2396,84902314778,154660
2397,16334475328,279580
2398,908380384182,67060
2399,390244057487,36270
2400,991893592748,31230
2401,77778208494,56930
2402,62298488750,159790
2403,651305835818,66220
2404,7790642249,47690
2405,9209318829,139600
2406,5725613796755,14540
2407,102904287738,223470
2408,6368495909,46720
2409,15020634046,90890
2410,14992069671,79380
2411,78584143242,57550
2412,61030251185,257640
2413,4696879933,81380
2414,58287666072,166670
2415,20538336903,246130
2416,77222745623,56480
2417,9792103206,85510
2418,12067650060,119850
2419,159322129428,164630
2420,30018688162,378990
2421,186603841871,77090
2422,98768217659,185430
2423,83759303730,220150
2424,8115612429,129860
2425,13854816682,100630
2426,229973159584,63440
2427,18015176819,46850
2428,21290007444,186700
2429,14844984434,384460
2430,148306525570,162780
2431,64110580252,274480
2432,150901827920,62820
2433,25156954299,349340
2434,73931824348,58700
2435,64255027412,148480
2436,5629499534,1500000
2437,71604510975,58560
2438,54615329634,189980
2439,6500134976,50410
2440,7446278400,137150
2441,10963524559,107250
2442,25058698004,316720
2443,23931842528,324540
2444,24900595841,53710
2445,23282361107,86590
2446,61378430486,54380
2447,173333552391,39380
2448,9647035024,105520
2449,9738421087,123650
2450,170889728578,151200
2451,409267565977,35820
2452,138147258287,184470
2453,9909452206,117830
2454,10704346062,116760
2455,55099674013,199550
2456,71575071354,58550
2457,27210624956,51510
2458,6500134976,50410
2459,58235201896,42840
2460,5357561506,85130
2461,5629499534,1500000
2462,21057379965,46200
2463,32001027505,59780
2464,13684418449,104740
2465,32749681838,88350
2466,63389314477,38960
2467,74727013789,180840
2468,458642169471,35520
2469,316563455266,31310
2470,87128387577,277350
2471,34649869866,330270
2472,10974884690,84470
2473,75685728170,215780
2474,65078033536,222780
2475,121099732215,168100
2476,4696879933,81380
2477,139814682281,160580
2478,79868280483,181480
2479,49374401751,172910
2480,125165210679,220720
2481,10332950354,93140
2482,82400098521,192460
2483,8673341130,50100
2484,12576029655,426610
2485,53582492638,293930
2486,50833754507,53730
2487,25039155206,53590
2488,53266836720,213800
2489,10361229068,129260
2490,6470858371,81210
2491,20892328115,80680
2492,311658779938,63860
2493,103525319041,41150
2494,210145606156,38550
2495,40476894276,78130
2496,1701758353798,66870
2497,33949390571,44620
2498,2084254766768,67340
2499,120599113248,185510
2500,15059230003,47950
2501,10277230191,127060
2502,5629499534,1500000
2503,31538283779,60530
2504,1139725612764,30440
2505,59770564569,219180
2506,409749276399,64210
2507,62458490855,270970
2508,530230379304,75670
2509,11148266288,313210
2510,26164509802,45340
2511,7595960669,124150
2512,321756394970,37070
2513,1488820396795,71420
2514,40721892904,44000
2515,151052283597,77370
2516,146685749206,159220
2517,34617184312,44430
2518,35466519819,395370
2519,65848844697,61240
2520,38773750400,57250
2521,17260877788,78820
2522,12405510048,83420
2523,33938552364,86650
2524,70498776819,186530
2525,8893145794,119310
2526,15228503361,49320
2527,29188011936,54360
2528,8809461579,254740
2529,277150936559,76620
2530,208063197285,38750
2531,169815389674,36800
2532,218169821257,38480
2533,35333113254,52360
2534,77514067797,56150
2535,230273539858,35330
2536,1390437322205,66300
2537,8982825562,129240
2538,40178075682,44090
2539,23056155755,43570
2540,91982948896,62050
2541,971362997268,31130
2542,893289488944,31740
2543,55591638989,53940
2544,26980890475,211810
2545,25889829666,315670
2546,31649901855,60080
2547,52436749210,210540
2548,111890233977,174040
2549,36545495503,61440
2550,10493383249,135900
2551,140487872244,37460
2552,7532000821,132030
2553,1825643356689,19460
2554,606804135394,34080
2555,185704794893,77120
2556,7583771961,48940
2557,57578774237,54180
2558,13127763436,90380
2559,439161206907,35610
2560,236614423009,63430
2561,98088126464,223750
2562,324064242515,37020
2563,27930060086,397510
2564,34816196550,242720
2565,1783349170611,28310
2566,44373813775,53260
2567,9027095500,83610
2568,7790642249,47690
2569,71948514225,78220
2570,37181032009,55710
2571,10046111746745,14110
2572,5667889582,47330
2573,16882015396,44650
2574,9262221473,94000
2575,14687410316,81530
2576,98008326472,146740
2577,7291751301,123880
2578,53480799203,54000
2579,10296444305,95270
2580,28700153888,152850
2581,66313865252,61100
2582,9725843730,50470
2583,128767740850,161070
2584,12760896883,435510
2585,671100158931,64990
2586,12387517695,92780
2587,18412083377,81970
2588,15909516714,93090
2589,26689841073,51540
2590,109869229289,228850
2591,15340009515,93950
2592,41976996866,249750
2593,55301314573,194870
2594,19323202227,350680
2595,31101597784,170140
2596,26799440285,264080
2597,35308843570,228960
2598,11744807379,51140
2599,52337545247,240030
2600,4142129503,128180
2601,55978356422,155800
2602,235982259060,38240
2603,108639919709,238050
2604,4243815637,131820
2605,19518587183,300340
2606,29109193466,79710
2607,94569471202,198240
2608,27056011457,215040
2609,15307017988,48810
2610,124720321114,222090
2611,49762167078,147120
2612,141680649391,174600
2613,72590231221,155830
2614,20088523497,80880
2615,38918959842,52800
2616,696831172771,33340
2617,15324535147,47850
2618,39192908678,57860
2619,64450339094,194760
2620,61069112791,193490
2621,18588967380,305510
2622,4739497000,137570
2623,123439317977,188320
2624,18291992546,82220
2625,2209687376142,67500
2626,445907485931,35630
2627,91367956463,238570
2628,73389465122,319740
2629,141073626806,180590
2630,33489699741,194050
2631,85120810710,268090
2632,122917425072,211170
2633,119475654282,227240
2634,4719422824,118500
2635,61543333179,195190
2636,10114205940,46290
2637,98880119342,163480
2638,3278767075897,70340
2639,7813499898,110470
2640,29307166399,229980
2641,9401978156,80410
2642,66167864229,271460
2643,69047392174,55330
2644,74129780833,285260
2645,8639519869,140140
2646,2643818619484,68230
2647,56911257360,294530
2648,96248500938,208050
2649,160504211141,63850
2650,67766814983,319010
2651,3369615079312,70280
2652,734727708859,29090
2653,180330943059,147830
2654,1518574788524,66590
2655,107632037992,222550
2656,40474661061,281400
2657,132079667437,226000
2658,50416355455,53630
2659,68657728428,231480
2660,57808496097,54270
2661,177489976059,39350
2662,35157504026,291590
2663,260452911738,63600
2664,1201006452357,66060
2665,7199690267,126810
2666,22056329024,53060
2667,9798180402,129660
2668,81145434157,61770
2669,29705956327,45060
2670,144251948865,181120
2671,88897622308,239470
2672,83675065637,214770
2673,60501627834,230940
2674,195387384333,77030
2675,71575364266,257050
2676,26735659289,378110
2677,40571026083,267330
2678,61584345359,60350
2679,100385433978,145420
2680,9149682639,93680
2681,43697913510,53200
2682,62631998224,206210
2683,12333873862,116900
2684,55474990688,190240
2685,100151881302,241810
2686,25715114421,53780
2687,96958170123,180630
2688,55805035838,287950
2689,15020847287,51840
2690,19136853985,58230
2691,123183894265,161100
2692,11264649155,132820
2693,24013239009,43540
2694,71829668116,177890
2695,57635326269,272400
2696,97199634908,62130
2697,46093549733,312550
2698,91000711208,41480
2699,6933175396,142320
2700,3302345048556,69880
2701,37933055287,364690
2702,42525109614,249830
2703,19518587183,300340
2704,7597790538,135020
2705,68519611402,61350
2706,79535811797,61730
2707,538129734576,34670
2708,2336271491686,72570
2709,35316730961,44360
2710,7709096213,122590
2711,142904750615,40000
2712,15204710317,49100
2713,30441040361,320480
2714,17723522860,83490
2715,50465673474,153320
2716,57352508882,54090
2717,2269488816073,67740
2718,40303133782,52810
2719,55017236085,255370
2720,18489632743,50190
2721,80944367630,148470
2722,1548389360941,73720
2723,717610334368,65090
2724,129718907122,185790
2725,15294531912,49080
2726,8197315110,47380
2727,94199972517,163510
2728,8257014558,81500
2729,17244421879,83560
2730,10724239136,123160
2731,11103895700,50930
2732,72951576484,55530
2733,35766994097,144740
2734,11769240266,126890
2735,24942391638,407960
2736,40484446888,215870
2737,32794466772,229100
2738,151220364559,153640
2739,497839376640,34930
2740,75903124647,169540
2741,75491122581,41980
2742,15185308657,92760
2743,7501603595,44980
2744,289945644920,37390
2745,36818573873,389670
2746,13712371295,98990
2747,5360217754,83150
2748,11344773320,106760
2749,5171261605,83460
2750,128221147546,203900
2751,5629499534,1500000
2752,5860389295,119960
2753,441430230743,35480
2754,72718502599,170660
2755,2921007699993,71390
2756,24925970537,51400
2757,18281639840,50270
2758,467485959247,35410
2759,17540035104,47020
2760,121998714712,219840
2761,92624087534,213270
2762,36611670690,42190
2763,84712364055,188410
2764,64241449418,54610
2765,75593188555,267100
2766,16856199800,99760
2767,5357561506,85130
2768,7394718464,48500
2769,2535786663976,68110
2770,17068606670,83770
2771,12620712085,83310
2772,32683590388,159940
2773,24438426558,45600
2774,30368163208,191560
2775,55580645537,78670
2776,13664476030,51680
2777,3174824560371,69580
2778,87234508844,213230
2779,16111415777,95670
2780,7623492979,48690
2781,55644807128,53980
2782,80083767619,209980
2783,73644519139,145040
2784,74705184750,252780
2785,175135082834,63060
2786,17716192975,90220
2787,149158308322,39800
2788,168283975188,148550
2789,119927307700,163460
2790,9739067384,50540
2791,153510022333,75870
2792,5032543944,95020
2793,7320438536,132460
2794,26668006952,279650
2795,31806421617,52080
2796,18116293773,82820
2797,11807955211,126090
2798,58558664212,227040
2799,8674381364,82490
2800,56749413345,276140
2801,37845031217,55670
2802,404632640177,64220
2803,35636754616,236300
2804,287167565498,37450
2805,45423271926,351050
2806,57347288255,324870
2807,18954083395,376170
2808,69298630037,55180
2809,102200127787,150720
2810,208711631090,75380
2811,89451259108,145960
2812,45605517166,53300
2813,413603237819,35940
2814,9085466635,103550
2815,164897461918,39580
2816,41474593250,171800
2817,42134777751,228220
2818,23429382737,51150
2819,5338785097,85220
2820,26714099698,56410
2821,15861769302,87140
2822,449252537694,65460
2823,419536710344,74940
2824,37562428335,165850
2825,14907601268,49020
2826,20522815474,46270
2827,70805059628,220520
2828,14952579387,329580
2829,61882622245,42680
2830,10452011981,80500
2831,24824723398,51220
2832,94757274758,41400
2833,7818227578,101460
2834,78625689283,168690
2835,30921964505,150600
2836,301743018930,76490
2837,72169465545,152170
2838,7434737616,100260
2839,82013745813,41810
2840,64362180632,214960
2841,215369480829,64280
2842,8541076682,137810
2843,24356364691,271530
2844,52728401276,273870
2845,185359345526,63090
2846,13103870704,109230
2847,126392524187,62560
2848,11944426057,126050
2849,23086044916,53240
2850,2057739684668,19720
2851,42547579275,43820
2852,15334982722,99070
2853,6254762803,84230
2854,64850979063,54680
2855,850634019770,32020
2856,46644463087,53420
2857,65790250979,320200
2858,85099556118,231240
2859,72191849506,182920
2860,16591093630,319110
2861,78295998463,173240
2862,38894875993,57760
2863,100084567157,223290
2864,68099004673,54920
2865,10674478972,163530
2866,28374007166,51720
2867,40053467349,333420
2868,8323812002,134080
2869,2774070347452,20730
2870,15507491008,49310
2871,1531241533581,29030
2872,632681104554,33720
2873,34003385100,55160
2874,14555830421,45130
2875,11413567181,123340
2876,90240203268,275860
2877,38538472030,57810
2878,5299325390,142120
2879,79442427781,57830
2880,2425271852539,67840
2881,14956803184,48260
2882,112831851776,38370
2883,2121421138623,72830
2884,40731918573,171820
2885,31279713060,54690
2886,8480775659,49950
2887,687157979485,33360
2888,9141438556,131570
2889,119432806455,149520
2890,9913526028,92620
2891,88202985001,249490
2892,9523665249,91150
2893,51781883336,243480
2894,13509104897,83010
2895,55026891152,273000
2896,16736294993,53670
2897,152003371037,39780
2898,48216278450,353280
2899,46137279767,41510
2900,3973080154,124520
2901,24448863497,285620
2902,8148429733,135510
2903,57706740684,323810
2904,77917848630,169610
2905,15745916427,47740
2906,180329001812,159550
2907,2133874440086,67420
2908,21851855545,53160
2909,51285215531,53620
2910,64025647572,336520
2911,77818248203,304370
2912,52572210730,41100
2913,39253439902,58040
2914,168282218036,34840
2915,142574509773,173870
2916,36832855722,42090
2917,127631452691,162920
2918,13302926950,82990
2919,760609573713,65220
2920,178953665308,77160
2921,379896510671,76090
2922,24057284083,85790
2923,28812703950,257440
2924,10447326095,92500
2925,71009050323,255920
2926,458001767937,35440
2927,56013559878,54130
2928,145006508443,39960
2929,19310865410,289670
2930,11159366293,85160
2931,8909026430,113740
2932,16640277154,386870
2933,53757963708,217050
2934,12476603853,45530
2935,5629499534,1500000
2936,24253841418,58620
2937,24497062252,277910
2938,77923267535,254330
2939,33810153030,187280
2940,18825773022,81250
2941,117714005054,193360
2942,17108223608,90600
2943,136421056392,186160
2944,23526093360,353700
2945,107927834081,194390
2946,17716264769,52340
2947,51561326321,278550
2948,37373365123,58060
2949,385516560587,36280
2950,84432252396,284210
2951,3891739930,142210
2952,27377004532,164390
2953,38418964930,57680
2954,120213509298,237520
2955,146186520923,170310
2956,347790478270,76260
2957,45483687586,315750
2958,467829319670,64390
2959,35901176687,58530
2960,106984336485,238810
2961,7009850397,138600
2962,37164466932,377140
2963,72566944869,58490
2964,139227281050,40020
2965,18495387433,340560
2966,23726311508,312190
2967,28301216322,54040
2968,250065587467,38010
2969,13207575689,84270
2970,24968253416,58500
2971,36753625009,275560
2972,33404399601,378950
2973,709181629266,32990
2974,162170067130,161950
2975,8579147212,88400
2976,11127966697,256080
2977,10830435824,109870
2978,42268647601,191030
2979,7577956364,48770
2980,56388971635,195210
2981,38981628610,266120
2982,37735833432,44140
2983,17762791491,90510
2984,40534112705,326630
2985,7883578122,49530
2986,19800310469,50640
2987,45421283595,261720
2988,1350704378751,73940
2989,38236497379,157420
2990,357484918413,75190
2991,181883542972,156450
2992,51577071786,346650
2993,19299453174,54210
2994,287471144358,37530
2995,26626091301,402310
2996,17673415485,398950
2997,16716905834,49680
2998,201807322563,146270
2999,2970156259006,68940
3000,139770820399,206220
3001,25715114421,53780
3002,103275166078,158750
3003,78145372299,183120
3004,2858138321585,68750
3005,5629499534,1500000
3006,76147606497,271760
3007,47203843056,334900
3008,18700878190,450240
3009,78166473187,41990
3010,27562214160,54120
3011,745921387470,29000
3012,79308984030,248200
3013,7877514354,113550
3014,61168259076,60470
3015,13711301369,91180
3016,102200127787,150720
3017,19788509643,295650
3018,68863642615,189260
3019,117556250437,191350
3020,946207103504,31390
3021,113044090811,190400
3022,104306984248,170050
3023,78335276688,57980
3024,33723505437,59440
3025,77684730493,253420
3026,122033986807,171120
3027,156736846397,165170
3028,36482602070,251340
3029,395559112913,64160
3030,27836899170,244740
3031,80174081479,56580
3032,19258091611,84650
3033,33072900110,258480
3034,151931534275,62790
3035,88070626488,154920
3036,503812375115,64500
3037,113492961721,40760
3038,29633359104,361110
3039,58176995213,261130
3040,25884480459,80130
3041,62531500749,60270
3042,434675963762,31850
3043,34263301146,264740
3044,52617156282,53750
3045,18299090154,50240
3046,63547732581,60130
3047,23120843390,88920
3048,133289871540,161170
3049,11673596461,96770
3050,9682675401,272870
3051,107307023083,216910
3052,202177268250,38690
3053,15273292455,49010
3054,24203463490,164920
3055,29507310420,250150
3056,24495108642,182840
3057,31411857003,296100
3058,54109326313,219300
3059,492313391576,15520
3060,226204139996,38310
3061,49945939530,214330
3062,56395003425,271470
3063,48314905404,78810
3064,12684960219,184360
3065,20342778976,87960
3066,76205730586,290470
3067,543632496946,34550
3068,19843702533,317900
3069,73692678852,42070
3070,47371658091,194280
3071,11293352537,132970
3072,3739124763,48350
3073,966525069981,17770
3074,77282169019,207870
3075,49691614993,299190
3076,55144243061,287380
3077,143441053100,205250
3078,14992069671,79380
3079,2969253743643,71250
3080,41145666755,268740
3081,3141355182940,69350
3082,393052779485,36110
3083,23705630093,384450
3084,9938951833,46540
3085,9270075583,114080
3086,30907502134,173680
3087,10952705200,114380
3088,137201297940,210280
3089,9895804347,102660
3090,8310163728,136670
3091,44291963808,367660
3092,11947807640,51270
3093,11227199812,119560
3094,98973010573,181260
3095,39104984882,56840
3096,5770921212,86510
3097,89492331167,232470
3098,1481612582213,18810
3099,71098758023,228370
3100,738097437055,33040
3101,33913292620,166240
3102,537002744793,75620
3103,41901664523,61850
3104,12304094428,94860
3105,21135032297,353150
3106,60582568268,60140
3107,42445472498,330970
3108,49433063893,242150
3109,763987927475,32680
3110,28629925741,379740
3111,8671066466,109320
3112,49750589229,144210
3113,2524546563671,68140
3114,28296401923,396480
3115,19864477777,85840
3116,156043749051,161010
3117,22381016986,214470
3118,3167757052786,69520
3119,15202224133,408840
3120,46586036876,173370
3121,42311239929,61910
3122,47016353487,53400
3123,27733206537,54150
3124,413848068123,35880
3125,17346462442,245090
3126,59682326876,54310
3127,651305835818,66220
3128,412149921236,35830
3129,141180972537,37430
3130,59985976031,316980
3131,49387136995,346120
3132,1188114821626,30000
3133,36532677976,272210
3134,47797455990,273760
3135,43092948666,199940
3136,60508991015,54500
3137,71822220120,171040
3138,32795143027,150410
3139,170432017367,146750
3140,106420813252,253970
3141,31881588855,44690
3142,8719088838,96840
3143,15736424272,253070
3144,71056109751,226060
3145,3187956047681,71050
3146,110683739288,228090
3147,112830748821,161090
3148,10092700127,110000
3149,25311917110,235000
3150,12003387763,121480
3151,28609308006,373650
3152,8332391784,119880
3153,63281217436,217510
3154,41425582744,360910
3155,18275106369,193660
3156,2460004461499,68050
3157,52748584062,229150
3158,34569447916,333820
3159,16201889712,91890
3160,50224764414,320990
3161,6457954389,103000
3162,476727566867,64420
3163,47250481314,209530
3164,4023414055,121160
3165,24115874235,321430
3166,37147636745,61550
3167,220031192637,38560
3168,10846518588,127170
3169,45818152496,235740
3170,23144696866,45820
3171,33942261968,44610
3172,2103882495013,19860
3173,117493156984,204620
3174,79583723707,41870
3175,119596906939,40510
3176,28076815683,54200
3177,86875764334,61960
3178,11031013347,164660
3179,10127730168,80820
3180,30091121701,232100
3181,18323157558,83800
3182,514805434246,34990
3183,16902020672,83760
3184,11841804340,96570
3185,63728149498,300920
3186,136000183265,40200
3187,148011896271,210320
3188,66607219251,54830
3189,79610520033,230710
3190,5629499534,1500000
3191,17686754184,86840
3192,131529522046,146640
3193,26992082543,180020
3194,10674478972,163530
3195,16318025404,49580
3196,84514191345,244960
3197,75469681264,61610
3198,20162972295,88230
3199,80550714135,153660
3200,40642377418,358810
3201,32644219633,369150
3202,8967302271,240130
3203,96449105944,228820
3204,121732960973,62460
3205,21080977823,50720
3206,42311239929,61910
3207,7097115516,85430
3208,42366958821,222800
3209,5629499534,1500000
3210,23438042176,279880
3211,63389314477,38960
3212,27675089764,45290
3213,1115858157380,72590
3214,63033405961,187960
3215,31286802117,217250
3216,35080289574,44500
3217,10503821451,143140
3218,56248775305,42920
3219,32001027505,59780
3220,40538477466,230590
3221,4772586104,139220
3222,50450059701,226480
3223,73236622884,294230
3224,2242395585325,27530
3225,30358833297,177010
3226,30293888982,60600
3227,28850703640,42900
3228,76751936561,259250
3229,1451722097880,18890
3230,184268391250,39170
3231,28689429419,375400
3232,46072621100,291080
3233,67368171908,61330
3234,194675067584,77050
3235,15908724799,47500
3236,5708609763,131420
3237,107966047038,77750
3238,9109916795,123030
3239,200314907356,38810
3240,7865129650,88550
3241,37207615466,282920
3242,587730297423,34130
3243,34229794439,52350
3244,22263993793,80450
3245,15280249183,256800
3246,4407353375,106300
3247,11203199518,403390
3248,3303200094018,69930
3249,133319656372,168560
3250,56826129893,78700
3251,5797557289,123620
3252,126796091210,208940
3253,27818637135,51740
3254,23029667956,51030
3255,19724217732,52850
3256,78701339045,56240
3257,5629499534,1500000
3258,109222614569,63300
3259,9325551187,114200
3260,23279443236,268700
3261,75072084687,78320
3262,17543313161,90850
3263,41430562760,43960
3264,287110537108,37560
3265,82082316715,211330
3266,29209673029,42860
3267,69653095597,249640
3268,76640313017,216060
3269,91087780385,228320
3270,28822445549,184560
3271,127984039289,62540
3272,21141276052,336780
3273,8589781875,120430
3274,70860067582,237090
3275,8909482159,127820
3276,7375544345,48550
3277,14761834554,48440
3278,3477134227610,25550
3279,23297485834,334660
3280,3910390111,142190
3281,3409585416957,25850
3282,20771406303,46180
3283,36316221807,55780
3284,1763165669649,19290
3285,1038085564435,65800
3286,134150676927,214400
3287,38545723076,345800
3288,19907766476,50650
3289,106438535832,38640
3290,61502204188,248730
3291,78043954383,57990
3292,15096510361,91840
3293,53545037026,43090
3294,37343907207,79080
3295,50043417564,199180
3296,25222817858,217600
3297,26479713495,86180
3298,10452011981,80500
3299,54596488237,171160
3300,5629499534,1500000
3301,13473895812,45240
3302,13024211086,95800
3303,5667889582,47330
3304,97577180851,218650
3305,294912771440,76480
3306,69476137044,55350
3307,136290310030,161320
3308,2189926859843,72760
3309,63684100201,272140
3310,59566352094,330520
3311,22420948448,50950
3312,57298510568,288510
3313,6500134976,50410
3314,73118460612,148920
3315,22162330390,415490
3316,2997643916668,68880
3317,1407596733871,66360
3318,7723102804,122400
3319,456853932476,35550
3320,105482011723,199590
3321,17731908720,405980
3322,19723507360,393340
3323,5629499534,1500000
3324,10382573861,83900
3325,56496677964,54190
3326,668220853321,33440
3327,925505449745,73250
3328,37181399171,316420
3329,128750277818,189240
3330,15872044436,97330
3331,37825535290,323220
3332,261447125880,76650
3333,125266898975,224020
3334,85841320831,41650
3335,1960217415858,73100
3336,63328077195,301760
3337,27614808319,51630
3338,117528317341,189680
3339,53715152744,314830
3340,18234429917,428780
3341,35875403648,246160
3342,829621726677,32150
3343,24601233079,325370
3344,84461465126,263270
3345,6470858371,81210
3346,17902570029,344670
3347,60449685338,228030
3348,15648677280,47750
3349,17964351950,83480
3350,780200136983,69090
3351,27417811735,386110
3352,7267729965,120080
3353,2734302936309,26700
3354,57387348318,205220
3355,34885560268,44420
3356,11440430273,51040
3357,114701807604,191170
3358,30319100162,377440
3359,17319511568,284960
3360,69145096796,59160
3361,83707788292,250260
3362,46925226664,363760
3363,12516093152,388270
3364,9354070502,46740
3365,21864220247,46020
3366,49127126320,43480
3367,39990044061,146700
3368,30849047227,163300
3369,31614339052,44820
3370,17034228233,91640
3371,107356948999,231390
3372,492455721783,35150
3373,81183341630,41850
3374,443001827437,65430
3375,10269594498,135980
3376,13154257119,112370
3377,65985942922,295230
3378,24683740745,394790
3379,34766879870,381200
3380,31100599913,347360
3381,85401185299,239440
3382,75558394524,55840
3383,200878473092,76980
3384,5629499534,1500000
3385,11150444565,117920
3386,573635287318,75490
3387,4081221929226,24130
3388,31499311735,60050
3389,62904087705,166650
3390,62390269587,60720
3391,63765674325,60090
3392,92371591093,157850
3393,237523670795,38250
3394,77224858177,245140
3395,88101990722,195990
3396,73541821620,306440
3397,139996682891,186890
3398,11830288394,120470
3399,1447670628572,66410
3400,15607319714,47930
3401,89785936677,147970
3402,84872114994,242570
3403,17419772740,354850
3404,29487647261,79790
3405,70255399561,166780
3406,11480485192,104050
3407,9262546655,84390
3408,18338137095,327050
3409,376308565996,76180
3410,21573345858,342650
3411,6863349982,101200
3412,55503176785,277930
3413,10557695150,50670
3414,132150993770,159850
3415,14330521144,393290
3416,1173312851686,74270
3417,21813400294,187940
3418,54940522722,164810
3419,34423557973,41030
3420,3081735727526,69280
3421,1427274694794,29260
3422,5394120893,47350
3423,5512010907,49760
3424,96037995065,158600
3425,10746368111,119130
3426,18595419395,46810
3427,83135011768,307520
3428,63445202830,191250
3429,1247119508771,29950
3430,73204651895,165970
3431,43717983068,43850
3432,71968509584,198100
3433,7053047512,80510
3434,130356707487,62580
3435,69087439964,173030
3436,52505308903,347880
3437,38971961417,354300
3438,62223916647,212010
3439,54090105858,233610
3440,189279470093,63150
3441,126656907733,212450
3442,484208448038,64470
3443,18264490904,363050
3444,7583842695,137940
3445,17260877788,78820
3446,3214010230838,69740
3447,75597235892,282070
3448,45728076980,222830
3449,21886230704,45970
3450,1153235597512,30250
3451,74211945908,55940
3452,22302757868,50860
3453,65038143709,59460
3454,39730908410,185900
3455,122149560430,162340
3456,9497968739,116910
3457,76598739960,56200
3458,77805053683,291700
3459,59634801767,271240
3460,11116223305,86450
3461,1612769715251,28680
3462,72930040470,58480
3463,36446793673,58880
3464,34441857364,55060
3465,56728671929,238520
3466,1203737977726,30020
3467,40913569523,40480
3468,76156635225,244280
3469,292539030695,64750
3470,22348741320,59500
3471,45111580840,289970
3472,62476260791,60110
3473,92371591093,157850
3474,39508723827,201610
3475,10578710550,126580
3476,1463123875466,29170
3477,744941633078,17020
3478,15317572235,48160
3479,11086698891,127290
3480,13847918527,81960
3481,127614134992,211260
3482,3165535120861,70730
3483,148159667084,165990
3484,45010053094,61990
3485,9403091877,120840
3486,43814720552,374850
3487,31657639094,44770
3488,20880423673,60000
3489,34950156880,315060
3490,61402427178,59900
3491,80488686672,78140
3492,24968253416,58500
3493,8904773996,141530
3494,29185290247,236360
3495,77317035835,57340
3496,51872064227,43310
3497,15014752223,84100
3498,13018601046,85780
3499,71416774546,61430
3500,11220957017,129730
3501,35697996925,365800
3502,32075913854,291800
3503,29128700909,195170
3504,8719088838,96840
3505,31820245499,79550
3506,115458843449,192380
3507,12648267910,80930
3508,74694308360,282980
3509,77318738378,187560
3510,19280246524,44150
3511,14384390786,84980
3512,3206065847052,69450
3513,39128785757,57640
3514,12008786522,83640
3515,57613182551,147100
3516,814291815168,32330
3517,42931959897,233480
3518,170514327046,149330
3519,78988594764,177100
3520,141696790238,37420
3521,80013132783,145740
3522,10431841964,116670
3523,20687789982,52860
3524,22548655231,216530
3525,9142869847,140540
3526,9134961658,80960
3527,31918282254,237610
3528,20188105749,89640
3529,20046173643,269930
3530,359481429755,36470
3531,30904303657,147600
3532,18723404579,86930
3533,15581575752,49200
3534,70494183431,308550
3535,477919071448,65650
3536,28676621591,180650
3537,49358517349,145390
3538,73060270459,58790
3539,9305488494,128590
3540,23820841018,227490
3541,491815026473,64510
3542,7957843566,122740
3543,7237477507,48560
3544,28224197633,181730
3545,93419376087,174190
3546,17163730953,377960
3547,3038099240987,68910
3548,43380991080,43700
3549,106327835804,181320
3550,39508723827,201610
3551,18191369698,46920
3552,35769949489,187140
3553,61069112791,193490
3554,15887432160,47770
3555,13494833185,233690
3556,52955713381,53890
3557,47089799719,191310
3558,26371012573,412010
3559,1374484547866,29430
3560,15279622350,94480
3561,58022052638,231920
3562,18699016519,52670
3563,137067523411,40170
3564,490828506115,35120
3565,160641112677,62910
3566,469906417798,35300
3567,84893706426,174770
3568,30768524859,289560
3569,7673500202,124640
3570,1905381831706,22110
3571,20003593274,50500
3572,29987973816,288890
3573,1746447362803,73380
3574,56572954486,283300
3575,66143098403,230920
3576,14894447786,84870
3577,60670581295,60590
3578,23216342075,89620
3579,28443890426,339510
3580,850233417054,17360
3581,109083948661,173230
3582,22934154435,269480
3583,8965642235,50030
3584,17706601140,412710
3585,53366604706,232580
3586,953131551318,65560
3587,57832418479,145590
3588,25351825611,86010
3589,58199767673,221300
3590,68330211459,180390
3591,307982486065,37280
3592,20402668442,85330
3593,69207598445,58990
3594,37328827187,173710
3595,17956946455,353190
3596,7053047512,80510
3597,136605419323,205490
3598,19299453174,54210
3599,203948619440,64870
3600,3719225973698,25220
3601,25282689279,338500
3602,41901664523,61850
3603,27423017323,365530
3604,64902531209,217610
3605,11781979909,124470
3606,20648015535,50680
3607,331015226870,36980
3608,941964769021,31420
3609,17875401560,81520
3610,71651606239,302670
3611,31411411065,42710
3612,358696807141,36600
3613,34359813025,305690
3614,414551574227,64270
3615,12627109077,83600
3616,161261997776,168020
3617,53645550366,222360
3618,29737819014,212550
3619,35509861158,55440
3620,11918448881,88290
3621,108209457254,246390
3622,745921387470,29000
3623,36545495503,61440
3624,215369480829,64280
3625,33028040554,79190
3626,247998251601,63550
3627,26348219992,53820
3628,11031013347,164660
3629,46217249732,239310
3630,10060875214,46500
3631,31792007631,351490
3632,104293975103,220430
3633,7604377297,101060
3634,30715744249,52000
3635,215555991034,63310
3636,49998734432,53720
3637,8197369162,118900
3638,54361374998,40910
3639,25854902582,88360
3640,58598339276,220050
3641,11761816104,45890
3642,139736411977,63650
3643,88884320316,216130
3644,79849056682,174680
3645,74714352323,267700
3646,17260877788,78820
3647,63173991906,190600
3648,86827997344,301870
3649,22348741320,59500
3650,41132431550,266020
3651,1512337916964,29070
3652,10985486322,130910
3653,11273152988,119220
3654,81016051814,57330
3655,363570706328,64030
3656,34697341635,160630
3657,21052831706,46170
3658,11171597556,79950
3659,62106577525,178380
3660,540638516797,15910
3661,160234930526,159870
3662,97195937837,38970
3663,84303911115,197580
3664,2011810136227,72970
3665,10470662569,129830
3666,7147751232,142090
3667,109143837749,246380
3668,91508908030,251830
3669,35219615319,396590
3670,39223909787,331220
3671,64722749603,42610
3672,1187789037419,72410
3673,438633927315,35510
3674,8139013090,142830
3675,50229686908,206620
3676,41596165090,181530
3677,31593436562,298660
3678,80757224854,200530
3679,37373365123,58060
3680,92774276425,248240
3681,41054909914,343760
3682,91536991862,175630
3683,31018274338,205080
3684,7931991635,127380
3685,119826689529,183950
3686,2523277848307,20410
3687,111730403493,194750
3688,25387911665,53770
3689,16691027212,86630
3690,1041527452552,30770
3691,802835165885,65250
3692,15260673026,152700
3693,40504952124,357300
3694,76823005206,57900
3695,77596625878,56990
3696,29560781459,86430
3697,78660776077,58020
3698,91818238515,251220
3699,67019201665,59330
3700,43038708595,310270
3701,150967795714,62800
3702,35636754616,236300
3703,26663913521,331520
3704,34064001603,87170
3705,33861530395,88740
3706,98619514270,160970
3707,35528790981,58740
3708,43851440245,371780
3709,96301272967,194270
3710,94492847570,264820
3711,203948619440,64870
3712,31571338088,390920
3713,71830275084,285130
3714,33024414385,296700
3715,108712784951,228410
3716,65464236133,290060
3717,40483156550,195250
3718,64328817545,314980
3719,74976321673,314200
3720,39753842816,198370
3721,110706396511,145150
3722,66476960291,211900
3723,522522273192,75650
3724,857230769990,32130
3725,73469589070,58360
3726,69033433377,61290
3727,7501603595,44980
3728,72914401240,238190
3729,4831156798,140660
3730,114405901588,156490
3731,156410522217,164020
3732,819982231304,32340
3733,31548835500,59670
3734,27188273026,53910
3735,142588433808,62710
3736,11552362362,114490
3737,3809264597293,22200
3738,148581715431,208110
3739,117188118575,163340
3740,118230718486,203640
3741,17508467932,47140
3742,516997941408,34860
3743,14502742871,48700
3744,169079725022,63950
3745,89936612953,206510
3746,58214872014,42870
3747,29307166399,229980
3748,11385623782,51100
3749,11162140441,90160
3750,11178849334,103270
3751,1182121327551,74280
3752,42274812898,163710
3753,65524963851,61130
3754,334292203336,36870
3755,62993572981,78460
3756,31860087864,245720
3757,25844618840,51470
3758,8842070289,50040
3759,1948305827841,67240
3760,1627543499047,70200
3761,198684182202,147900
3762,63065699677,157790
3763,115880735238,220350
3764,28550878658,294950
3765,47325548263,290590
3766,12161147349,395160
3767,11911859717,111260
3768,60991457889,60760
3769,68394256345,59390
3770,9665121826,91550
3771,146951741795,209860
3772,650161746923,64980
3773,4027944623101,24810
3774,98269131226,205450
3775,74436538135,42150
3776,42625884296,254060
3777,50811453852,316750
3778,121941238337,40550
3779,20809283291,46300
3780,58682899070,147140
3781,78093520970,56070
3782,24691419595,51290
3783,80629758544,41930
3784,11896289160,126720
3785,4023414055,121160
3786,7401913743,143450
3787,127517858712,196340
3788,1012272999474,71330
3789,34732228340,55080
3790,5629499534,1500000
3791,26092396615,238010
3792,8475881530,116000
3793,47734990076,53500
3794,451907049142,73950
3795,17192578754,84820
3796,11951340607,117750
3797,5629499534,1500000
3798,7870268397,120350
3799,123064761091,38060
3800,77617312648,57770
3801,414744848174,76010
3802,39918853790,57780
3803,41010930740,175440
3804,662269627094,64960
3805,139115469273,40150
3806,33942565248,55040
3807,69926373879,42250
3808,79399142837,262180
3809,14795972354,48380
3810,73524227671,235540
3811,16113193749,82050
3812,629400217227,33870
3813,119618075685,62510
3814,38451178871,238880
3815,99460818176,173100
3816,16377435489,85090
3817,45057828456,78040
3818,1163506577343,27340
3819,537447200542,64660
3820,50332254520,259940
3821,62579009013,266300
3822,446658106676,35500
3823,54350005014,39570
3824,1903010257421,73070
3825,307679773109,64850
3826,5629499534,1500000
3827,11911022774,109690
3828,9162393046,198650
3829,94539676183,77100
3830,32433018958,175950
3831,41866354148,148860
3832,64218966695,61050
3833,38700951911,363090
3834,78789653412,57620
3835,40161283565,44010
3836,4199238888639,23670
3837,53029230908,195240
3838,20546576034,304770
3839,41987428830,171810
3840,12415981556,98070
3841,160504211141,63850
3842,23479215356,45730
3843,30941131421,89100
3844,96578087919,256380
3845,19273172387,195350
3846,79224077226,309650
3847,537751670501,75630
3848,53994259681,191970
3849,50871136158,353230
3850,32788016980,367650
3851,64121393370,296490
3852,54779299473,289640
3853,154487771217,171080
3854,10675421320,119470
3855,12846115311,81200
3856,10409155748,115390
3857,314782724864,76390
3858,49105641901,53510
3859,9601376643,109600
3860,116413473676,215530
3861,136813294964,40130
3862,74039773906,195620
3863,92063411784,41460
3864,2484327982776,67910
3865,323680146570,37010
3866,96995712016,235150
3867,43312175670,231910
3868,20570998974,52940
3869,67820517093,318520
3870,104252762807,245300
3871,30244626281,293450
3872,88250294362,207100
3873,31668686944,60660
3874,33912805194,327080
3875,77209680158,57580
3876,70742703916,42350
3877,460641269169,31480
3878,14845428013,85360
3879,5390264378,140130
3880,31489443767,60330
3881,40229482910,57720
3882,5708609763,131420
3883,19966292185,323880
3884,869864628832,74850
3885,14106597812,82600
3886,79247916481,310370
3887,30966571837,191740
3888,35605639807,345700
3889,42129215918,205440
3890,40913569523,40480
3891,11251282822,400910
3892,79788314244,61670
3893,9682675401,272870
3894,69988238307,232600
3895,17928717354,321740
3896,1297902785927,29660
3897,513698833580,64550
3898,32013773703,59590
3899,17089305830,47200
3900,259582651287,34700
3901,5653357285,108510
3902,162509459536,39620
3903,49546614829,302260
3904,15497525443,48010
3905,195028989409,38920
3906,13590891840,51530
3907,14876846177,48460
3908,1473647936628,29040
3909,23132810060,58940
3910,43840239691,294390
3911,238266866805,76770
3912,38123968211,56250
3913,602068608135,33950
3914,25550778750,79510
3915,50101115554,265080
3916,14320664784,45080
3917,67921183203,206990
3918,26348219992,53820
3919,83796525616,272770
3920,48844573780,336890
3921,82698322553,253570
3922,7237477507,48560
3923,42547892617,148970
3924,38527060077,52630
3925,47024934220,53290
3926,31417583538,195090
3927,11443706882,117990
3928,78831912754,57500
3929,13819474871,51700
3930,70291980735,58930
3931,83809718915,192950
3932,782391113517,32420
3933,8032249180,109250
3934,11212394321,118440
3935,10189071437,121810
3936,17856231214,81950
3937,8986527006,103350
3938,41663951409,364120
3939,28840578643,219430
3940,67448849810,227400
3941,1877714766502,73260
3942,113943271973,197190
3943,92419426157,254420
3944,30157286689,79260
3945,8456843031,134800
3946,9494096257,92810
3947,14898944667,47990
3948,9532085803,132650
3949,15964799263,47560
3950,34625937948,59110
3951,8512926027,104320
3952,433465700247,64350
3953,875708999651,31840
3954,5778922560,84020
3955,10471717192,129340
3956,31809208859,44800
3957,7822222046,47840
3958,161872469601,153100
3959,119778044529,40620
3960,1292860922877,74090
3961,37857296355,291960
3962,2547994785137,68180
3963,101673413109,230050
3964,15909524991,84720
3965,2241460312130,67600
3966,18392727845,82110
3967,2733068915203,68270
3968,5170617475,132850
3969,16262747208,81260
3970,50672728657,303880
3971,146583354151,177230
3972,33321022819,55110
3973,5061646133,87000
3974,37147636745,61550
3975,96464934983,62070
3976,16398147898,80590
3977,1248873907614,68030
3978,307679773109,64850
3979,7541647846,132240
3980,68295174062,189340
3981,141107644699,40090
3982,59488914812,54300
3983,14357809073,85270
3984,47302245993,190860
3985,32993230018,326760
3986,834013142831,66760
3987,52641185968,284820
3988,35152775117,323460
3989,90254158452,210090
3990,9939767375,135030
3991,3187642819538,69310
3992,72390938298,279120
3993,95567803518,161530
3994,2494689322905,20430
3995,18538260281,380020
3996,459213959963,35450
3997,39233200354,52740
3998,73156124713,224340
3999,525081567736,34620
4000,25382124690,384480
4001,140058147054,77490
4002,49641451728,43380
4003,85620999840,159980
4004,10686975176,81930
4005,111800716937,195770
4006,7883578122,49530
4007,58593750851,219190
4008,30345526374,268180
4009,24968253416,58500
4010,1030552496984,30740
4011,700845864684,29300
4012,343459750735,63940
4013,4407353375,106300
4014,48549552398,269280
4015,44758490906,298790
4016,38448734591,262950
4017,48211556619,41270
4018,33536264318,350690
4019,5629499534,1500000
4020,14468923225,99530
4021,29876077872,51880
4022,100393563843,205060
4023,62341457603,273880
4024,26143361261,226560
4025,50970795464,274440
4026,123514019776,160220
4027,28301216322,54040
4028,622806842681,34000
4029,35158962593,258270
4030,524110189582,34850
4031,51807403644,359030
4032,16022127174,49430
4033,2701113288249,26890
4034,1343904254634,18660
4035,5582805880,118920
4036,754182885513,32700
4037,59991139575,78530
4038,76888230107,256120
4039,73111349392,217460
4040,2361379605543,67760
4041,125943043930,224170
4042,3262925479620,70670
4043,34423557973,41030
4044,70531616412,241430
4045,15444451429,410110
4046,31763112186,214810
4047,34098045099,44490
4048,36678840737,330730
4049,991851388576,31190
4050,6634747412,84220
4051,7037082689,127670
4052,8606321424,118050
4053,41201229505,52870
4054,122521498484,77600
4055,18411642835,272690
4056,37667231349,182810
4057,8460622267,91920
4058,35479546887,224300
4059,51284486281,305920
4060,20703960562,80850
4061,14866070961,48020
4062,145158473792,182490
4063,24781679519,270020
4064,12003643724,112360
4065,949150119461,31300
4066,38582705872,158610
4067,141180972537,37430
4068,37790429448,237340
4069,38558818160,61700
4070,55000366195,260820
4071,12220666373,84300
4072,9938951833,46540
4073,12539657611,91260
4074,71472953073,298860
4075,26377859688,197000
4076,1457106472609,68680
4077,2270946101157,72530
4078,63203834612,60690
4079,32020419894,44810
4080,32877337049,42530
4081,34432028129,292810
4082,47927251533,244200
4083,16974348433,99220
4084,31548835500,59670
4085,2405717879316,67850
4086,534746413113,15810
4087,316563455266,31310
4088,30942565967,60160
4089,429317636701,35680
4090,76594834260,57600
4091,43951371748,53100
4092,738629636140,32910
4093,270241318674,75590
4094,138272638221,162110
4095,31336248410,288930
4096,6634747412,84220
4097,137971499752,152600
4098,105450901925,41080
4099,460641269169,31480
4100,30176503377,358160
4101,128214563127,217380
4102,190188937378,39080
4103,259639310258,37850
4104,14534403382,401480
4105,74016715950,211590
4106,30596372882,368750
4107,780200136983,69090
4108,19800181865,80490
4109,53029230908,195240
4110,103251488609,250300
4111,9027897634,84360
4112,19498494892,278830
4113,2493249199393,68090
4114,21945100633,331160
4115,121749960990,184010
4116,18259274324,50160
4117,25686204559,254900
4118,71252747530,212620
4119,18699016519,52670
4120,13507115714,99750
4121,26669423192,167650
4122,128080407264,213890
4123,913252435981,31500
4124,12151007952,112540
4125,25293012789,252410
4126,12699331724,287960
4127,106239686226,40900
4128,34074965004,59420
4129,16324088974,85870
4130,60583113210,152510
4131,69452840677,207030
4132,92121914752,174880
4133,5629499534,1500000
4134,58946900142,262560
4135,1121139000129,30390
4136,62048325940,227280
4137,26715654506,360720
4138,10806446375,138410
4139,22237736058,45930
4140,8967302271,240130
4141,10774445063,112580
4142,77066094691,262150
4143,1090108147183,30590
4144,54070289671,43180
4145,47620755286,53440
4146,334631213206,36820
4147,79385639836,307380
4148,778784473915,32610
4149,62030490634,208560
4150,44115282503,373890
4151,17834786059,284380
4152,3171697894890,70880
4153,8947223825,117500
4154,14505277422,43750
4155,95101074099,204970
4156,756468970951,65200
4157,23316948009,323890
4158,68471434853,61320
4159,68687473834,288920
4160,9178311091,134520
4161,316563455266,31310
4162,145558873666,39860
4163,1505758556693,73750
4164,2635797080394,26880
4165,100428357805,219880
4166,70845576518,214850
4167,10424788336,114250
4168,3132762287379,71120
4169,2999819974809,68820
4170,1627543499047,70200
4171,32683590388,159940
4172,64457593592,248030
4173,132475893398,183360
4174,8328480625,110740
4175,18571901894,403050
4176,34256988479,267600
4177,9949127811,139160
4178,114809041251,202080
4179,70856748928,265700
4180,61693852251,176510
4181,1640701190768,73590
4182,7822222046,47840
4183,173806142571,63020
4184,38123968211,56250
4185,117905731275,210160
4186,9292852521,130860
4187,9360160712,356010
4188,14183632322,80980
4189,39678128839,56650
4190,156511453373,62870
4191,25248606938,234110
4192,137616973291,76590
4193,12995312834,155700
4194,8640734858,101100
4195,12444772278,84830
4196,113241208014,77740
4197,17842426624,86800
4198,25677342982,299960
4199,12476603853,45530
4200,36335700290,398320
4201,17889587826,285970
4202,54888006948,275950
4203,108181188076,196260
4204,35404961150,197270
4205,9525629185,107500
4206,1005191512851,74620
4207,12256420044,113880
4208,76606775118,193940
4209,73217410356,55490
4210,7856345178,114570
4211,217698149649,38510
4212,1929501509981,28060
4213,23434191046,315420
4214,29261673896,326560
4215,77542830265,58260
4216,1173504708794,30210
4217,85572840133,41760
4218,20492293667,46320
4219,72007239046,55720
4220,9780160602,46450
4221,197404483731,77000
4222,9360160712,356010
4223,89562097540,39130
4224,2569333752198,72090
4225,321547496330,33740
4226,30503842531,323390
4227,20918692190,418780
4228,73031591377,172420
4229,31968287530,329610
4230,79290069652,56790
4231,37575074748,44280
4232,155844138181,163550
4233,78397667867,259870
4234,36350765702,179730
4235,49584000019,53480
4236,84422216390,233750
4237,8092845186,106740
4238,39153728717,57170
4239,34973502791,280490
4240,46090703928,332370
4241,23284223633,356670
4242,11373464261,102780
4243,18640970432,80580
4244,23759029420,409390
4245,26377859688,197000
4246,75254960445,259770
4247,19299928228,334030
4248,28256282415,42980
4249,138871637908,154730
4250,76607621839,296720
4251,116177526716,215290
4252,18161870247,50180
4253,30139609495,379380
4254,77160260770,251400
4255,100442468389,241640
4256,28292601215,190290
4257,689337606166,33380
4258,153454324903,165450
4259,30646453311,60620
4260,74717828482,58590
4261,2511848568031,27160
4262,21457356406,53120
4263,29654074568,319250
4264,9469885539,105080
4265,119544231795,179690
4266,37160345621,217020
4267,751984639845,75090
4268,34278005926,55320
4269,19297733471,247450
4270,10210051952,51910
4271,95717039221,160560
4272,10488466741,129050
4273,36708808512,356960
4274,48971804907,317130
4275,11412298872,94910
4276,3135857591665,70790
4277,109769390023,240440
4278,74903306500,58150
4279,64621140096,62600
4280,3213980075774,70960
4281,94807647728,39000
4282,5629499534,1500000
4283,31163766377,369760
4284,6254762803,84230
4285,14482881445,48750
4286,52332443320,215470
4287,12279361434,51280
4288,112831851776,38370
4289,27830019411,265250
4290,18300877236,80640
4291,72756058978,58720
4292,17235300221,88010
4293,12995312834,155700
4294,80060418776,154320
4295,13208574886,98080
4296,9780160602,46450
4297,2524697887359,20360
4298,71802091335,298250
4299,1004518243578,65730
4300,120781181395,225790
4301,58742839182,190910
4302,379818534534,64120
4303,44442168466,281470
4304,11656181107,109160
4305,182608808243,160090
4306,9462398212,82580
4307,74130798341,232230
4308,118144431644,229220
4309,44980672462,237810
4310,9757036270,85630
4311,62223916647,212010
4312,57611961978,312970
4313,75202542853,57960
4314,18232317455,340630
4315,8339247981,112030
4316,41888065649,148630
4317,168282218036,34840
4318,2356610308958,27280
4319,2825098006812,71550
4320,11177099335,136400
4321,34278005926,55320
4322,17649210545,284510
4323,11723203853,122520
4324,128772974521,226940
4325,27049902314,51500
4326,17402011858,80800
4327,25469896377,376550
4328,265636854511,63620
4329,126190262088,37980
4330,1594053285000,28790
4331,6364168833,103520
4332,1190525601067,74290
4333,7488990379,135810
4334,78302777990,57690
4335,7111282613,139770
4336,16059139377,47390
4337,38159718600,162880
4338,20505090656,46340
4339,22020479869,281860
4340,1057110831692,65780
4341,11071391536,79700
4342,124151229052,179610
4343,60761036757,304810
4344,42490110892,52950
4345,36190120661,257670
4346,17634750994,80310
4347,23300319389,319460
4348,10062909620,129780
4349,6646936009,90300
4350,25986035252,199230
4351,85531187232,62990
4352,47144942431,260120
4353,33321022819,55110
4354,213920877717,35730
4355,63682793702,292070
4356,46802689816,174050
4357,41980951154,41780
4358,24719160509,220000
4359,10440492857,50820
4360,23297394938,157120
4361,8978523496,142490
4362,12079403118,51250
4363,10830086318,140560
4364,17585957365,80090
4365,9882046924,89870
4366,630513230932,64860
4367,9731377678,103370
4368,7604823668,113110
4369,120720649487,40500
4370,18217658006,43080
4371,35211696564,285340
4372,13664476030,51680
4373,126421933039,171780
4374,71057464532,55380
4375,52141534986,225520
4376,74099239765,197750
4377,12840036025,85280
4378,18869234497,46710
4379,962205066999,65620
4380,61852174515,60490
4381,104857637782,230330
4382,37970479305,186920
4383,21902079890,270760
4384,37897503357,215230
4385,14441918944,89260
4386,1179956629363,65970
4387,3234236733204,69650
4388,61345158919,59940
4389,1037281145457,74510
4390,18278730412,298610
4391,12751105056,95820
4392,32352664670,42560
4393,185952006633,39020
4394,1395930176351,66380
4395,8338744471,112470
4396,65405102239,78370
4397,83422908488,62920
4398,491090771000,15430
4399,172014697284,151080
4400,17045890286,47320
4401,17050666795,271380
4402,7912535585,116300
4403,1179451723358,66030
4404,178912665522,39290
4405,54830629128,296770
4406,27759879079,305470
4407,134308632360,164830
4408,78589486194,57390
4409,71368186224,310680
4410,85226489365,150790
4411,165799570853,63920
4412,40523204703,57260
4413,43954256620,205700
4414,29443868199,51900
4415,34497970769,44440
4416,317918598050,76420
4417,79005943884,56850
4418,8568865310,47040
4419,18508323424,264640
4420,11878210477,92690
4421,96582530763,237120
4422,278858702599,37660
4423,72987165194,190230
4424,44312864852,147340
4425,90974113919,41520
4426,30731903931,313550
4427,63430548306,263410
4428,16341815084,47510
4429,1248778689612,66140
4430,14776318738,49040
4431,7212414294,123400
4432,52915465657,311950
4433,414436349324,76050
4434,30368163208,191560
4435,19946170889,50460
4436,1161375391569,30240
4437,82829329663,39420
4438,110932434438,222290
4439,77601860538,155040
4440,168649446211,149790
4441,13692858507,100140
4442,16709321284,96800
4443,11516238159,107680
4444,964008969213,17640
4445,63537571948,61020
4446,13590645108,360240
4447,120512264674,146840
4448,16633292266,400650
4449,19136853985,58230
4450,14774772455,99120
4451,8124925131,49520
4452,20207606017,231530
4453,81529523693,57120
4454,11058960500,131610
4455,20756151845,399930
4456,57167184644,160530
4457,11656523714,111140
4458,19748171640,415240
4459,592288096639,34050
4460,35109911784,61380
4461,17317105778,49860
4462,125946809646,178050
4463,29726879586,88590
4464,812352957349,32290
4465,367506679315,36510
4466,252121718633,76680
4467,116720195106,214280
4468,125314601725,206890
4469,16629065592,313250
4470,885703496537,31720
4471,11269771504,95600
4472,52640473419,252850
4473,20880423673,60000
4474,80889799864,56890
4475,37662512023,274300
4476,69105994527,216550
4477,52572210730,41100
4478,128198592959,40400
4479,124549044651,185500
4480,125173595105,148280
4481,83751760495,204720
4482,32568200213,308140
4483,62734382898,301280
4484,2002169366390,19740
4485,32804298507,255890
4486,26714099698,56410
4487,23056155755,43570
4488,31853525172,44760
4489,68484010631,186620
4490,33756191576,247400
4491,10406391158,123230
4492,15934522626,90420
4493,7097115516,85430
4494,39811943950,234940
4495,63363056638,257450
4496,3247166640338,70780
4497,5394120893,47350
4498,114052700844,222660
4499,385388051284,36220
4500,2070279487337,72840
4501,40085044654,56760
4502,81894301686,222750
4503,519619393010,34900
4504,35434800498,257520
4505,20229272423,46330
4506,15312037855,49360
4507,55012817034,171960
4508,51371830642,41130
4509,13163396484,89140
4510,15520167198,49110
4511,87394562203,244400
4512,14075242941,51620
4513,15296516772,48820
4514,22326658701,194170
4515,43096901702,363910
4516,152645207899,177710
4517,62831734454,333570
4518,17938067713,197670
4519,39143869867,226140
4520,81214862415,39590
4521,15379797990,81750
4522,46558318317,343520
4523,1347539567267,29620
4524,68169777566,167840
4525,105493540245,41060
4526,10620734159,131920
4527,29449236739,239230
4528,22238451875,184070
4529,8748885109,107950
4530,55088903404,293390
4531,1258518413009,29790
4532,65967791445,59610
4533,36832855722,42090
4534,31679994363,154280
4535,18152132029,357290
4536,66663582878,241630
4537,134237132208,40240
4538,45818152496,235740
4539,20975536842,80300
4540,33465088799,215610
4541,25655883005,45570
4542,29165314579,166620
4543,51614505316,354660
4544,24858963526,318640
4545,10920863937,100890
4546,15176047990,244520
4547,16997598215,49990
4548,76520044390,58330
4549,3078391629762,26130
4550,22085181892,80330
4551,50943083672,242580
4552,56264742539,43040
4553,98182332804,41180
4554,116247305848,194200
4555,321547496330,33740
4556,17032984886,96230
4557,144348958968,62730
4558,87321197582,202370
4559,60685701816,60550
4560,22681038508,51010
4561,159357114836,158670
4562,420721429386,35780
4563,134769014169,181830
4564,203948619440,64870
4565,22251551786,283390
4566,31806453719,54660
4567,7380806515,80430
4568,10249350696,82850
4569,37837042426,305560
4570,12650553483,113270
4571,31668686944,60660
4572,116143841035,195470
4573,3481028073373,21870
4574,62470682971,181420
4575,130131867157,220090
4576,254080094154,76660
4577,795192764352,74970
4578,25019335471,51380
4579,343842235756,36650
4580,105872633130,148040
4581,36405014340,52460
4582,1246059752171,66100
4583,66397895645,59560
4584,3311524021875,25980
4585,59885037093,280500
4586,11400074240,116140
4587,59591890223,40640
4588,1328690347558,73980
4589,92362694391,177210
4590,105199136210,189020
4591,1757204699331,66900
4592,2944342978414,68640
4593,10168863469,84620
4594,46376802668,226650
4595,60051728128,42830
4596,13561971655,90490
4597,57972712808,235050
4598,8013094605,49480
4599,49127764926,295150
4600,37467951780,55590
4601,35763572150,274460
4602,19419971858,85140
4603,29617436419,87850
4604,9862568911,107440
4605,121047026011,173350
4606,52858785676,41000
4607,16914312543,288550
4608,54350005014,39570
4609,72117840061,58690
4610,149308451425,148270
4611,71593657016,218850
4612,10107402438,131240
4613,9197656791,137130
4614,7632261719,138590
4615,22316805533,358560
4616,11296278525,89360
4617,47233934147,192900
4618,11761816104,45890
4619,15049428045,85320
4620,1616893889222,73600
4621,18892972764,50440
4622,9424615047,50260
4623,17237412861,47180
4624,5171261605,83460
4625,8768723279,138840
4626,32156613625,278410
4627,71202074923,307420
4628,5629499534,1500000
4629,97195937837,38970
4630,67087348158,42520
4631,10368546776,84850
4632,212322242244,38680
4633,8976003445,110970
4634,6368495909,46720
4635,30293888982,60600
4636,256930389519,63560
4637,74613284017,55660
4638,184388304627,39140
4639,76387599316,249330
4640,47553178841,53460
4641,17260123418,95360
4642,1829144655936,19390
4643,78472285981,58120
4644,207629444663,38710
4645,8008074325,107300
4646,43415193408,150880
4647,37227790853,263490
4648,77649438502,57970
4649,58271904893,215210
4650,17235300221,88010
4651,17652738220,44410
4652,44870020998,43630
4653,120494859012,181270
4654,123064761091,38060
4655,99971441026,207370
4656,19669342095,46420
4657,12699331724,287960
4658,77161266453,57610
4659,9139498254,443040
4660,61356792226,60310
4661,783341016292,74980
4662,46189457697,352020
4663,39049085103,230110
4664,3421001689,143850
4665,11814214740,102220
4666,85462966236,238040
4667,69553748266,164700
4668,62472985557,60220
4669,472220269927,35400
4670,38159718600,162880
4671,21275305983,50760
4672,186600335245,38990
4673,133142532172,173580
4674,86045731820,39370
4675,22731455614,50970
4676,32442153126,52220
4677,83414520159,204670
4678,71765481910,296340
4679,71823912226,157890
4680,43415193408,150880
4681,35901176687,58530
4682,8382418976,116340
4683,110794348255,62310
4684,72259881013,58460
4685,104658263866,213850
4686,50043417564,199180
4687,22053132849,383730
4688,7414965276,48730
4689,75951479432,203030
4690,90698066953,243020
4691,43469343086,293890
4692,64979864588,59470
4693,26083036917,169810
4694,11833832702,82830
4695,36727781537,317440
4696,815258368201,32270
4697,44863007923,342190
4698,146428423175,203340
4699,42272429439,53030
4700,18764457756,82630
4701,38976684261,276680
4702,3739124763,48350
4703,85576857447,163840
4704,33857287086,54970
4705,8422866956,138870
4706,210247350000,38580
4707,109294665774,212050
4708,79793993256,57590
4709,68427805240,177520
4710,29469324551,310200
4711,110985903713,181210
4712,29018496841,220130
4713,41320909402,184370
4714,13787501550,98480
4715,42926845463,260340
4716,58385488769,186430
4717,15210688256,48720
4718,11562215025,45850
4719,57932189212,42930
4720,12650719223,90430
4721,42962620223,211820
4722,41468558415,204610
4723,27459837265,309020
4724,16197594972,49770
4725,64834753050,323620
4726,63066001529,219690
4727,30865738317,326290
4728,64327425524,59980
4729,91418410689,197320
4730,41165082675,144070
4731,19472074113,50560
4732,36671865834,320980
4733,24253841418,58620
4734,73750656949,61600
4735,54085190906,262540
4736,35412670255,201020
4737,9542619759,133680
4738,10273759723,98600
4739,73367855520,292320
4740,129709722583,220470
4741,673710496739,33470
4742,34847462851,232800
4743,8674381364,82490
4744,49557742767,53550
4745,35238878840,160080
4746,194141514625,155370
4747,7726227102,138430
4748,11579814280,119810
4749,36446793673,58880
4750,65883169516,243710
4751,924052925531,74700
4752,17096709202,96780
4753,90555515569,253300
4754,7511768729,131930
4755,1611335206789,28730
4756,168259373860,39480
4757,37975614348,302020
4758,60188268624,187610
4759,45944591245,53250
4760,163790330208,153000
4761,30731903931,313550
4762,7394718464,48500
4763,31649901855,60080
4764,1254219327828,29960
4765,95475215155,63120
4766,15154201857,84000
4767,35468569436,59030
4768,254090474686,63520
4769,11440430273,51040
4770,9416821858,95770
4771,39123868834,57370
4772,36308584329,52580
4773,8596656187,108780
4774,7700550145,137320
4775,80891954030,57430
4776,12673172691,98950
4777,10612668111,125150
4778,117589576257,156590
4779,56940641696,297200
4780,18485021819,50210
4781,13832863185,88460
4782,3148881952061,70840
4783,117233882701,158650
4784,123244846860,186820
4785,60983867660,157140
4786,67910028216,59120
4787,18320309752,275170
4788,22348741320,59500
4789,69096182996,55260
4790,10775035422,108500
4791,144126152602,40010
4792,37296715608,44300
4793,46400828447,219410
4794,15301048817,400630
4795,142503279069,145820
4796,7464013853,93050
4797,3998045741134,22850
4798,108434652188,219200
4799,101634149920,148360
4800,21908463453,46120
4801,80113598903,56940
4802,38418964930,57680
4803,56969599246,285490
4804,12854429921,86160
4805,45933244389,219400
4806,79832641192,198560
4807,114373813999,165680
4808,8650303112,131450
4809,7316945454,131460
4810,1437391856402,71570
4811,55827620884,265360
4812,41538621080,185540
4813,14987516322,81330
4814,34979190235,296980
4815,50628672934,258140
4816,26674383077,326530
4817,39883631008,324590
4818,501660305167,34950
4819,74248812352,242330
4820,71879994123,55680
4821,18083609953,261380
4822,12384064828,109620
4823,31741762230,60790
4824,68316863773,42400
4825,40234604408,44050
4826,17956841026,314150
4827,37606124826,52590
4828,31564885967,359090
4829,141607494789,215030
4830,5808462685,110270
4831,8081258083,86910
4832,671711492389,65020
4833,94434784041,148960
4834,24961813577,344360
4835,3356399377697,70160
4836,314732327890,37040
4837,9412900765,136900
4838,65235505073,42490
4839,79302420132,166000
4840,119813657935,204220
4841,79119688267,202340
4842,622571104519,66110
4843,71634052296,58570
4844,90309102888,62010
4845,75461411390,204520
4846,6166728714,82530
4847,80241473861,41920
4848,34540499069,361950
4849,104838630031,198070
4850,14913773572,48360
4851,17641351152,90590
4852,49455324327,335530
4853,8068414831,129520
4854,1078748452785,74420
4855,47144942431,260120
4856,54712507034,287590
4857,880249515422,66980
4858,70656154065,144060
4859,17498639141,382630
4860,3234530677793,70550
4861,30792297045,246180
4862,26416633244,333320
4863,125879182375,76710
4864,3456377112628,25690
4865,39738211045,57740
4866,13843806063,45150
4867,40188073570,52760
4868,28525201252,293280
4869,10049429626,130640
4870,700845864684,29300
4871,13186779129,45310
4872,140771927826,207460
4873,17432568293,83390
4874,93386867006,166220
4875,12447539272,110700
4876,118793697098,196950
4877,470252843898,35370
4878,9117313980,81310
4879,35192516777,55470
4880,60900680424,54480
4881,60997906263,246410
4882,8883816415,127540
4883,34444128569,44600
4884,38477298834,158430
4885,31953975636,338140
4886,117426666001,162330
4887,3191273945488,71010
4888,5629499534,1500000
4889,87886605841,268200
4890,91812803535,37630
4891,34114969231,52240
4892,21363159089,46060
4893,77312293726,58240
4894,115223502552,222280
4895,128680286156,227010
4896,119060765687,176280
4897,5629499534,1500000
4898,15176047990,244520
4899,6687718192,88190
4900,4113300780546,23970
4901,24720426502,87160
4902,8487760183,125020
4903,8180102684,105040
4904,136412162780,173310
4905,620550354663,33750
4906,1983032127868,67250
4907,27916433784,209960
4908,5338785097,85220
4909,22005601199,50920
4910,58728586196,155090
4911,81692548040,173040
4912,1801390795324,66960
4913,123963783771,166480
4914,12279361434,51280
4915,23585289104,53450
4916,96998440765,267510
4917,156577256302,77260
4918,58740602723,168440
4919,18801485572,46560
4920,4696879933,81380
4921,93501090526,249440
4922,38701972137,57800
4923,9179294874,116740
4924,317643439158,37030
4925,77383741405,268310
4926,5629499534,1500000
4927,7452865834,49120
4928,9883766996,81710
4929,38691236445,270080
4930,115165481493,163640
4931,15560356504,79420
4932,19556874795,240680
4933,17698434023,85920
4934,19299453174,54210
4935,90949003487,245340
4936,2844051740304,68510
4937,2636476739808,26940
4938,103511346492,234490
4939,9647615627,134330
4940,8673341130,50100
4941,207004741314,38720
4942,38123505170,353860
4943,29780569006,270940
4944,1437391856402,71570
4945,35412670255,201020
4946,58421817322,233490
4947,29605370674,199300
4948,5629499534,1500000
4949,547463607181,30450
4950,18128434715,84680
4951,175835273061,36550
4952,30646453311,60620
4953,8842070289,50040
4954,600067876870,75460
4955,47050978532,53430
4956,25387911665,53770
4957,17492618665,84320
4958,3283838341341,70070
4959,36611670690,42190
4960,1602839216094,19030
4961,30966571837,191740
4962,5629499534,1500000
4963,29086085967,244590
4964,108427105334,232540
4965,806148062396,65280
4966,36573171510,209140
4967,160917485684,144360
4968,29954135340,42700
4969,78451362676,56170
4970,17342455858,50050
4971,43968932728,229800
4972,11536555418,118180
4973,2501194214600,68010
4974,64543089196,59620
4975,25047276394,43280
4976,45792021222,41430
4977,800806975463,75000
4978,68863642615,189260
4979,139186503346,200360
4980,8664334083,132910
4981,118157816615,40720
4982,17525620878,50140
4983,2688841273516,68260
4984,59907136207,78550
4985,27005169469,389080
4986,28652959525,328360
4987,101002648905,195680
4988,1362092662058,71760
4989,103378010880,224720
4990,100414358383,155550
4991,5032543944,95020
4992,200600977997,144570
4993,56410328388,222300
4994,10488344528,123940
4995,17383998385,95120
4996,1443206394353,29150
4997,15020847287,51840
