0,116816737475,0
1,116816737475,0
2,49960028,80
3,4860072101,2730
4,43045099605,20
5,144553899538,30
6,43045099605,20
7,445305940,130
8,2331373838,3260
9,116816737475,0
10,3918807033,2170
11,116816737475,0
12,4197721547,1000
13,116816737475,0
14,1294888195,52710
15,60616469599,10
16,170483447,120
17,116816737475,0
18,75286965941,40
19,60616469599,10
20,116816737475,0
21,144553899538,30
22,116816737475,0
23,138947389494,60
24,116816737475,0
25,116816737475,0
26,116816737475,0
27,60616469599,10
28,116816737475,0
29,43045099605,20
30,9705584367,1580
31,352168170,15430
32,27518445778,4550
33,2969884342,490
34,138947389494,60
35,222193951,110
36,52937402,148720
37,116816737475,0
38,283519909181,70
39,2246991486,45310
40,3040343027,400
41,116816737475,0
42,2189724947,420
43,75286965941,40
44,116816737475,0
45,75286965941,40
46,283519909181,70
47,116816737475,0
48,4114037018,3130
49,116816737475,0
50,3728196391,2060
51,116816737475,0
52,190176097995,50
53,144553899538,30
54,9964777956,770
55,43045099605,20
56,12047820318,3380
57,1567484317,69890
58,116816737475,0
59,116816737475,0
60,116816737475,0
61,116816737475,0
62,116816737475,0
63,8028119038,1060
64,43045099605,20
65,43045099605,20
66,116816737475,0
67,98935957,90
68,144553899538,30
69,75286965941,40
70,43045099605,20
71,116816737475,0
72,75286965941,40
73,8535611755,5840
74,144553899538,30
75,3431459247,2960
76,116816737475,0
77,634734771,45490
78,116816737475,0
79,116816737475,0
80,116816737475,0
81,116816737475,0
82,116816737475,0
83,587696460,96320
84,138947389494,60
85,43045099605,20
86,190176097995,50
87,116816737475,0
88,6282337287,2710
89,116816737475,0
90,116816737475,0
91,116816737475,0
92,51754456,192480
93,116816737475,0
94,49960028,80
95,116816737475,0
96,116816737475,0
97,43045099605,20
98,1495668390,1110
99,116816737475,0
100,138947389494,60
101,2635929414,35780
102,116816737475,0
103,116816737475,0
104,60616469599,10
105,594161423,200
106,75286965941,40
107,205864316,100
108,194629168,73680
109,116816737475,0
110,116816737475,0
111,9648125769,1070
112,43045099605,20
113,8226657053,2550
114,116816737475,0
115,7785540594,2670
116,283519909181,70
117,60616469599,10
118,49960028,80
119,60616469599,10
120,43045099605,20
121,43045099605,20
122,60616469599,10
123,34974429,157380
124,43045099605,20
125,116816737475,0
126,75286965941,40
127,139167028,150470
128,116816737475,0
129,138947389494,60
130,116816737475,0
131,43045099605,20
132,2067588320,2780
133,116816737475,0
134,60616469599,10
135,116816737475,0
136,116816737475,0
137,116816737475,0
138,43045099605,20
139,116816737475,0
140,43045099605,20
141,43045099605,20
142,116816737475,0
143,116816737475,0
144,144553899538,30
145,116816737475,0
146,116816737475,0
147,116816737475,0
148,138947389494,60
149,3231463498,1510
150,2121423475,58200
151,116816737475,0
152,50465184,217210
153,7848568786,3270
154,4128793627,2180
155,116816737475,0
156,65372395,119340
157,116816737475,0
158,60616469599,10
159,2644465501,910
160,75286965941,40
161,43045099605,20
162,12577382698,2540
163,116816737475,0
164,7775260064,870
165,2339603815,320
166,116816737475,0
167,1535884552,1610
168,1130008936,340
169,43045099605,20
170,68837062,232220
171,190176097995,50
172,8306181022,840
173,116816737475,0
174,116816737475,0
175,116816737475,0
176,116816737475,0
177,2132243772,1880
178,43045099605,20
179,116816737475,0
180,116816737475,0
181,2758526979,640
182,116816737475,0
183,116816737475,0
184,1258753930,190
185,8844467190,1550
186,60616469599,10
187,116816737475,0
188,116816737475,0
189,43045099605,20
190,43045099605,20
191,144553899538,30
192,43045099605,20
193,33150032,155930
194,60616469599,10
195,116816737475,0
196,60616469599,10
197,60616469599,10
198,116816737475,0
199,116816737475,0
200,43045099605,20
201,116816737475,0
202,75286965941,40
203,116816737475,0
204,116816737475,0
205,2349730130,2820
206,43045099605,20
207,116816737475,0
208,820786152,88400
209,1316503233,2700
210,190176097995,50
211,116816737475,0
212,455765059,170
213,1363322724,130
214,616537238,150
215,558754535,89660
216,116816737475,0
217,4159491220,680
218,98935957,90
219,43045099605,20
220,43045099605,20
221,75286965941,40
222,43045099605,20
223,1046622606,2520
224,116816737475,0
225,12022564555,950
226,116816737475,0
227,43045099605,20
228,75286965941,40
229,116816737475,0
230,26905900142,4100
231,116816737475,0
232,116816737475,0
233,49960028,80
234,75286965941,40
235,116816737475,0
236,116816737475,0
237,116816737475,0
238,3144955296,570
239,1258753930,190
240,116816737475,0
241,116816737475,0
242,8509691936,3170
243,116816737475,0
244,116816737475,0
245,116816737475,0
246,709992744,40
247,51615261,355240
248,536334581,270
249,116816737475,0
250,116816737475,0
251,116816737475,0
252,75286965941,40
253,205864316,100
254,116816737475,0
255,116816737475,0
256,116816737475,0
257,116816737475,0
258,3457850989,520
259,60616469599,10
260,144553899538,30
261,116816737475,0
262,116816737475,0
263,3031458641,7360
264,116816737475,0
265,222193951,110
266,116816737475,0
267,144553899538,30
268,43045099605,20
269,116816737475,0
270,75286965941,40
271,116816737475,0
272,116816737475,0
273,116816737475,0
274,75286965941,40
275,3319292913,5120
276,116816737475,0
277,55514426,244640
278,2349730130,2820
279,709992744,40
280,116816737475,0
281,190176097995,50
282,846485190,140
283,116816737475,0
284,116816737475,0
285,116816737475,0
286,283519909181,70
287,116816737475,0
288,116816737475,0
289,1410761348,120
290,43045099605,20
291,116816737475,0
292,60616469599,10
293,116816737475,0
294,43045099605,20
295,138947389494,60
296,116816737475,0
297,8411890477,2190
298,116816737475,0
299,43045099605,20
300,116816737475,0
301,283519909181,70
302,116816737475,0
303,43045099605,20
304,3719566320,2200
305,53481423,194840
306,190176097995,50
307,16868636396,1080
308,43045099605,20
309,144553899538,30
310,3125401130,2010
311,190176097995,50
312,3158732734,28300
313,3102896069,460
314,116816737475,0
315,116816737475,0
316,116816737475,0
317,116816737475,0
318,116816737475,0
319,75286965941,40
320,116816737475,0
321,75286965941,40
322,7322005767,2930
323,43045099605,20
324,30179108842,4250
325,116816737475,0
326,283519909181,70
327,801159932,150
328,43045099605,20
329,75286965941,40
330,60616469599,10
331,31862382209,710
332,116816737475,0
333,1235340864,17000
334,43045099605,20
335,43045099605,20
336,116816737475,0
337,43045099605,20
338,205864316,100
339,43045099605,20
340,75286965941,40
341,14306327639,17460
342,283519909181,70
343,4248131449,1810
344,7814689694,11440
345,116816737475,0
346,116816737475,0
347,1488507447,2110
348,28814789,39250
349,49960028,80
350,116816737475,0
351,116816737475,0
352,116816737475,0
353,455765059,170
354,6731524135,540
355,116816737475,0
356,144553899538,30
357,297257881,97340
358,43045099605,20
359,27000377,218910
360,116816737475,0
361,116816737475,0
362,43045099605,20
363,98935957,90
364,116816737475,0
365,116816737475,0
366,62215026,127720
367,116816737475,0
368,116816737475,0
369,116816737475,0
370,23307494444,3820
371,116816737475,0
372,41460207,164310
373,138947389494,60
374,222193951,110
375,9685523533,7860
376,1114019251,13820
377,116816737475,0
378,116816737475,0
379,116816737475,0
380,116816737475,0
381,116816737475,0
382,49960028,80
383,43045099605,20
384,53259029,252790
385,1073857541,82250
386,43045099605,20
387,2894129660,550
388,60616469599,10
389,49960028,80
390,60616469599,10
391,2229008244,1600
392,3739071483,740
393,116816737475,0
394,116816737475,0
395,116816737475,0
396,116816737475,0
397,116816737475,0
398,43045099605,20
399,846485190,140
400,116816737475,0
401,60616469599,10
402,60616469599,10
403,116816737475,0
404,60616469599,10
405,283519909181,70
406,116816737475,0
407,116816737475,0
408,116816737475,0
409,43045099605,20
410,116816737475,0
411,116816737475,0
412,49960028,80
413,116816737475,0
414,20129818337,2920
415,1686281060,540
416,4370146788,11100
417,116816737475,0
418,116816737475,0
419,116816737475,0
420,98935957,90
421,116816737475,0
422,43045099605,20
423,62396773,172740
424,4613598754,580
425,138947389494,60
426,1896543682,250
427,75286965941,40
428,43045099605,20
429,116816737475,0
430,5028030388,1720
431,3142648772,1620
432,1838222294,340
433,43045099605,20
434,116816737475,0
435,116816737475,0
436,43045099605,20
437,116816737475,0
438,75286965941,40
439,10753771027,8870
440,116816737475,0
441,116816737475,0
442,138947389494,60
443,43045099605,20
444,594161423,200
445,116816737475,0
446,144553899538,30
447,116816737475,0
448,75286965941,40
449,116816737475,0
450,98935957,90
451,43045099605,20
452,144553899538,30
453,951316791,230
454,5643310376,2030
455,3873173306,3180
456,12632656376,1190
457,75286965941,40
458,116816737475,0
459,116816737475,0
460,222193951,110
461,116816737475,0
462,116816737475,0
463,75286965941,40
464,116816737475,0
465,116816737475,0
466,3734106426,2600
467,222193951,110
468,116816737475,0
469,43045099605,20
470,190176097995,50
471,4827481255,1980
472,1222212354,230
473,4865597986,3310
474,116816737475,0
475,1766970840,290
476,10166463724,10020
477,49960028,80
478,977028499,180
479,116816737475,0
480,116816737475,0
481,60616469599,10
482,5028030388,1720
483,205864316,100
484,116816737475,0
485,51495834,197790
486,116816737475,0
487,43045099605,20
488,2612708119,1650
489,116816737475,0
490,190176097995,50
491,3306223458,1280
492,3304032867,38800
493,116816737475,0
494,116816737475,0
495,116816737475,0
496,6285752197,2120
497,13089824518,4850
498,116816737475,0
499,116816737475,0
500,7848568786,3270
501,116816737475,0
502,116816737475,0
503,116816737475,0
504,138947389494,60
505,60616469599,10
506,205864316,100
507,116816737475,0
508,60616469599,10
509,116816737475,0
510,116816737475,0
511,75286965941,40
512,116816737475,0
513,116816737475,0
514,283519909181,70
515,116816737475,0
516,116816737475,0
517,283519909181,70
518,60616469599,10
519,43045099605,20
520,190176097995,50
521,116816737475,0
522,116816737475,0
523,60616469599,10
524,75286965941,40
525,57433939,275890
526,144553899538,30
527,1777894361,2790
528,116816737475,0
529,38390018,258560
530,46152807,221560
531,22149967,26120
532,222193951,110
533,2827205495,530
534,3607585520,1790
535,42147951,399360
536,75286965941,40
537,116816737475,0
538,116816737475,0
539,138947389494,60
540,880852549,14660
541,116816737475,0
542,60616469599,10
543,116816737475,0
544,116816737475,0
545,918874086,160
546,138947389494,60
547,144553899538,30
548,116816737475,0
549,116816737475,0
550,98935957,90
551,138947389494,60
552,116816737475,0
553,7586848994,2360
554,116816737475,0
555,60616469599,10
556,64109198,393150
557,116816737475,0
558,116816737475,0
559,60616469599,10
560,30947740,265890
561,75286965941,40
562,190176097995,50
563,846485190,140
564,116816737475,0
565,22355034121,1420
566,60616469599,10
567,116816737475,0
568,116816737475,0
569,116816737475,0
570,116816737475,0
571,144553899538,30
572,116816737475,0
573,116816737475,0
574,116816737475,0
575,116816737475,0
576,98935957,90
577,116816737475,0
578,116816737475,0
579,4615246157,2220
580,116816737475,0
581,43045099605,20
582,60616469599,10
583,4846697301,3050
584,283519909181,70
585,60616469599,10
586,977028499,180
587,116816737475,0
588,205864316,100
589,138947389494,60
590,116816737475,0
591,190176097995,50
592,43045099605,20
593,116816737475,0
594,12595444060,5590
595,43045099605,20
596,116816737475,0
597,116816737475,0
598,116816737475,0
599,75286965941,40
600,116816737475,0
601,144553899538,30
602,1539214555,90
603,116816737475,0
604,13251032182,1700
605,116816737475,0
606,116816737475,0
607,75286965941,40
608,116816737475,0
609,283519909181,70
610,7557087725,10530
611,2761532850,2210
612,116816737475,0
613,116816737475,0
614,594161423,200
615,116816737475,0
616,3763740622,1690
617,116816737475,0
618,60616469599,10
619,116816737475,0
620,116816737475,0
621,3142648772,1620
622,116816737475,0
623,190176097995,50
624,116816737475,0
625,116816737475,0
626,116816737475,0
627,116816737475,0
628,50293292,232690
629,116816737475,0
630,283519909181,70
631,3921374985,520
632,116816737475,0
633,116816737475,0
634,9627297567,700
635,2026403412,400
636,116816737475,0
637,116816737475,0
638,116816737475,0
639,43045099605,20
640,116816737475,0
641,7554158580,1570
642,43045099605,20
643,1842418714,66310
644,98935957,90
645,60616469599,10
646,116816737475,0
647,116816737475,0
648,116816737475,0
649,116816737475,0
650,49960028,80
651,116816737475,0
652,2246331106,48690
653,4248131449,1810
654,116816737475,0
655,116816737475,0
656,66287534,194950
657,2060061786,35480
658,43045099605,20
659,222193951,110
660,49960028,80
661,116816737475,0
662,222193951,110
663,13163059920,3220
664,116816737475,0
665,3457850989,520
666,43045099605,20
667,4128793627,2180
668,3346385558,610
669,116816737475,0
670,6892844030,1970
671,43045099605,20
672,4116345429,2140
673,116816737475,0
674,116816737475,0
675,138947389494,60
676,144553899538,30
677,49960028,80
678,4348550217,32170
679,7101351243,2640
680,1234375085,30
681,20925292580,15440
682,116816737475,0
683,49960028,80
684,60616469599,10
685,7785540594,2670
686,116816737475,0
687,735894406,32840
688,116816737475,0
689,116816737475,0
690,5645748511,1840
691,2382967929,1830
692,36698295,23040
693,238571097,67610
694,116816737475,0
695,1097940893,180
696,116816737475,0
697,138947389494,60
698,616537238,150
699,116816737475,0
700,55956944,167760
701,283519909181,70
702,116816737475,0
703,116816737475,0
704,75286965941,40
705,43045099605,20
706,4613332716,11530
707,60616469599,10
708,116816737475,0
709,5683324721,2720
710,116816737475,0
711,116816737475,0
712,5156011179,1430
713,977028499,180
714,43045099605,20
715,116816737475,0
716,98935957,90
717,116816737475,0
718,138947389494,60
719,116816737475,0
720,1766970840,290
721,43045099605,20
722,3991899545,1490
723,98935957,90
724,138947389494,60
725,144553899538,30
726,116816737475,0
727,205864316,100
728,60616469599,10
729,776628404,62180
730,116816737475,0
731,116816737475,0
732,116816737475,0
733,43045099605,20
734,43045099605,20
735,170483447,120
736,1443356087,38820
737,9914260537,4500
738,116816737475,0
739,3231463498,1510
740,43045099605,20
741,116816737475,0
742,43045099605,20
743,138947389494,60
744,60616469599,10
745,116816737475,0
746,57026916,137870
747,2055026869,15590
748,116816737475,0
749,5417518269,1500
750,60616469599,10
751,116816737475,0
752,7570475659,660
753,49960028,80
754,43045099605,20
755,75286965941,40
756,34891493337,10730
757,43045099605,20
758,4605889574,10600
759,116816737475,0
760,116816737475,0
761,144553899538,30
762,116816737475,0
763,116816737475,0
764,8544685407,1130
765,116816737475,0
766,138947389494,60
767,616537238,150
768,190176097995,50
769,116816737475,0
770,43045099605,20
771,190176097995,50
772,43045099605,20
773,60616469599,10
774,43045099605,20
775,2132243772,1880
776,116816737475,0
777,60616469599,10
778,43045099605,20
779,5003507500,760
780,116816737475,0
781,75286965941,40
782,116816737475,0
783,111577417,118400
784,116816737475,0
785,75286965941,40
786,116816737475,0
787,75286965941,40
788,116816737475,0
789,116816737475,0
790,14173515789,2810
791,190176097995,50
792,116816737475,0
793,116816737475,0
794,43045099605,20
795,116816737475,0
796,116816737475,0
797,190176097995,50
798,116816737475,0
799,43045099605,20
800,1366622148,15620
801,116816737475,0
802,116816737475,0
803,190176097995,50
804,116816737475,0
805,43045099605,20
806,116816737475,0
807,138947389494,60
808,116816737475,0
809,138947389494,60
810,205864316,100
811,116816737475,0
812,5437569418,480
813,3796292996,11020
814,2162400270,250
815,43045099605,20
816,43045099605,20
817,43045099605,20
818,116816737475,0
819,190176097995,50
820,116816737475,0
821,6181971206,1990
822,116816737475,0
823,43045099605,20
824,116816737475,0
825,116816737475,0
826,283519909181,70
827,60616469599,10
828,1264723438,350
829,5741399606,1330
830,116816737475,0
831,445305940,130
832,43045099605,20
833,116816737475,0
834,66167776,141930
835,116816737475,0
836,6548075884,1670
837,75286965941,40
838,116816737475,0
839,1059708818,290
840,60616469599,10
841,6766549955,1900
842,116816737475,0
843,7019970716,830
844,116816737475,0
845,1334728553,1710
846,116816737475,0
847,170483447,120
848,75286965941,40
849,116816737475,0
850,3306223458,1280
851,3137649705,44660
852,116816737475,0
853,6773705854,1270
854,116816737475,0
855,60616469599,10
856,116816737475,0
857,116816737475,0
858,116816737475,0
859,222193951,110
860,116816737475,0
861,3204249988,320
862,283519909181,70
863,2688837564,2460
864,116816737475,0
865,116816737475,0
866,116816737475,0
867,116816737475,0
868,116816737475,0
869,98935957,90
870,801159932,150
871,60616469599,10
872,116816737475,0
873,116816737475,0
874,116816737475,0
875,75286965941,40
876,4637696052,750
877,2423409382,2330
878,4916100688,1530
879,116816737475,0
880,75286965941,40
881,116816737475,0
882,158916582,81460
883,43045099605,20
884,45432219,306280
885,116816737475,0
886,116816737475,0
887,75286965941,40
888,49960028,80
889,116816737475,0
890,116816737475,0
891,116816737475,0
892,25090635183,3150
893,43045099605,20
894,116816737475,0
895,116816737475,0
896,116816737475,0
897,3384378788,1890
898,116816737475,0
899,45277979,273060
900,116816737475,0
901,43045099605,20
902,116816737475,0
903,116816737475,0
904,43045099605,20
905,4248131449,1810
906,116816737475,0
907,75286965941,40
908,21470394465,3620
909,43045099605,20
910,8249250076,2900
911,116816737475,0
912,116816737475,0
913,2640393226,39760
914,116816737475,0
915,116816737475,0
916,190176097995,50
917,43045099605,20
918,1264723438,350
919,43045099605,20
920,116816737475,0
921,49960028,80
922,144553899538,30
923,116816737475,0
924,732179690,15630
925,116816737475,0
926,2947354392,49330
927,455765059,170
928,116816737475,0
929,75286965941,40
930,18821463,167110
931,2894129660,550
932,43045099605,20
933,116816737475,0
934,116816737475,0
935,98935957,90
936,285189160,50
937,116816737475,0
938,116816737475,0
939,98935957,90
940,594161423,200
941,2727213264,47870
942,116816737475,0
943,116816737475,0
944,116816737475,0
945,190176097995,50
946,116816737475,0
947,4827481255,1980
948,116816737475,0
949,60616469599,10
950,116816737475,0
951,7554158580,1570
952,116816737475,0
953,116816737475,0
954,43045099605,20
955,116816737475,0
956,116816737475,0
957,43045099605,20
958,116816737475,0
959,116816737475,0
960,170483447,120
961,116816737475,0
962,75286965941,40
963,116816737475,0
964,190176097995,50
965,283519909181,70
966,116816737475,0
967,116816737475,0
968,1114193387,170
969,24392539431,3530
970,43045099605,20
971,116816737475,0
972,2854848331,1640
973,43045099605,20
974,116816737475,0
975,116816737475,0
976,116816737475,0
977,116816737475,0
978,75286965941,40
979,116816737475,0
980,116816737475,0
981,116816737475,0
982,116816737475,0
983,116816737475,0
984,116816737475,0
985,75286965941,40
986,116816737475,0
987,594161423,200
988,116816737475,0
989,116816737475,0
990,43045099605,20
991,138947389494,60
992,205864316,100
993,1710496816,2500
994,116816737475,0
995,116816737475,0
996,116816737475,0
997,116816737475,0
998,75286965941,40
999,43045099605,20
1000,116816737475,0
1001,4248131449,1810
1002,49960028,80
1003,116816737475,0
1004,116816737475,0
1005,116816737475,0
1006,187582258,137650
1007,43045099605,20
1008,283519909181,70
1009,116816737475,0
1010,116816737475,0
1011,1539214555,90
1012,7467756688,10800
1013,116816737475,0
1014,138947389494,60
1015,2724268407,670
1016,445305940,130
1017,43045099605,20
1018,17908276863,1750
1019,116816737475,0
1020,98935957,90
1021,60616469599,10
1022,116816737475,0
1023,116816737475,0
1024,116816737475,0
1025,2356723910,1580
1026,75286965941,40
1027,144553899538,30
1028,116816737475,0
1029,116816737475,0
1030,138947389494,60
1031,138947389494,60
1032,116816737475,0
1033,116816737475,0
1034,116816737475,0
1035,4319636555,11110
1036,11060807357,1390
1037,116816737475,0
1038,116816737475,0
1039,4649651882,310
1040,116816737475,0
1041,283519909181,70
1042,43045099605,20
1043,116816737475,0
1044,72784509,227780
1045,116816737475,0
1046,3452976253,900
1047,43045099605,20
1048,60616469599,10
1049,116816737475,0
1050,43045099605,20
1051,116816737475,0
1052,116816737475,0
1053,283519909181,70
1054,144553899538,30
1055,116816737475,0
1056,75286965941,40
1057,60616469599,10
1058,60616469599,10
1059,607210306,65260
1060,116816737475,0
1061,75286965941,40
1062,116816737475,0
1063,709992744,40
1064,3708559154,39230
1065,116816737475,0
1066,283519909181,70
1067,116816737475,0
1068,49960028,80
1069,116816737475,0
1070,5403988235,2630
1071,49960028,80
1072,60616469599,10
1073,43045099605,20
1074,116816737475,0
1075,1334728553,1710
1076,116816737475,0
1077,116816737475,0
1078,138947389494,60
1079,116816737475,0
1080,6548075884,1670
1081,116816737475,0
1082,8216724878,3030
1083,116816737475,0
1084,116816737475,0
1085,116816737475,0
1086,43045099605,20
1087,1215684779,2300
1088,116816737475,0
1089,75286965941,40
1090,43045099605,20
1091,1372068904,67430
1092,12684120972,8070
1093,116816737475,0
1094,116816737475,0
1095,60616469599,10
1096,2894129660,550
1097,3359867272,980
1098,116816737475,0
1099,116816737475,0
1100,116816737475,0
1101,144553899538,30
1102,1114193387,170
1103,15946573971,2990
1104,116816737475,0
1105,116816737475,0
1106,2407018574,42320
1107,1488507447,2110
1108,144553899538,30
1109,60616469599,10
1110,60616469599,10
1111,116816737475,0
1112,116816737475,0
1113,116816737475,0
1114,31290264,206540
1115,12182782326,2740
1116,43045099605,20
1117,144553899538,30
1118,190176097995,50
1119,116816737475,0
1120,75286965941,40
1121,1896543682,250
1122,116816737475,0
1123,116816737475,0
1124,49960028,80
1125,75286965941,40
1126,49275572,270230
1127,75286965941,40
1128,75286965941,40
1129,4114037018,3130
1130,49960028,80
1131,116816737475,0
1132,116816737475,0
1133,138947389494,60
1134,116816737475,0
1135,116816737475,0
1136,116816737475,0
1137,170483447,120
1138,116816737475,0
1139,116816737475,0
1140,2162400270,250
1141,4248131449,1810
1142,1889443495,2390
1143,138947389494,60
1144,1222212354,230
1145,116816737475,0
1146,116816737475,0
1147,43045099605,20
1148,43045099605,20
1149,222193951,110
1150,43045099605,20
1151,116816737475,0
1152,116816737475,0
1153,116816737475,0
1154,2227839800,300
1155,116816737475,0
1156,116816737475,0
1157,882941229,39130
1158,285189160,50
1159,98935957,90
1160,116816737475,0
1161,116816737475,0
1162,75286965941,40
1163,116816737475,0
1164,116816737475,0
1165,43045099605,20
1166,116816737475,0
1167,116816737475,0
1168,116816737475,0
1169,1363322724,130
1170,116816737475,0
1171,75286965941,40
1172,60616469599,10
1173,144553899538,30
1174,116816737475,0
1175,116816737475,0
1176,75286965941,40
1177,116816737475,0
1178,116816737475,0
1179,9766611747,2840
1180,116816737475,0
1181,116816737475,0
1182,116816737475,0
1183,25019997,1500000
1184,116816737475,0
1185,138947389494,60
1186,116816737475,0
1187,116816737475,0
1188,116816737475,0
1189,116816737475,0
1190,2218001336,1760
1191,455765059,170
1192,116816737475,0
1193,116816737475,0
1194,116816737475,0
1195,116816737475,0
1196,676476167,210
1197,12632656376,1190
1198,116816737475,0
1199,116816737475,0
1200,205864316,100
1201,1710496816,2500
1202,116816737475,0
1203,116816737475,0
1204,116816737475,0
1205,144553899538,30
1206,116816737475,0
1207,116816737475,0
1208,918874086,160
1209,49960028,80
1210,116816737475,0
1211,43045099605,20
1212,98935957,90
1213,144553899538,30
1214,9966900535,5020
1215,60616469599,10
1216,5636666175,2380
1217,25671540597,5870
1218,116816737475,0
1219,116816737475,0
1220,144553899538,30
1221,1241018142,68290
1222,63599121,195800
1223,3593054992,29450
1224,116816737475,0
1225,116816737475,0
1226,138947389494,60
1227,222193951,110
1228,222193951,110
1229,222193951,110
1230,116816737475,0
1231,8198288676,1930
1232,19201083914,570
1233,563632748,18660
1234,11759985410,2830
1235,5796338429,1230
1236,7874409462,470
1237,116816737475,0
1238,38292573,173620
1239,116816737475,0
1240,258063137,44530
1241,283519909181,70
1242,144553899538,30
1243,75286965941,40
1244,116816737475,0
1245,1896543682,250
1246,116816737475,0
1247,49960028,80
1248,116816737475,0
1249,53807701,293140
1250,359503449,53090
1251,977028499,180
1252,116816737475,0
1253,75286965941,40
1254,7337375505,3930
1255,75286965941,40
1256,2324027291,780
1257,49960028,80
1258,4903911186,2870
1259,116816737475,0
1260,116816737475,0
1261,49960028,80
1262,60616469599,10
1263,205864316,100
1264,43045099605,20
1265,5271743725,31450
1266,43045099605,20
1267,116816737475,0
1268,4114037018,3130
1269,6324534227,11670
1270,170483447,120
1271,144553899538,30
1272,1287768405,55020
1273,116816737475,0
1274,1262974550,55860
1275,116816737475,0
1276,10502119782,20600
1277,75286965941,40
1278,116816737475,0
1279,138947389494,60
1280,116816737475,0
1281,1841209571,33230
1282,2746352306,550
1283,190176097995,50
1284,49960028,80
1285,75286965941,40
1286,3452976253,900
1287,116816737475,0
1288,116816737475,0
1289,271981803,85520
1290,1258753930,190
1291,116816737475,0
1292,116816737475,0
1293,116816737475,0
1294,49960028,80
1295,116816737475,0
1296,15069545075,1630
1297,116816737475,0
1298,60616469599,10
1299,116816737475,0
1300,9858125483,7400
1301,116816737475,0
1302,75286965941,40
1303,116816737475,0
1304,116816737475,0
1305,116816737475,0
1306,116816737475,0
1307,116816737475,0
1308,190176097995,50
1309,116816737475,0
1310,75286965941,40
1311,190176097995,50
1312,116816737475,0
1313,116816737475,0
1314,116816737475,0
1315,43045099605,20
1316,116816737475,0
1317,138947389494,60
1318,17570765082,6230
1319,144553899538,30
1320,144553899538,30
1321,6598937362,3670
1322,205864316,100
1323,116816737475,0
1324,116816737475,0
1325,116816737475,0
1326,60616469599,10
1327,116816737475,0
1328,1105524794,100
1329,116816737475,0
1330,116816737475,0
1331,89858161,89240
1332,60616469599,10
1333,5911186904,1910
1334,144553899538,30
1335,170483447,120
1336,60616469599,10
1337,51966477,22310
1338,138947389494,60
1339,116816737475,0
1340,506101221,81510
1341,190176097995,50
1342,138947389494,60
1343,222193951,110
1344,116816737475,0
1345,60616469599,10
1346,116816737475,0
1347,116816737475,0
1348,75286965941,40
1349,75286965941,40
1350,3235389226,12060
1351,709992744,40
1352,16834036167,8540
1353,116816737475,0
1354,116816737475,0
1355,7858264401,5800
1356,128148353,55900
1357,116816737475,0
1358,39001876,458540
1359,60616469599,10
1360,116816737475,0
1361,75286965941,40
1362,2144558868,1800
1363,60616469599,10
1364,116816737475,0
1365,5156011179,1430
1366,116816737475,0
1367,190176097995,50
1368,76818566,23100
1369,3399341067,2340
1370,205864316,100
1371,455765059,170
1372,138947389494,60
1373,116816737475,0
1374,116816737475,0
1375,116816737475,0
1376,116816737475,0
1377,43045099605,20
1378,116816737475,0
1379,116816737475,0
1380,116816737475,0
1381,43045099605,20
1382,6282337287,2710
1383,144553899538,30
1384,116816737475,0
1385,138947389494,60
1386,116816737475,0
1387,43045099605,20
1388,75286965941,40
1389,3870255212,2450
1390,43045099605,20
1391,116816737475,0
1392,3306757731,670
1393,60616469599,10
1394,116816737475,0
1395,116816737475,0
1396,205864316,100
1397,116816737475,0
1398,116816737475,0
1399,116816737475,0
1400,5186465691,2480
1401,2612708119,1650
1402,60616469599,10
1403,116816737475,0
1404,138947389494,60
1405,116816737475,0
1406,4116345429,2140
1407,6487238598,11950
1408,43045099605,20
1409,116816737475,0
1410,2943233464,1870
1411,75286965941,40
1412,116816737475,0
1413,116816737475,0
1414,116816737475,0
1415,43045099605,20
1416,116816737475,0
1417,116816737475,0
1418,144553899538,30
1419,4888460726,28880
1420,1258753930,190
1421,43045099605,20
1422,190176097995,50
1423,116816737475,0
1424,116816737475,0
1425,116816737475,0
1426,116816737475,0
1427,8940496009,3300
1428,17496695407,1980
1429,116816737475,0
1430,116816737475,0
1431,116816737475,0
1432,60616469599,10
1433,116816737475,0
1434,7613872736,3060
1435,116816737475,0
1436,116816737475,0
1437,56838732,254740
1438,222193951,110
1439,116816737475,0
1440,116816737475,0
1441,60616469599,10
1442,138947389494,60
1443,18131482827,7090
1444,43045099605,20
1445,116816737475,0
1446,116816737475,0
1447,29657329124,3800
1448,60616469599,10
1449,116816737475,0
1450,116816737475,0
1451,23005374483,7080
1452,75286965941,40
1453,116816737475,0
1454,222193951,110
1455,60616469599,10
1456,116816737475,0
1457,5796338429,1230
1458,75286965941,40
1459,116816737475,0
1460,170483447,120
1461,7337375505,3930
1462,116816737475,0
1463,75286965941,40
1464,116816737475,0
1465,911844104,39930
1466,116816737475,0
1467,116816737475,0
1468,60616469599,10
1469,116816737475,0
1470,116816737475,0
1471,25597233210,3210
1472,5332061952,30830
1473,116816737475,0
1474,116816737475,0
1475,26652745,149190
1476,43045099605,20
1477,60616469599,10
1478,8066442170,970
1479,60616469599,10
1480,116816737475,0
1481,116816737475,0
1482,116816737475,0
1483,2426937628,5340
1484,3434816376,5040
1485,116816737475,0
1486,3991899545,1490
1487,536334581,270
1488,2227839800,300
1489,6651387372,1820
1490,116816737475,0
1491,138947389494,60
1492,43045099605,20
1493,1896543682,250
1494,14711772,51620
1495,116816737475,0
1496,116816737475,0
1497,98935957,90
1498,116816737475,0
1499,2238444561,12590
1500,116816737475,0
1501,138947389494,60
1502,144553899538,30
1503,144553899538,30
1504,116816737475,0
1505,43045099605,20
1506,49960028,80
1507,116816737475,0
1508,16059655421,5890
1509,1264723438,350
1510,594161423,200
1511,116816737475,0
1512,116816737475,0
1513,43045099605,20
1514,217454025,124210
1515,43045099605,20
1516,116816737475,0
1517,116816737475,0
1518,4846697301,3050
1519,116816737475,0
1520,20712818868,7410
1521,43045099605,20
1522,116816737475,0
1523,1792884826,2770
1524,116816737475,0
1525,40726171,246130
1526,116816737475,0
1527,116816737475,0
1528,116816737475,0
1529,75286965941,40
1530,144553899538,30
1531,138947389494,60
1532,190176097995,50
1533,616537238,150
1534,9106589636,6800
1535,28345908071,1070
1536,190176097995,50
1537,116816737475,0
1538,2758526979,640
1539,3384378788,1890
1540,116816737475,0
1541,43045099605,20
1542,22619512193,7130
1543,285189160,50
1544,116816737475,0
1545,1667196167,190
1546,43045099605,20
1547,116816737475,0
1548,190176097995,50
1549,116816737475,0
1550,60616469599,10
1551,205864316,100
1552,116816737475,0
1553,190176097995,50
1554,75286965941,40
1555,43045099605,20
1556,116816737475,0
1557,60616469599,10
1558,116816737475,0
1559,116816737475,0
1560,190176097995,50
1561,116816737475,0
1562,116816737475,0
1563,60616469599,10
1564,116816737475,0
1565,116816737475,0
1566,97588276,107270
1567,2218001336,1760
1568,116816737475,0
1569,2258532436,59030
1570,116816737475,0
1571,116816737475,0
1572,31218197544,3900
1573,116816737475,0
1574,116816737475,0
1575,116816737475,0
1576,116816737475,0
1577,116816737475,0
1578,75286965941,40
1579,116816737475,0
1580,75286965941,40
1581,116816737475,0
1582,116816737475,0
1583,60616469599,10
1584,116816737475,0
1585,49960028,80
1586,755620272,17910
1587,144553899538,30
1588,116816737475,0
1589,43045099605,20
1590,1535884552,1610
1591,58600920,210860
1592,116816737475,0
1593,977028499,180
1594,1316503233,2700
1595,116816737475,0
1596,43045099605,20
1597,17550925610,8440
1598,914489099,69000
1599,116816737475,0
1600,43045099605,20
1601,116816737475,0
1602,1757420726,2560
1603,190176097995,50
1604,138947389494,60
1605,445305940,130
1606,116816737475,0
1607,43045099605,20
1608,116816737475,0
1609,75286965941,40
1610,116816737475,0
1611,116816737475,0
1612,801159932,150
1613,116816737475,0
1614,116816737475,0
1615,43045099605,20
1616,69697898,203840
1617,116816737475,0
1618,116816737475,0
1619,43045099605,20
1620,43045099605,20
1621,8544685407,1130
1622,116816737475,0
1623,138947389494,60
1624,43045099605,20
1625,75286965941,40
1626,6378918680,12370
1627,116816737475,0
1628,116816737475,0
1629,116816737475,0
1630,918874086,160
1631,75286965941,40
1632,116816737475,0
1633,61343009,364520
1634,116816737475,0
1635,116816737475,0
1636,801159932,150
1637,116816737475,0
1638,190176097995,50
1639,75286965941,40
1640,116816737475,0
1641,60616469599,10
1642,116816737475,0
1643,43045099605,20
1644,116816737475,0
1645,116816737475,0
1646,9434802412,3340
1647,138947389494,60
1648,116816737475,0
1649,3607585520,1790
1650,138947389494,60
1651,116816737475,0
1652,144553899538,30
1653,283519909181,70
1654,16505505731,5050
1655,60616469599,10
1656,116816737475,0
1657,144553899538,30
1658,2644465501,910
1659,116816737475,0
1660,116816737475,0
1661,222193951,110
1662,116816737475,0
1663,138947389494,60
1664,116816737475,0
1665,801159932,150
1666,4827481255,1980
1667,3946574252,440
1668,60616469599,10
1669,2289941442,54660
1670,1234375085,30
1671,116816737475,0
1672,6377874094,2510
1673,116816737475,0
1674,75286965941,40
1675,116816737475,0
1676,6766549955,1900
1677,138947389494,60
1678,144553899538,30
1679,674194314,57540
1680,2858340558,2940
1681,116816737475,0
1682,116816737475,0
1683,116816737475,0
1684,5741399606,1330
1685,2439645419,2530
1686,98618799,150300
1687,116816737475,0
1688,1972449397,47280
1689,190176097995,50
1690,116816737475,0
1691,190176097995,50
1692,116816737475,0
1693,1685451883,390
1694,190176097995,50
1695,43045099605,20
1696,190176097995,50
1697,116816737475,0
1698,31568065,157980
1699,6014831330,8240
1700,116816737475,0
1701,116816737475,0
1702,75286965941,40
1703,116816737475,0
1704,45507708,154900
1705,144553899538,30
1706,144553899538,30
1707,116816737475,0
1708,116816737475,0
1709,116816737475,0
1710,75286965941,40
1711,43045099605,20
1712,43045099605,20
1713,445305940,130
1714,7775260064,870
1715,116816737475,0
1716,846485190,140
1717,75286965941,40
1718,49960028,80
1719,116816737475,0
1720,6620864004,2920
1721,32856468,287380
1722,116816737475,0
1723,49960028,80
1724,116816737475,0
1725,75286965941,40
1726,116816737475,0
1727,205864316,100
1728,116816737475,0
1729,9766611747,2840
1730,116816737475,0
1731,144553899538,30
1732,536334581,270
1733,3359867272,980
1734,2322907479,1700
1735,116816737475,0
1736,116816737475,0
1737,116816737475,0
1738,2903375156,560
1739,116816737475,0
1740,116816737475,0
1741,951316791,230
1742,116816737475,0
1743,116816737475,0
1744,736474199,54990
1745,98935957,90
1746,285189160,50
1747,43045099605,20
1748,4615246157,2220
1749,116816737475,0
1750,60616469599,10
1751,116816737475,0
1752,283519909181,70
1753,116816737475,0
1754,43045099605,20
1755,1303714018,260
1756,116816737475,0
1757,43045099605,20
1758,116816737475,0
1759,116816737475,0
1760,116816737475,0
1761,43045099605,20
1762,6944412204,580
1763,116816737475,0
1764,116816737475,0
1765,190176097995,50
1766,116816737475,0
1767,801159932,150
1768,116816737475,0
1769,116816737475,0
1770,116816737475,0
1771,116816737475,0
1772,3165821340,200
1773,4363374203,1520
1774,116816737475,0
1775,60616469599,10
1776,144553899538,30
1777,60616469599,10
1778,116816737475,0
1779,116816737475,0
1780,3734106426,2600
1781,283519909181,70
1782,2218001336,1760
1783,116816737475,0
1784,43045099605,20
1785,43045099605,20
1786,116816737475,0
1787,116816737475,0
1788,205864316,100
1789,75286965941,40
1790,5645748511,1840
1791,116816737475,0
1792,116816737475,0
1793,1011834360,140
1794,8818601932,850
1795,60616469599,10
1796,116816737475,0
1797,116816737475,0
1798,116816737475,0
1799,116816737475,0
1800,3175773367,380
1801,3601869146,1280
1802,75286965941,40
1803,61496172,105540
1804,60616469599,10
1805,4060188102,1120
1806,116816737475,0
1807,48664303,154730
1808,116816737475,0
1809,116816737475,0
1810,1914266723,53500
1811,116816737475,0
1812,116816737475,0
1813,116816737475,0
1814,3204249988,320
1815,116816737475,0
1816,7586848994,2360
1817,43045099605,20
1818,60616469599,10
1819,116816737475,0
1820,116816737475,0
1821,977028499,180
1822,2640128045,770
1823,170483447,120
1824,43045099605,20
1825,536334581,270
1826,1757420726,2560
1827,116816737475,0
1828,98935957,90
1829,75286965941,40
1830,98935957,90
1831,98935957,90
1832,43045099605,20
1833,116816737475,0
1834,1120434537,53670
1835,2501198098,350
1836,283519909181,70
1837,116816737475,0
1838,43045099605,20
1839,75286965941,40
1840,116816737475,0
1841,116816737475,0
1842,116816737475,0
1843,45244927,276750
1844,43045099605,20
1845,846485190,140
1846,60616469599,10
1847,58010195,348490
1848,116816737475,0
1849,116993664,138120
1850,18828178,43750
1851,8300226623,2280
1852,31317374321,4880
1853,43045099605,20
1854,116816737475,0
1855,116816737475,0
1856,43045099605,20
1857,2162400270,250
1858,116816737475,0
1859,116816737475,0
1860,9777848497,9920
1861,43045099605,20
1862,116816737475,0
1863,222193951,110
1864,17019771,46000
1865,75286965941,40
1866,49046315,222020
1867,116816737475,0
1868,4461628361,920
1869,116816737475,0
1870,116816737475,0
1871,2186902678,810
1872,116816737475,0
1873,7341261452,2910
1874,3081416981,1920
1875,116816737475,0
1876,116816737475,0
1877,49960028,80
1878,49960028,80
1879,116816737475,0
1880,507224581,54480
1881,8421771640,1660
1882,116816737475,0
1883,116816737475,0
1884,116816737475,0
1885,1777894361,2790
1886,43045099605,20
1887,54788971,242930
1888,190176097995,50
1889,116816737475,0
1890,116816737475,0
1891,75286965941,40
1892,639044225,15840
1893,801159932,150
1894,116816737475,0
1895,46793546,227930
1896,190176097995,50
1897,1835172880,36460
1898,4248131449,1810
1899,116816737475,0
1900,116816737475,0
1901,116816737475,0
1902,205864316,100
1903,116816737475,0
1904,116816737475,0
1905,49960028,80
1906,43045099605,20
1907,116816737475,0
1908,116816737475,0
1909,52933724,144130
1910,5204658934,5250
1911,116816737475,0
1912,60616469599,10
1913,116816737475,0
1914,116816737475,0
1915,116816737475,0
1916,38657619,24880
1917,138947389494,60
1918,116816737475,0
1919,60616469599,10
1920,6900363327,1770
1921,102066245,165280
1922,12919362070,1190
1923,676476167,210
1924,144553899538,30
1925,116816737475,0
1926,116816737475,0
1927,116816737475,0
1928,116816737475,0
1929,116816737475,0
1930,116816737475,0
1931,116816737475,0
1932,43045099605,20
1933,170483447,120
1934,116816737475,0
1935,19267381858,800
1936,7780631659,1380
1937,116816737475,0
1938,26828347367,5010
1939,75286965941,40
1940,116816737475,0
1941,116816737475,0
1942,116816737475,0
1943,116816737475,0
1944,116816737475,0
1945,4116345429,2140
1946,116816737475,0
1947,116816737475,0
1948,116816737475,0
1949,29822749,30080
1950,75286965941,40
1951,116816737475,0
1952,116816737475,0
1953,50745168,252960
1954,138947389494,60
1955,50691582,204750
1956,43045099605,20
1957,4264567438,1540
1958,116816737475,0
1959,116816737475,0
1960,34150349,199030
1961,1757420726,2560
1962,116816737475,0
1963,7019970716,830
1964,116816737475,0
1965,2329474936,2050
1966,116816737475,0
1967,60616469599,10
1968,138947389494,60
1969,116816737475,0
1970,283519909181,70
1971,24502546761,3820
1972,33016943,347480
1973,190176097995,50
1974,190176097995,50
1975,116816737475,0
1976,116816737475,0
1977,116816737475,0
1978,205864316,100
1979,24088568153,4600
1980,116816737475,0
1981,138947389494,60
1982,43045099605,20
1983,7341261452,2910
1984,116816737475,0
1985,4545302004,2070
1986,116816737475,0
1987,116816737475,0
1988,50819414,198650
1989,75286965941,40
1990,116816737475,0
1991,35150299,23840
1992,116816737475,0
1993,5460206538,1860
1994,13746087918,5600
1995,116816737475,0
1996,49960028,80
1997,116816737475,0
1998,116816737475,0
1999,5793011807,1140
2000,138947389494,60
2001,116816737475,0
2002,116816737475,0
2003,8059646866,1730
2004,43045099605,20
2005,676476167,210
2006,116816737475,0
2007,138947389494,60
2008,116816737475,0
2009,116816737475,0
2010,75286965941,40
2011,116816737475,0
2012,116816737475,0
2013,116816737475,0
2014,98935957,90
2015,116816737475,0
2016,75286965941,40
2017,43045099605,20
2018,325545925,45640
2019,627420778,34770
2020,190176097995,50
2021,116816737475,0
2022,4363374203,1520
2023,116816737475,0
2024,29658036718,4540
2025,49960028,80
2026,43045099605,20
2027,3224959800,42820
2028,116816737475,0
2029,170483447,120
2030,116816737475,0
2031,1757420726,2560
2032,60616469599,10
2033,43045099605,20
2034,116816737475,0
2035,2949900765,1450
2036,2322907479,1700
2037,116816737475,0
2038,60616469599,10
2039,116816737475,0
2040,116816737475,0
2041,43045099605,20
2042,60616469599,10
2043,116816737475,0
2044,116816737475,0
2045,116816737475,0
2046,461892865,77960
2047,116816737475,0
2048,138947389494,60
2049,116816737475,0
2050,116816737475,0
2051,116816737475,0
2052,60616469599,10
2053,116816737475,0
2054,43045099605,20
2055,116816737475,0
2056,49960028,80
2057,116816737475,0
2058,116816737475,0
2059,5028030388,1720
2060,116816737475,0
2061,5417518269,1500
2062,1777894361,2790
2063,116816737475,0
2064,144553899538,30
2065,8169712860,500
2066,116816737475,0
2067,49960028,80
2068,60616469599,10
2069,116816737475,0
2070,116816737475,0
2071,116816737475,0
2072,3051337586,2310
2073,116816737475,0
2074,138947389494,60
2075,116816737475,0
2076,60616469599,10
2077,138947389494,60
2078,2162400270,250
2079,43045099605,20
2080,144553899538,30
2081,60616469599,10
2082,75286965941,40
2083,43045099605,20
2084,445305940,130
2085,116816737475,0
2086,144553899538,30
2087,116816737475,0
2088,138947389494,60
2089,116816737475,0
2090,836353721,80
2091,2094174641,450
2092,116816737475,0
2093,190176097995,50
2094,116816737475,0
2095,24136290841,1200
2096,116816737475,0
2097,116816737475,0
2098,116816737475,0
2099,144553899538,30
2100,116816737475,0
2101,116816737475,0
2102,75286965941,40
2103,60616469599,10
2104,6734975913,2370
2105,75286965941,40
2106,116816737475,0
2107,1777894361,2790
2108,846485190,140
2109,9373050226,5750
2110,60616469599,10
2111,2524683654,2190
2112,116816737475,0
2113,205864316,100
2114,116816737475,0
2115,116816737475,0
2116,144553899538,30
2117,18296282435,2130
2118,75286965941,40
2119,116816737475,0
2120,116816737475,0
2121,116816737475,0
2122,75286965941,40
2123,2169758250,830
2124,676476167,210
2125,60616469599,10
2126,116816737475,0
2127,116816737475,0
2128,116816737475,0
2129,116816737475,0
2130,116816737475,0
2131,116816737475,0
2132,116816737475,0
2133,116816737475,0
2134,60616469599,10
2135,49960028,80
2136,43045099605,20
2137,49960028,80
2138,283519909181,70
2139,116816737475,0
2140,75286965941,40
2141,116816737475,0
2142,49960028,80
2143,1665238878,2690
2144,222193951,110
2145,116816737475,0
2146,116816737475,0
2147,918874086,160
2148,43045099605,20
2149,116816737475,0
2150,19893499258,5280
2151,43045099605,20
2152,116816737475,0
2153,7586848994,2360
2154,116816737475,0
2155,116816737475,0
2156,283519909181,70
2157,205864316,100
2158,43045099605,20
2159,1804809615,31670
2160,60616469599,10
2161,190176097995,50
2162,116816737475,0
2163,138947389494,60
2164,116816737475,0
2165,75286965941,40
2166,116816737475,0
2167,60616469599,10
2168,116816737475,0
2169,190176097995,50
2170,116816737475,0
2171,116816737475,0
2172,75286965941,40
2173,34018952030,3410
2174,2202521580,13790
2175,1258753930,190
2176,144553899538,30
2177,116816737475,0
2178,2227839800,300
2179,455765059,170
2180,116816737475,0
2181,116816737475,0
2182,116816737475,0
2183,144553899538,30
2184,60616469599,10
2185,116816737475,0
2186,116816737475,0
2187,116816737475,0
2188,116816737475,0
2189,3763740622,1690
2190,116816737475,0
2191,1316503233,2700
2192,8198288676,1930
2193,116816737475,0
2194,138947389494,60
2195,2229008244,1600
2196,98935957,90
2197,43045099605,20
2198,2229008244,1600
2199,116816737475,0
2200,43045099605,20
2201,1046622606,2520
2202,1105524794,100
2203,43045099605,20
2204,60616469599,10
2205,45901857,162530
2206,3870255212,2450
2207,7780631659,1380
2208,60616469599,10
2209,43045099605,20
2210,116816737475,0
2211,116816737475,0
2212,43045099605,20
2213,116816737475,0
2214,75286965941,40
2215,116816737475,0
2216,283519909181,70
2217,75286965941,40
2218,116816737475,0
2219,7018278428,1340
2220,138947389494,60
2221,4128793627,2180
2222,42186301,237820
2223,205864316,100
2224,116816737475,0
2225,116816737475,0
2226,4128793627,2180
2227,138947389494,60
2228,60616469599,10
2229,116816737475,0
2230,116816737475,0
2231,38292573,173620
2232,116816737475,0
2233,75286965941,40
2234,49960028,80
2235,43045099605,20
2236,1738245466,330
2237,445305940,130
2238,116816737475,0
2239,116816737475,0
2240,60616469599,10
2241,536334581,270
2242,62443368,373170
2243,116816737475,0
2244,116816737475,0
2245,49960028,80
2246,116816737475,0
2247,116816737475,0
2248,170483447,120
2249,116816737475,0
2250,75286965941,40
2251,144553899538,30
2252,116816737475,0
2253,190176097995,50
2254,781657515,17590
2255,190176097995,50
2256,49960028,80
2257,116816737475,0
2258,43045099605,20
2259,43045099605,20
2260,283519909181,70
2261,116816737475,0
2262,1889443495,2390
2263,116816737475,0
2264,116816737475,0
2265,15069545075,1630
2266,1793385163,310
2267,116816737475,0
2268,10507245022,3290
2269,116816737475,0
2270,116816737475,0
2271,116816737475,0
2272,116816737475,0
2273,116816737475,0
2274,190176097995,50
2275,4187008360,2290
2276,116816737475,0
2277,116816737475,0
2278,5683324721,2720
2279,116816737475,0
2280,43045099605,20
2281,138947389494,60
2282,116816737475,0
2283,116816737475,0
2284,2123782309,62680
2285,116816737475,0
2286,43045099605,20
2287,116816737475,0
2288,116816737475,0
2289,116816737475,0
2290,116816737475,0
2291,144553899538,30
2292,75286965941,40
2293,535350712,16040
2294,116816737475,0
2295,4458887787,510
2296,7659883819,1940
2297,60616469599,10
2298,1539214555,90
2299,60616469599,10
2300,801159932,150
2301,1296444104,66150
2302,43045099605,20
2303,60616469599,10
2304,116816737475,0
2305,285189160,50
2306,116816737475,0
2307,190176097995,50
2308,98935957,90
2309,75286965941,40
2310,60616469599,10
2311,75286965941,40
2312,892831783,63910
2313,116816737475,0
2314,116816737475,0
2315,60616469599,10
2316,60616469599,10
2317,60616469599,10
2318,43045099605,20
2319,116816737475,0
2320,170483447,120
2321,75286965941,40
2322,59786901,268080
2323,116816737475,0
2324,709992744,40
2325,283519909181,70
2326,43045099605,20
2327,170483447,120
2328,8154002699,1350
2329,283519909181,70
2330,8203645108,680
2331,116816737475,0
2332,1130589359,240
2333,445305940,130
2334,116816737475,0
2335,43045099605,20
2336,49960028,80
2337,75286965941,40
2338,138947389494,60
2339,205864316,100
2340,363264557,20100
2341,43045099605,20
2342,116816737475,0
2343,116816737475,0
2344,1374939849,60160
2345,9966900535,5020
2346,49960028,80
2347,33678864062,8660
2348,116816737475,0
2349,116816737475,0
2350,116816737475,0
2351,26908986,77350
2352,594161423,200
2353,2858340558,2940
2354,116816737475,0
2355,116816737475,0
2356,116816737475,0
2357,2688837564,2460
2358,116816737475,0
2359,116816737475,0
2360,3059073083,1740
2361,1638186750,240
2362,116816737475,0
2363,116816737475,0
2364,43045099605,20
2365,116816737475,0
2366,60616469599,10
2367,6944412204,580
2368,60616469599,10
2369,43045099605,20
2370,138947389494,60
2371,28806583,49860
2372,49960028,80
2373,7975776174,630
2374,116816737475,0
2375,205864316,100
2376,116816737475,0
2377,116816737475,0
2378,2822282530,2610
2379,43045099605,20
2380,3204249988,320
2381,116816737475,0
2382,929801321,16150
2383,43045099605,20
2384,116816737475,0
2385,94370555,164030
2386,49960028,80
2387,144553899538,30
2388,116816737475,0
2389,190176097995,50
2390,60616469599,10
2391,2140625535,37900
2392,43045099605,20
2393,116816737475,0
2394,313903513,45360
2395,536334581,270
2396,49960028,80
2397,116816737475,0
2398,98935957,90
2399,116816737475,0
2400,116816737475,0
2401,1245165915,56930
2402,116816737475,0
2403,144553899538,30
2404,116816737475,0
2405,43045099605,20
2406,116816737475,0
2407,2227839800,300
2408,60616469599,10
2409,116816737475,0
2410,43045099605,20
2411,116816737475,0
2412,190176097995,50
2413,43045099605,20
2414,70499337,190760
2415,75286965941,40
2416,43045099605,20
2417,43045099605,20
2418,730978104,17320
2419,116816737475,0
2420,116816737475,0
2421,116816737475,0
2422,60616469599,10
2423,116816737475,0
2424,43045099605,20
2425,116816737475,0
2426,116816737475,0
2427,116816737475,0
2428,2688837564,2460
2429,116816737475,0
2430,2144558868,1800
2431,116816737475,0
2432,116816737475,0
2433,116816737475,0
2434,1904076501,430
2435,98935957,90
2436,3719566320,2200
2437,190176097995,50
2438,116816737475,0
2439,56607561,168780
2440,2382967929,1830
2441,116816737475,0
2442,116816737475,0
2443,43045099605,20
2444,3231463498,1510
2445,116816737475,0
2446,5288391028,3850
2447,116816737475,0
2448,3607585520,1790
2449,676476167,210
2450,116816737475,0
2451,116816737475,0
2452,60616469599,10
2453,116816737475,0
2454,116816737475,0
2455,116816737475,0
2456,1757420726,2560
2457,116816737475,0
2458,116816737475,0
2459,43045099605,20
2460,75286965941,40
2461,1316503233,2700
2462,116816737475,0
2463,75286965941,40
2464,138947389494,60
2465,190176097995,50
2466,2858340558,2940
2467,11000979856,1960
2468,951316791,230
2469,116816737475,0
2470,144553899538,30
2471,116816737475,0
2472,116816737475,0
2473,2307644621,2680
2474,1130589359,240
2475,4248131449,1810
2476,2420681464,70
2477,116816737475,0
2478,116816737475,0
2479,60616469599,10
2480,138947389494,60
2481,60616469599,10
2482,116816737475,0
2483,75286965941,40
2484,1102778100,16140
2485,13709144471,940
2486,205864316,100
2487,116816737475,0
2488,49960028,80
2489,116816737475,0
2490,116816737475,0
2491,60616469599,10
2492,116816737475,0
2493,60616469599,10
2494,116816737475,0
2495,116816737475,0
2496,116816737475,0
2497,116816737475,0
2498,190176097995,50
2499,43045099605,20
2500,116816737475,0
2501,60616469599,10
2502,116816737475,0
2503,116816737475,0
2504,138947389494,60
2505,676476167,210
2506,116816737475,0
2507,3125401130,2010
2508,60616469599,10
2509,43045099605,20
2510,3918807033,2170
2511,49960028,80
2512,24037994281,5860
2513,116816737475,0
2514,116816737475,0
2515,283519909181,70
2516,3188294448,410
2517,43045099605,20
2518,75286965941,40
2519,977028499,180
2520,7557802620,8500
2521,3429334244,650
2522,116816737475,0
2523,116816737475,0
2524,116816737475,0
2525,4128793627,2180
2526,6359594668,980
2527,190176097995,50
2528,283519909181,70
2529,116816737475,0
2530,116816737475,0
2531,43045099605,20
2532,43045099605,20
2533,116816737475,0
2534,60616469599,10
2535,116816737475,0
2536,60616469599,10
2537,21370943734,6980
2538,116816737475,0
2539,116816737475,0
2540,116816737475,0
2541,116816737475,0
2542,116816737475,0
2543,116816737475,0
2544,144553899538,30
2545,3204249988,320
2546,75286965941,40
2547,3870255212,2450
2548,116816737475,0
2549,144553899538,30
2550,116816737475,0
2551,144553899538,30
2552,116816737475,0
2553,116816737475,0
2554,536334581,270
2555,23579280,51140
2556,116816737475,0
2557,190176097995,50
2558,75286965941,40
2559,1974343837,35610
2560,116816737475,0
2561,594161423,200
2562,43045099605,20
2563,60616469599,10
2564,116816737475,0
2565,138947389494,60
2566,2858028747,53260
2567,116816737475,0
2568,116816737475,0
2569,220441560,78220
2570,5842194152,1440
2571,116816737475,0
2572,9707384593,3370
2573,116816737475,0
2574,116816737475,0
2575,60616469599,10
2576,445305940,130
2577,43045099605,20
2578,116816737475,0
2579,608223771,95270
2580,116816737475,0
2581,190176097995,50
2582,116816737475,0
2583,116816737475,0
2584,116816737475,0
2585,170483447,120
2586,6834112659,710
2587,2218001336,1760
2588,75286965941,40
2589,6103585919,1150
2590,1838222294,340
2591,116816737475,0
2592,3921374985,520
2593,1114193387,170
2594,2969884342,490
2595,1294061086,58150
2596,17019771,46000
2597,49960028,80
2598,455765059,170
2599,43045099605,20
2600,49960028,80
2601,34451566,215710
2602,116816737475,0
2603,43045099605,20
2604,116816737475,0
2605,43282944,300340
2606,116816737475,0
2607,116816737475,0
2608,16813244826,1530
2609,423596372,76890
2610,60616469599,10
2611,43045099605,20
2612,2858340558,2940
2613,116816737475,0
2614,8799254633,10920
2615,60616469599,10
2616,116816737475,0
2617,116816737475,0
2618,60616469599,10
2619,116816737475,0
2620,43045099605,20
2621,116816737475,0
2622,60616469599,10
2623,62366151,188320
2624,1792884826,2770
2625,10602880945,6240
2626,116816737475,0
2627,116816737475,0
2628,116816737475,0
2629,116816737475,0
2630,116816737475,0
2631,144553899538,30
2632,116816737475,0
2633,60616469599,10
2634,75331519,118500
2635,116816737475,0
2636,116816737475,0
2637,6285752197,2120
2638,116816737475,0
2639,116816737475,0
2640,283519909181,70
2641,144553899538,30
2642,116816737475,0
2643,116816737475,0
2644,116816737475,0
2645,4264567438,1540
2646,75286965941,40
2647,116816737475,0
2648,138947389494,60
2649,116816737475,0
2650,138947389494,60
2651,116816737475,0
2652,116816737475,0
2653,616537238,150
2654,75286965941,40
2655,4363374203,1520
2656,42214280,281400
2657,75286965941,40
2658,116816737475,0
2659,43045099605,20
2660,75286965941,40
2661,116816737475,0
2662,116816737475,0
2663,116816737475,0
2664,116816737475,0
2665,116816737475,0
2666,75286965941,40
2667,6435301767,1560
2668,116816737475,0
2669,190176097995,50
2670,3293630269,3100
2671,977028499,180
2672,116816737475,0
2673,190176097995,50
2674,26176572392,4860
2675,1782566313,25870
2676,43045099605,20
2677,116816737475,0
2678,116816737475,0
2679,1222212354,230
2680,49960028,80
2681,98935957,90
2682,7659883819,1940
2683,116816737475,0
2684,116816737475,0
2685,116816737475,0
2686,116816737475,0
2687,116816737475,0
2688,2162400270,250
2689,60616469599,10
2690,43045099605,20
2691,43045099605,20
2692,2610280697,13840
2693,205864316,100
2694,455765059,170
2695,116816737475,0
2696,144553899538,30
2697,116816737475,0
2698,116816737475,0
2699,1258753930,190
2700,138947389494,60
2701,6207845294,25300
2702,116816737475,0
2703,116816737475,0
2704,32454940,29760
2705,1665238878,2690
2706,116816737475,0
2707,1063558241,220
2708,8154002699,1350
2709,98935957,90
2710,2746352306,550
2711,116816737475,0
2712,43045099605,20
2713,43045099605,20
2714,116816737475,0
2715,116816737475,0
2716,60616469599,10
2717,2964596102,460
2718,116816737475,0
2719,116816737475,0
2720,116816737475,0
2721,918874086,160
2722,445305940,130
2723,1638186750,240
2724,116816737475,0
2725,116816737475,0
2726,19810688103,3980
2727,144553899538,30
2728,6874202280,2060
2729,116816737475,0
2730,116816737475,0
2731,116816737475,0
2732,116816737475,0
2733,3734106426,2600
2734,116816737475,0
2735,116816737475,0
2736,81611092,143500
2737,2186902678,810
2738,4827481255,1980
2739,116816737475,0
2740,1334728553,1710
2741,190176097995,50
2742,116816737475,0
2743,35709369,193580
2744,116816737475,0
2745,116816737475,0
2746,116816737475,0
2747,43045099605,20
2748,116816737475,0
2749,43045099605,20
2750,116816737475,0
2751,1442537214,2580
2752,14174608906,7890
2753,116816737475,0
2754,116816737475,0
2755,116816737475,0
2756,60616469599,10
2757,116816737475,0
2758,144553899538,30
2759,116816737475,0
2760,170483447,120
2761,44574262,213270
2762,116816737475,0
2763,138947389494,60
2764,5007297159,560
2765,2724268407,670
2766,116816737475,0
2767,116816737475,0
2768,116816737475,0
2769,116816737475,0
2770,536334581,270
2771,116816737475,0
2772,283519909181,70
2773,801159932,150
2774,116816737475,0
2775,1161313702,2090
2776,116816737475,0
2777,138947389494,60
2778,116816737475,0
2779,116816737475,0
2780,116816737475,0
2781,144553899538,30
2782,116816737475,0
2783,1339055394,110
2784,676476167,210
2785,116816737475,0
2786,116816737475,0
2787,75286965941,40
2788,43045099605,20
2789,5883175202,600
2790,43045099605,20
2791,116816737475,0
2792,6900363327,1770
2793,116816737475,0
2794,116816737475,0
2795,116816737475,0
2796,116816737475,0
2797,43045099605,20
2798,116816737475,0
2799,190176097995,50
2800,11971810548,8460
2801,138947389494,60
2802,190176097995,50
2803,138947389494,60
2804,2761532850,2210
2805,43045099605,20
2806,801159932,150
2807,283519909181,70
2808,283519909181,70
2809,801159932,150
2810,116816737475,0
2811,190176097995,50
2812,116816737475,0
2813,1954576997,35940
2814,3434816376,5040
2815,75286965941,40
2816,75286965941,40
2817,116816737475,0
2818,116816737475,0
2819,116816737475,0
2820,116816737475,0
2821,116816737475,0
2822,116816737475,0
2823,116816737475,0
2824,116816737475,0
2825,12453338664,19050
2826,49960028,80
2827,75286965941,40
2828,19231075476,6570
2829,686060986,42680
2830,116816737475,0
2831,116816737475,0
2832,138947389494,60
2833,977028499,180
2834,116816737475,0
2835,6598937362,3670
2836,116816737475,0
2837,55857303,152170
2838,43045099605,20
2839,2001558205,41810
2840,7616596327,1360
2841,116816737475,0
2842,144553899538,30
2843,116816737475,0
2844,43045099605,20
2845,49960028,80
2846,43045099605,20
2847,5911186904,1910
2848,5793011807,1140
2849,116816737475,0
2850,1215684779,2300
2851,138947389494,60
2852,1178509012,60
2853,285189160,50
2854,76301514,160590
2855,6435301767,1560
2856,445305940,130
2857,116816737475,0
2858,6181971206,1990
2859,116816737475,0
2860,138947389494,60
2861,49960028,80
2862,75286965941,40
2863,116816737475,0
2864,116816737475,0
2865,43045099605,20
2866,116816737475,0
2867,116816737475,0
2868,116816737475,0
2869,283519909181,70
2870,116816737475,0
2871,116816737475,0
2872,75286965941,40
2873,75286965941,40
2874,144553899538,30
2875,283519909181,70
2876,1130008936,340
2877,3728196391,2060
2878,836353721,80
2879,75286965941,40
2880,1264313223,67840
2881,116816737475,0
2882,116816737475,0
2883,116816737475,0
2884,116816737475,0
2885,1334728553,1710
2886,75286965941,40
2887,43045099605,20
2888,7018278428,1340
2889,43045099605,20
2890,43045099605,20
2891,4439027966,2570
2892,39409782854,6950
2893,116816737475,0
2894,9925945709,790
2895,43045099605,20
2896,116816737475,0
2897,116816737475,0
2898,284974803,19410
2899,116816737475,0
2900,116816737475,0
2901,116816737475,0
2902,144553899538,30
2903,116816737475,0
2904,56904525,169610
2905,116816737475,0
2906,116816737475,0
2907,5682269173,3320
2908,5744834024,2080
2909,60616469599,10
2910,116816737475,0
2911,116816737475,0
2912,75286965941,40
2913,75286965941,40
2914,43045099605,20
2915,17283491726,6220
2916,43045099605,20
2917,43045099605,20
2918,3452976253,900
2919,8421771640,1660
2920,116816737475,0
2921,170483447,120
2922,846485190,140
2923,1011834360,140
2924,116816737475,0
2925,25855909,255920
2926,116816737475,0
2927,116816737475,0
2928,116816737475,0
2929,116816737475,0
2930,10513870607,1910
2931,266208082,113740
2932,138947389494,60
2933,116816737475,0
2934,49960028,80
2935,49960028,80
2936,116816737475,0
2937,43045099605,20
2938,1442537214,2580
2939,43045099605,20
2940,116816737475,0
2941,116816737475,0
2942,116816737475,0
2943,138947389494,60
2944,116816737475,0
2945,116816737475,0
2946,8028119038,1060
2947,116816737475,0
2948,4105301570,4680
2949,43045099605,20
2950,43861229,284210
2951,190176097995,50
2952,54197183,26370
2953,116816737475,0
2954,116816737475,0
2955,43045099605,20
2956,116816737475,0
2957,45768670,315750
2958,116816737475,0
2959,116816737475,0
2960,116816737475,0
2961,2356723910,1580
2962,116816737475,0
2963,116816737475,0
2964,116816737475,0
2965,116816737475,0
2966,138947389494,60
2967,116816737475,0
2968,43045099605,20
2969,429181997,84270
2970,116816737475,0
2971,2894129660,550
2972,4649651882,310
2973,116816737475,0
2974,116816737475,0
2975,144553899538,30
2976,2339603815,320
2977,43045099605,20
2978,116816737475,0
2979,49960028,80
2980,116816737475,0
2981,49960028,80
2982,116816737475,0
2983,116816737475,0
2984,116816737475,0
2985,138947389494,60
2986,170483447,120
2987,116816737475,0
2988,116816737475,0
2989,1956261898,2240
2990,116816737475,0
2991,43045099605,20
2992,75286965941,40
2993,116816737475,0
2994,3069551045,37530
2995,18955154,402310
2996,283519909181,70
2997,116816737475,0
2998,116816737475,0
2999,286909416,68940
3000,7556000682,720
3001,75286965941,40
3002,116816737475,0
3003,116816737475,0
3004,116816737475,0
3005,5584727380,31180
3006,7780631659,1380
3007,445305940,130
3008,98935957,90
3009,116816737475,0
3010,116816737475,0
3011,4403304544,450
3012,4063754464,2410
3013,116816737475,0
3014,133729626,60470
3015,116816737475,0
3016,59490062,150720
3017,116816737475,0
3018,116816737475,0
3019,2754373287,42240
3020,43045099605,20
3021,50758748,161440
3022,138947389494,60
3023,116816737475,0
3024,116816737475,0
3025,222193951,110
3026,138947389494,60
3027,111915842,165170
3028,116816737475,0
3029,116816737475,0
3030,144553899538,30
3031,170483447,120
3032,116816737475,0
3033,116816737475,0
3034,116816737475,0
3035,116816737475,0
3036,116816737475,0
3037,116816737475,0
3038,3219489974,3110
3039,46265497,261130
3040,116816737475,0
3041,43045099605,20
3042,1161313702,2090
3043,222193951,110
3044,43045099605,20
3045,116816737475,0
3046,60616469599,10
3047,283519909181,70
3048,116816737475,0
3049,71398284,133730
3050,116816737475,0
3051,116816737475,0
3052,1685451883,390
3053,116816737475,0
3054,116816737475,0
3055,116816737475,0
3056,116816737475,0
3057,116816737475,0
3058,49960028,80
3059,60616469599,10
3060,75286965941,40
3061,116816737475,0
3062,116816737475,0
3063,116816737475,0
3064,116816737475,0
3065,116816737475,0
3066,49960028,80
3067,144553899538,30
3068,116816737475,0
3069,222193951,110
3070,116816737475,0
3071,116816737475,0
3072,116816737475,0
3073,116816737475,0
3074,116816737475,0
3075,116816737475,0
3076,43045099605,20
3077,116816737475,0
3078,190176097995,50
3079,116816737475,0
3080,75286965941,40
3081,60616469599,10
3082,1488507447,2110
3083,116816737475,0
3084,116816737475,0
3085,190176097995,50
3086,116816737475,0
3087,33087876,96290
3088,116816737475,0
3089,14450163556,860
3090,801159932,150
3091,116816737475,0
3092,116816737475,0
3093,5911186904,1910
3094,2186902678,810
3095,116816737475,0
3096,8300226623,2280
3097,22002004172,8420
3098,116816737475,0
3099,116816737475,0
3100,170483447,120
3101,116816737475,0
3102,519483700,17070
3103,43045099605,20
3104,116816737475,0
3105,116816737475,0
3106,75286965941,40
3107,11574819083,800
3108,43045099605,20
3109,116816737475,0
3110,60616469599,10
3111,60616469599,10
3112,116816737475,0
3113,60616469599,10
3114,190176097995,50
3115,116816737475,0
3116,190176097995,50
3117,40812495,214470
3118,116816737475,0
3119,283519909181,70
3120,116816737475,0
3121,116816737475,0
3122,8509691936,3170
3123,5911186904,1910
3124,116816737475,0
3125,116816737475,0
3126,116816737475,0
3127,60616469599,10
3128,222193951,110
3129,116816737475,0
3130,43045099605,20
3131,116816737475,0
3132,116816737475,0
3133,116816737475,0
3134,116816737475,0
3135,60616469599,10
3136,2854848331,1640
3137,2761532850,2210
3138,116816737475,0
3139,18437030836,4410
3140,116816737475,0
3141,24689865268,6130
3142,43045099605,20
3143,116816737475,0
3144,116816737475,0
3145,75286965941,40
3146,144553899538,30
3147,49960028,80
3148,116816737475,0
3149,43045099605,20
3150,49960028,80
3151,49960028,80
3152,116816737475,0
3153,60616469599,10
3154,44015546,360910
3155,222193951,110
3156,144553899538,30
3157,190176097995,50
3158,116816737475,0
3159,144553899538,30
3160,43045099605,20
3161,116816737475,0
3162,116816737475,0
3163,222193951,110
3164,60616469599,10
3165,116816737475,0
3166,75286965941,40
3167,49960028,80
3168,116816737475,0
3169,1889443495,2390
3170,116816737475,0
3171,116816737475,0
3172,60616469599,10
3173,116816737475,0
3174,4071413968,41870
3175,116816737475,0
3176,116816737475,0
3177,116816737475,0
3178,116816737475,0
3179,98935957,90
3180,43045099605,20
3181,116816737475,0
3182,116816737475,0
3183,116816737475,0
3184,116816737475,0
3185,116816737475,0
3186,43045099605,20
3187,116816737475,0
3188,60616469599,10
3189,41829094,27960
3190,116816737475,0
3191,116816737475,0
3192,75286965941,40
3193,75286965941,40
3194,116816737475,0
3195,138947389494,60
3196,116816737475,0
3197,418860434,61610
3198,455765059,170
3199,116816737475,0
3200,116816737475,0
3201,138947389494,60
3202,75286965941,40
3203,455765059,170
3204,7355277821,24960
3205,4010744428,9720
3206,43045099605,20
3207,116816737475,0
3208,116816737475,0
3209,60616469599,10
3210,205864316,100
3211,116816737475,0
3212,8198288676,1930
3213,116816737475,0
3214,116816737475,0
3215,43045099605,20
3216,283519909181,70
3217,60616469599,10
3218,116816737475,0
3219,163177125,21910
3220,144553899538,30
3221,116816737475,0
3222,3489059573,2760
3223,43045099605,20
3224,1074506579,27530
3225,116816737475,0
3226,116816737475,0
3227,116816737475,0
3228,116816737475,0
3229,8784906299,18890
3230,16971207118,3920
3231,7890115728,690
3232,60616469599,10
3233,1384758468,61330
3234,116816737475,0
3235,116816737475,0
3236,43045099605,20
3237,1738245466,330
3238,1005164830,2020
3239,3431459247,2960
3240,75286965941,40
3241,2170265447,590
3242,3358455073,1260
3243,116816737475,0
3244,190176097995,50
3245,75286965941,40
3246,1155536910,2320
3247,98935957,90
3248,144553899538,30
3249,116816737475,0
3250,75286965941,40
3251,144553899538,30
3252,116816737475,0
3253,75286965941,40
3254,60616469599,10
3255,116816737475,0
3256,1264723438,350
3257,283519909181,70
3258,116816737475,0
3259,2254230439,210
3260,116816737475,0
3261,190176097995,50
3262,116816737475,0
3263,43045099605,20
3264,116816737475,0
3265,98935957,90
3266,116816737475,0
3267,2144558868,1800
3268,116816737475,0
3269,75286965941,40
3270,116816737475,0
3271,138947389494,60
3272,116816737475,0
3273,116816737475,0
3274,4903911186,2870
3275,283519909181,70
3276,190176097995,50
3277,60616469599,10
3278,116816737475,0
3279,116816737475,0
3280,116816737475,0
3281,116816737475,0
3282,116816737475,0
3283,1638186750,240
3284,13142676826,19290
3285,116816737475,0
3286,190176097995,50
3287,55815925,345800
3288,116816737475,0
3289,116816737475,0
3290,48872492,248730
3291,116816737475,0
3292,116816737475,0
3293,205864316,100
3294,801159932,150
3295,116816737475,0
3296,7570475659,660
3297,116816737475,0
3298,190176097995,50
3299,116816737475,0
3300,116816737475,0
3301,116816737475,0
3302,116816737475,0
3303,116816737475,0
3304,445305940,130
3305,43045099605,20
3306,116816737475,0
3307,116816737475,0
3308,144553899538,30
3309,75286965941,40
3310,116816737475,0
3311,116816737475,0
3312,116816737475,0
3313,116816737475,0
3314,116816737475,0
3315,222193951,110
3316,43045099605,20
3317,49960028,80
3318,116816737475,0
3319,60616469599,10
3320,138947389494,60
3321,116816737475,0
3322,116816737475,0
3323,5909110929,2950
3324,7224778006,1120
3325,138947389494,60
3326,116816737475,0
3327,60616469599,10
3328,116816737475,0
3329,1851731580,280
3330,116816737475,0
3331,977028499,180
3332,75286965941,40
3333,14363016617,1640
3334,820191319,63200
3335,3991899545,1490
3336,116816737475,0
3337,116816737475,0
3338,138947389494,60
3339,2840575170,2160
3340,222193951,110
3341,43045099605,20
3342,43045099605,20
3343,43045099605,20
3344,254525502,57730
3345,116816737475,0
3346,5812385806,410
3347,283519909181,70
3348,116816737475,0
3349,116816737475,0
3350,116816737475,0
3351,60616469599,10
3352,45038640,219440
3353,144553899538,30
3354,116816737475,0
3355,116816737475,0
3356,116816737475,0
3357,116816737475,0
3358,116816737475,0
3359,116816737475,0
3360,60616469599,10
3361,918874086,160
3362,190176097995,50
3363,1638186750,240
3364,116816737475,0
3365,7934226017,6590
3366,116816737475,0
3367,190176097995,50
3368,116816737475,0
3369,116816737475,0
3370,4928578463,1160
3371,116816737475,0
3372,43045099605,20
3373,75286965941,40
3374,190176097995,50
3375,190176097995,50
3376,75286965941,40
3377,46519445,295230
3378,918874086,160
3379,116816737475,0
3380,1495668390,1110
3381,144553899538,30
3382,283519909181,70
3383,709992744,40
3384,116816737475,0
3385,116816737475,0
3386,144553899538,30
3387,116816737475,0
3388,190176097995,50
3389,144553899538,30
3390,190176097995,50
3391,1874193903,60090
3392,116816737475,0
3393,116816737475,0
3394,60616469599,10
3395,116816737475,0
3396,75286965941,40
3397,59700387,186890
3398,49960028,80
3399,9925945709,790
3400,43045099605,20
3401,283519909181,70
3402,1097940893,180
3403,36901077,354850
3404,1264723438,350
3405,116816737475,0
3406,116816737475,0
3407,116816737475,0
3408,116816737475,0
3409,1889443495,2390
3410,98935957,90
3411,116816737475,0
3412,116816737475,0
3413,138947389494,60
3414,116816737475,0
3415,26344374,393290
3416,116816737475,0
3417,676476167,210
3418,116816737475,0
3419,75286965941,40
3420,11085939511,930
3421,75286965941,40
3422,116816737475,0
3423,144553899538,30
3424,43045099605,20
3425,116816737475,0
3426,116816737475,0
3427,48194665,307520
3428,43045099605,20
3429,116816737475,0
3430,2761532850,2210
3431,3609826556,25170
3432,23104439,74640
3433,116816737475,0
3434,116816737475,0
3435,1258753930,190
3436,2894129660,550
3437,116816737475,0
3438,116816737475,0
3439,116816737475,0
3440,190176097995,50
3441,2341525039,2400
3442,4916100688,1530
3443,46578431,363050
3444,116816737475,0
3445,116816737475,0
3446,60616469599,10
3447,116816737475,0
3448,6766549955,1900
3449,1176994245,45970
3450,116816737475,0
3451,144553899538,30
3452,918874086,160
3453,1904076501,430
3454,75286965941,40
3455,49960028,80
3456,43045099605,20
3457,116816737475,0
3458,15038246962,1030
3459,116816737475,0
3460,190176097995,50
3461,75286965941,40
3462,14765119932,1890
3463,116816737475,0
3464,75286965941,40
3465,116816737475,0
3466,116816737475,0
3467,43045099605,20
3468,4439027966,2570
3469,2894129660,550
3470,116816737475,0
3471,43045099605,20
3472,116816737475,0
3473,75286965941,40
3474,116816737475,0
3475,43045099605,20
3476,116816737475,0
3477,116816737475,0
3478,285189160,50
3479,108372239,127290
3480,7874409462,470
3481,116816737475,0
3482,43045099605,20
3483,116816737475,0
3484,116816737475,0
3485,2501198098,350
3486,3059073083,1740
3487,75286965941,40
3488,116816737475,0
3489,1258753930,190
3490,116816737475,0
3491,60616469599,10
3492,116816737475,0
3493,116816737475,0
3494,49960028,80
3495,60616469599,10
3496,116816737475,0
3497,1757420726,2560
3498,116816737475,0
3499,116816737475,0
3500,116816737475,0
3501,116816737475,0
3502,43045099605,20
3503,8300226623,2280
3504,60616469599,10
3505,116816737475,0
3506,3059073083,1740
3507,98935957,90
3508,60616469599,10
3509,40126726,187560
3510,116816737475,0
3511,116816737475,0
3512,116816737475,0
3513,138947389494,60
3514,75286965941,40
3515,116816737475,0
3516,116816737475,0
3517,116816737475,0
3518,116816737475,0
3519,116816737475,0
3520,116816737475,0
3521,116816737475,0
3522,7322005767,2930
3523,2411636342,52860
3524,116816737475,0
3525,116816737475,0
3526,138947389494,60
3527,25057716043,5670
3528,60616469599,10
3529,22639532,37330
3530,116816737475,0
3531,60616469599,10
3532,144553899538,30
3533,116816737475,0
3534,3988892888,260
3535,1303714018,260
3536,60616469599,10
3537,190176097995,50
3538,2077153439,58790
3539,116816737475,0
3540,116816737475,0
3541,116816737475,0
3542,116816737475,0
3543,116816737475,0
3544,60616469599,10
3545,60616469599,10
3546,75286965941,40
3547,116816737475,0
3548,116816737475,0
3549,49960028,80
3550,65805990,201610
3551,116816737475,0
3552,116816737475,0
3553,116816737475,0
3554,116816737475,0
3555,116816737475,0
3556,1671664089,53890
3557,116816737475,0
3558,116816737475,0
3559,138947389494,60
3560,3719566320,2200
3561,43045099605,20
3562,1215684779,2300
3563,2634385020,40170
3564,116816737475,0
3565,116816737475,0
3566,222193951,110
3567,116816737475,0
3568,1059708818,290
3569,116816737475,0
3570,10897253578,22110
3571,116816737475,0
3572,144553899538,30
3573,1135028830,73380
3574,7730030261,7160
3575,138947389494,60
3576,116816737475,0
3577,116816737475,0
3578,4827481255,1980
3579,98935957,90
3580,190176097995,50
3581,116816737475,0
3582,138947389494,60
3583,144553899538,30
3584,116816737475,0
3585,3059073083,1740
3586,116816737475,0
3587,116816737475,0
3588,116816737475,0
3589,846485190,140
3590,55901086,180390
3591,3246361691,37280
3592,801159932,150
3593,116816737475,0
3594,3607585520,1790
3595,116816737475,0
3596,2218001336,1760
3597,116816737475,0
3598,1332024290,54210
3599,116816737475,0
3600,5645748511,1840
3601,43045099605,20
3602,445305940,130
3603,75286965941,40
3604,43045099605,20
3605,144553899538,30
3606,60616469599,10
3607,138947389494,60
3608,116816737475,0
3609,138947389494,60
3610,116816737475,0
3611,116816737475,0
3612,43045099605,20
3613,116816737475,0
3614,76024912,163620
3615,116816737475,0
3616,75286965941,40
3617,1710496816,2500
3618,445305940,130
3619,138947389494,60
3620,6911214271,4270
3621,3889996691,13890
3622,116816737475,0
3623,116816737475,0
3624,116816737475,0
3625,49960028,80
3626,116816737475,0
3627,75286965941,40
3628,21016270910,3550
3629,116816737475,0
3630,16302733481,4900
3631,116816737475,0
3632,116816737475,0
3633,116816737475,0
3634,846485190,140
3635,116816737475,0
3636,116816737475,0
3637,60616469599,10
3638,801159932,150
3639,116816737475,0
3640,116816737475,0
3641,116816737475,0
3642,144553899538,30
3643,60616469599,10
3644,90402881,174680
3645,44278587,267700
3646,116816737475,0
3647,116816737475,0
3648,116816737475,0
3649,116816737475,0
3650,116816737475,0
3651,1059708818,290
3652,116816737475,0
3653,116816737475,0
3654,116816737475,0
3655,116816737475,0
3656,116816737475,0
3657,5091399584,2470
3658,116816737475,0
3659,2322907479,1700
3660,116816737475,0
3661,116816737475,0
3662,190176097995,50
3663,49960028,80
3664,75286965941,40
3665,116816737475,0
3666,116816737475,0
3667,116816737475,0
3668,116816737475,0
3669,116816737475,0
3670,75286965941,40
3671,283519909181,70
3672,116816737475,0
3673,116816737475,0
3674,144553899538,30
3675,116816737475,0
3676,6591072636,6300
3677,116816737475,0
3678,116816737475,0
3679,60616469599,10
3680,116816737475,0
3681,4063754464,2410
3682,773002611,87370
3683,73582077,205080
3684,49960028,80
3685,116816737475,0
3686,116816737475,0
3687,4868604883,3570
3688,116816737475,0
3689,455765059,170
3690,116816737475,0
3691,43045099605,20
3692,1258753930,190
3693,116816737475,0
3694,116816737475,0
3695,116816737475,0
3696,49960028,80
3697,116816737475,0
3698,116816737475,0
3699,116816737475,0
3700,116816737475,0
3701,840673330,62800
3702,116816737475,0
3703,54179762,331520
3704,116816737475,0
3705,2356723910,1580
3706,1590010397,330
3707,6435301767,1560
3708,116816737475,0
3709,116816737475,0
3710,222193951,110
3711,116816737475,0
3712,5437569418,480
3713,33948516,285130
3714,60616469599,10
3715,116816737475,0
3716,75286965941,40
3717,75286965941,40
3718,138947389494,60
3719,116816737475,0
3720,2067588320,2780
3721,4615246157,2220
3722,190176097995,50
3723,116816737475,0
3724,138947389494,60
3725,116816737475,0
3726,116816737475,0
3727,43045099605,20
3728,190176097995,50
3729,116816737475,0
3730,116816737475,0
3731,5288391028,3850
3732,75286965941,40
3733,6440712739,1410
3734,594161423,200
3735,116816737475,0
3736,116816737475,0
3737,60616469599,10
3738,205441720,18770
3739,138947389494,60
3740,43045099605,20
3741,60616469599,10
3742,116816737475,0
3743,7636050387,1680
3744,116816737475,0
3745,116816737475,0
3746,60616469599,10
3747,43045099605,20
3748,205864316,100
3749,1710496816,2500
3750,9434802412,3340
3751,116816737475,0
3752,116816737475,0
3753,116816737475,0
3754,116816737475,0
3755,1037641820,78460
3756,60616469599,10
3757,43045099605,20
3758,2730161276,50040
3759,4805056436,1930
3760,75286965941,40
3761,116816737475,0
3762,43045099605,20
3763,49960028,80
3764,116816737475,0
3765,49960028,80
3766,116816737475,0
3767,1222212354,230
3768,98935957,90
3769,138947389494,60
3770,116816737475,0
3771,116816737475,0
3772,116816737475,0
3773,116816737475,0
3774,116816737475,0
3775,116816737475,0
3776,116816737475,0
3777,190176097995,50
3778,75286965941,40
3779,6085571703,7770
3780,116816737475,0
3781,116816737475,0
3782,1896543682,250
3783,7766952957,4370
3784,116816737475,0
3785,116816737475,0
3786,116816737475,0
3787,116816737475,0
3788,43045099605,20
3789,116816737475,0
3790,116816737475,0
3791,536334581,270
3792,60616469599,10
3793,445305940,130
3794,116816737475,0
3795,116816737475,0
3796,75286965941,40
3797,60616469599,10
3798,1931359573,420
3799,6461935609,960
3800,2854848331,1640
3801,43045099605,20
3802,116816737475,0
3803,138947389494,60
3804,14052625437,500
3805,60616469599,10
3806,1454371966,55040
3807,5682269173,3320
3808,75286965941,40
3809,3307713300,220
3810,116816737475,0
3811,222193951,110
3812,60616469599,10
3813,43045099605,20
3814,1161313702,2090
3815,205864316,100
3816,43045099605,20
3817,4934908781,2660
3818,75286965941,40
3819,2682100649,620
3820,8485256525,1210
3821,1130589359,240
3822,138947389494,60
3823,116816737475,0
3824,302859323,73070
3825,116816737475,0
3826,6499706129,6720
3827,116816737475,0
3828,116816737475,0
3829,285189160,50
3830,9747837344,1670
3831,116816737475,0
3832,493915872,61050
3833,116816737475,0
3834,205864316,100
3835,60616469599,10
3836,116816737475,0
3837,283519909181,70
3838,18296282435,2130
3839,4916100688,1530
3840,116816737475,0
3841,116816737475,0
3842,116816737475,0
3843,116816737475,0
3844,190176097995,50
3845,116816737475,0
3846,60616469599,10
3847,60616469599,10
3848,116816737475,0
3849,54851534,353230
3850,116816737475,0
3851,116816737475,0
3852,116816737475,0
3853,60616469599,10
3854,47410229,194650
3855,43045099605,20
3856,116816737475,0
3857,116816737475,0
3858,116816737475,0
3859,43045099605,20
3860,116816737475,0
3861,1793385163,310
3862,116816737475,0
3863,60616469599,10
3864,49960028,80
3865,116816737475,0
3866,43045099605,20
3867,116816737475,0
3868,75286965941,40
3869,3991899545,1490
3870,116816737475,0
3871,1638186750,240
3872,116816737475,0
3873,49960028,80
3874,138947389494,60
3875,60616469599,10
3876,1005164830,2020
3877,60616469599,10
3878,4292870147,9650
3879,116816737475,0
3880,116816737475,0
3881,116816737475,0
3882,116816737475,0
3883,138947389494,60
3884,116816737475,0
3885,2218001336,1760
3886,75286965941,40
3887,43045099605,20
3888,222193951,110
3889,13709144471,940
3890,1472914924,13720
3891,5741399606,1330
3892,116816737475,0
3893,116816737475,0
3894,43045099605,20
3895,75286965941,40
3896,144553899538,30
3897,116816737475,0
3898,43045099605,20
3899,9707384593,3370
3900,144553899538,30
3901,144553899538,30
3902,60616469599,10
3903,116816737475,0
3904,15344933765,2500
3905,2968861136,38920
3906,75286965941,40
3907,3185421795,48460
3908,116816737475,0
3909,144553899538,30
3910,60616469599,10
3911,98935957,90
3912,1956261898,2240
3913,116816737475,0
3914,60616469599,10
3915,60616469599,10
3916,116816737475,0
3917,49960028,80
3918,13922385,39060
3919,116816737475,0
3920,1258753930,190
3921,116816737475,0
3922,2067588320,2780
3923,5156011179,1430
3924,116816737475,0
3925,116816737475,0
3926,116816737475,0
3927,190176097995,50
3928,138947389494,60
3929,116816737475,0
3930,116816737475,0
3931,116816737475,0
3932,43045099605,20
3933,57065928,109250
3934,138947389494,60
3935,1889443495,2390
3936,116816737475,0
3937,684757520,18420
3938,116816737475,0
3939,116816737475,0
3940,60616469599,10
3941,116816737475,0
3942,116816737475,0
3943,116816737475,0
3944,801159932,150
3945,109315702,134800
3946,75286965941,40
3947,3873173306,3180
3948,116816737475,0
3949,116816737475,0
3950,116816737475,0
3951,75286965941,40
3952,283519909181,70
3953,116816737475,0
3954,116816737475,0
3955,138947389494,60
3956,116816737475,0
3957,116816737475,0
3958,116816737475,0
3959,116816737475,0
3960,2254230439,210
3961,116816737475,0
3962,138947389494,60
3963,116816737475,0
3964,43045099605,20
3965,116816737475,0
3966,116816737475,0
3967,138947389494,60
3968,116816737475,0
3969,116816737475,0
3970,116816737475,0
3971,116816737475,0
3972,116816737475,0
3973,116816737475,0
3974,116816737475,0
3975,205864316,100
3976,75286965941,40
3977,205864316,100
3978,116816737475,0
3979,116816737475,0
3980,116816737475,0
3981,283519909181,70
3982,116816737475,0
3983,116816737475,0
3984,1851731580,280
3985,3051337586,2310
3986,116816737475,0
3987,116816737475,0
3988,116816737475,0
3989,43045099605,20
3990,116816737475,0
3991,116816737475,0
3992,60616469599,10
3993,5582797462,2650
3994,116816737475,0
3995,116816737475,0
3996,4846697301,3050
3997,116816737475,0
3998,43045099605,20
3999,116816737475,0
4000,116816737475,0
4001,283519909181,70
4002,3785983854,43380
4003,3081416981,1920
4004,43045099605,20
4005,3399341067,2340
4006,116816737475,0
4007,116816737475,0
4008,116816737475,0
4009,138947389494,60
4010,116816737475,0
4011,116816737475,0
4012,116816737475,0
4013,116816737475,0
4014,49960028,80
4015,116816737475,0
4016,116816737475,0
4017,116816737475,0
4018,75286965941,40
4019,116816737475,0
4020,69279412,99530
4021,116816737475,0
4022,116816737475,0
4023,2735894371,510
4024,138947389494,60
4025,75286965941,40
4026,116816737475,0
4027,5156011179,1430
4028,116816737475,0
4029,116816737475,0
4030,8535611755,5840
4031,49960028,80
4032,116816737475,0
4033,271161080,84030
4034,2322907479,1700
4035,116816737475,0
4036,9316371866,1240
4037,116816737475,0
4038,116816737475,0
4039,43045099605,20
4040,116816737475,0
4041,60616469599,10
4042,43045099605,20
4043,116816737475,0
4044,116816737475,0
4045,43045099605,20
4046,75286965941,40
4047,116816737475,0
4048,190176097995,50
4049,116816737475,0
4050,4637696052,750
4051,83312121,127670
4052,60616469599,10
4053,2067588320,2780
4054,801159932,150
4055,3102896069,460
4056,116816737475,0
4057,43045099605,20
4058,116816737475,0
4059,116816737475,0
4060,60616469599,10
4061,43045099605,20
4062,3607585520,1790
4063,116816737475,0
4064,8028119038,1060
4065,116816737475,0
4066,116816737475,0
4067,116816737475,0
4068,116816737475,0
4069,222193951,110
4070,116816737475,0
4071,178181036,18700
4072,116816737475,0
4073,7636050387,1680
4074,116816737475,0
4075,116816737475,0
4076,116816737475,0
4077,116816737475,0
4078,12022564555,950
4079,75286965941,40
4080,951316791,230
4081,116816737475,0
4082,60616469599,10
4083,116816737475,0
4084,75286965941,40
4085,116816737475,0
4086,6377874094,2510
4087,60616469599,10
4088,116816737475,0
4089,222193951,110
4090,116816737475,0
4091,116816737475,0
4092,1215684779,2300
4093,60616469599,10
4094,116816737475,0
4095,60616469599,10
4096,116816737475,0
4097,49960028,80
4098,116816737475,0
4099,116816737475,0
4100,116816737475,0
4101,116816737475,0
4102,116816737475,0
4103,116816737475,0
4104,43045099605,20
4105,116816737475,0
4106,13550284813,5980
4107,116816737475,0
4108,1057873764,80490
4109,75286965941,40
4110,116816737475,0
4111,138947389494,60
4112,43045099605,20
4113,222193951,110
4114,445305940,130
4115,116816737475,0
4116,190176097995,50
4117,116816737475,0
4118,116816737475,0
4119,75286965941,40
4120,138947389494,60
4121,1410761348,120
4122,25536611,213890
4123,116816737475,0
4124,116816737475,0
4125,144553899538,30
4126,144553899538,30
4127,4079512130,40900
4128,116816737475,0
4129,116816737475,0
4130,144553899538,30
4131,43045099605,20
4132,60616469599,10
4133,116816737475,0
4134,6885141324,1040
4135,116816737475,0
4136,2439645419,2530
4137,43045099605,20
4138,1363322724,130
4139,116816737475,0
4140,13693877289,4760
4141,116816737475,0
4142,116816737475,0
4143,116816737475,0
4144,43045099605,20
4145,116816737475,0
4146,60616469599,10
4147,2331373838,3260
4148,116816737475,0
4149,138947389494,60
4150,116816737475,0
4151,49960028,80
4152,60616469599,10
4153,116816737475,0
4154,75286965941,40
4155,170483447,120
4156,116816737475,0
4157,116816737475,0
4158,60616469599,10
4159,116816737475,0
4160,11396447422,3450
4161,116816737475,0
4162,60616469599,10
4163,116816737475,0
4164,4649651882,310
4165,60616469599,10
4166,2761532850,2210
4167,116816737475,0
4168,43045099605,20
4169,801159932,150
4170,116816737475,0
4171,116816737475,0
4172,43045099605,20
4173,116816737475,0
4174,116816737475,0
4175,116816737475,0
4176,116816737475,0
4177,116816737475,0
4178,36258428,202080
4179,43045099605,20
4180,43045099605,20
4181,43045099605,20
4182,138947389494,60
4183,116816737475,0
4184,43045099605,20
4185,60616469599,10
4186,43045099605,20
4187,37733705,356010
4188,116816737475,0
4189,190176097995,50
4190,2162400270,250
4191,116816737475,0
4192,43045099605,20
4193,43045099605,20
4194,116816737475,0
4195,190176097995,50
4196,4063754464,2410
4197,205864316,100
4198,144553899538,30
4199,116816737475,0
4200,60616469599,10
4201,116816737475,0
4202,116816737475,0
4203,116816737475,0
4204,13510447797,4990
4205,116816737475,0
4206,144553899538,30
4207,222193951,110
4208,43045099605,20
4209,285189160,50
4210,14335382265,730
4211,116816737475,0
4212,2964565797,890
4213,116816737475,0
4214,138947389494,60
4215,217247066,58260
4216,116816737475,0
4217,116816737475,0
4218,116816737475,0
4219,49960028,80
4220,116816737475,0
4221,43045099605,20
4222,116816737475,0
4223,75286965941,40
4224,1904076501,430
4225,49960028,80
4226,222193951,110
4227,116816737475,0
4228,116816737475,0
4229,116816737475,0
4230,116816737475,0
4231,43045099605,20
4232,49960028,80
4233,801159932,150
4234,116816737475,0
4235,116816737475,0
4236,43045099605,20
4237,116816737475,0
4238,116816737475,0
4239,116816737475,0
4240,116816737475,0
4241,75286965941,40
4242,116816737475,0
4243,116816737475,0
4244,116816737475,0
4245,116816737475,0
4246,116816737475,0
4247,6103585919,1150
4248,116816737475,0
4249,43045099605,20
4250,144553899538,30
4251,116816737475,0
4252,116816737475,0
4253,116816737475,0
4254,116816737475,0
4255,116816737475,0
4256,144553899538,30
4257,116816737475,0
4258,81381359,165450
4259,1638186750,240
4260,2324027291,780
4261,10295355176,860
4262,36257223,64540
4263,170483447,120
4264,116816737475,0
4265,4649651882,310
4266,116816737475,0
4267,116816737475,0
4268,2444290252,2810
4269,116816737475,0
4270,16788640877,1350
4271,60616469599,10
4272,8154002699,1350
4273,116816737475,0
4274,138947389494,60
4275,5012459814,3500
4276,116816737475,0
4277,6476305066,1440
4278,977028499,180
4279,1729021994,62600
4280,1182483094,17060
4281,144553899538,30
4282,75286965941,40
4283,455765059,170
4284,116816737475,0
4285,60616469599,10
4286,98935957,90
4287,49960028,80
4288,205864316,100
4289,4090631004,1460
4290,5645748511,1840
4291,205864316,100
4292,116816737475,0
4293,131630869,88110
4294,75286965941,40
4295,918874086,160
4296,9238295548,4590
4297,190176097995,50
4298,144553899538,30
4299,5213118717,480
4300,28568415926,910
4301,43045099605,20
4302,845862066,64120
4303,15822965022,1250
4304,116816737475,0
4305,2420681464,70
4306,116816737475,0
4307,75286965941,40
4308,116816737475,0
4309,98935957,90
4310,144553899538,30
4311,116816737475,0
4312,116816737475,0
4313,43045099605,20
4314,138947389494,60
4315,3144955296,570
4316,116816737475,0
4317,116816737475,0
4318,14272390780,1000
4319,116816737475,0
4320,116816737475,0
4321,116816737475,0
4322,43045099605,20
4323,116816737475,0
4324,116816737475,0
4325,116816737475,0
4326,116816737475,0
4327,144553899538,30
4328,116816737475,0
4329,60616469599,10
4330,43045099605,20
4331,75286965941,40
4332,116816737475,0
4333,116816737475,0
4334,801159932,150
4335,43045099605,20
4336,918874086,160
4337,43045099605,20
4338,2682100649,620
4339,43045099605,20
4340,40328721,27050
4341,116816737475,0
4342,116816737475,0
4343,60616469599,10
4344,348026545,19880
4345,116816737475,0
4346,190176097995,50
4347,190176097995,50
4348,445305940,130
4349,116816737475,0
4350,116816737475,0
4351,116816737475,0
4352,116816737475,0
4353,116816737475,0
4354,205864316,100
4355,75286965941,40
4356,43045099605,20
4357,116816737475,0
4358,116816737475,0
4359,3085526087,380
4360,43045099605,20
4361,116816737475,0
4362,43045099605,20
4363,9238295548,4590
4364,1258753930,190
4365,205864316,100
4366,4471121337,2260
4367,116816737475,0
4368,43045099605,20
4369,2307644621,2680
4370,1161313702,2090
4371,116816737475,0
4372,116816737475,0
4373,116816737475,0
4374,2291862120,55380
4375,116816737475,0
4376,116816737475,0
4377,43045099605,20
4378,4187008360,2290
4379,116816737475,0
4380,75286965941,40
4381,60616469599,10
4382,116816737475,0
4383,116816737475,0
4384,116816737475,0
4385,4970135994,2890
4386,6181971206,1990
4387,1460317637,69650
4388,116816737475,0
4389,170483447,120
4390,116816737475,0
4391,75286965941,40
4392,116816737475,0
4393,116816737475,0
4394,43045099605,20
4395,116816737475,0
4396,116816737475,0
4397,536334581,270
4398,116816737475,0
4399,670234058,20
4400,5682269173,3320
4401,116816737475,0
4402,116816737475,0
4403,144553899538,30
4404,43045099605,20
4405,56063270,296770
4406,116816737475,0
4407,116816737475,0
4408,116816737475,0
4409,116816737475,0
4410,116816737475,0
4411,836353721,80
4412,1902296328,390
4413,205864316,100
4414,4916100688,1530
4415,43045099605,20
4416,116816737475,0
4417,116816737475,0
4418,116816737475,0
4419,116816737475,0
4420,116816737475,0
4421,116816737475,0
4422,116816737475,0
4423,116816737475,0
4424,75286965941,40
4425,2832755133,41520
4426,283519909181,70
4427,8203645108,680
4428,116816737475,0
4429,116816737475,0
4430,144553899538,30
4431,2329474936,2050
4432,75286965941,40
4433,283519909181,70
4434,43045099605,20
4435,966660580,76360
4436,60616469599,10
4437,190176097995,50
4438,116816737475,0
4439,144553899538,30
4440,2228192960,2440
4441,18904534798,2860
4442,621632093,96800
4443,60616469599,10
4444,1178509012,60
4445,457083030,61020
4446,43045099605,20
4447,116816737475,0
4448,116816737475,0
4449,75286965941,40
4450,43045099605,20
4451,13690307505,1680
4452,40170266,231530
4453,43045099605,20
4454,6798075392,1660
4455,116816737475,0
4456,116816737475,0
4457,116816737475,0
4458,116816737475,0
4459,75286965941,40
4460,60616469599,10
4461,116816737475,0
4462,49960028,80
4463,116816737475,0
4464,138947389494,60
4465,43045099605,20
4466,116816737475,0
4467,7018278428,1340
4468,7018278428,1340
4469,6548075884,1670
4470,12177520,62090
4471,116816737475,0
4472,1724158807,360
4473,116816737475,0
4474,43045099605,20
4475,116816737475,0
4476,116816737475,0
4477,116816737475,0
4478,49960028,80
4479,170483447,120
4480,116816737475,0
4481,116816737475,0
4482,43045099605,20
4483,836353721,80
4484,60616469599,10
4485,43045099605,20
4486,116816737475,0
4487,116816737475,0
4488,116816737475,0
4489,1222212354,230
4490,116816737475,0
4491,60616469599,10
4492,116816737475,0
4493,283519909181,70
4494,116816737475,0
4495,7224778006,1120
4496,144553899538,30
4497,116816737475,0
4498,116816737475,0
4499,116816737475,0
4500,43045099605,20
4501,2189724947,420
4502,25027443892,4560
4503,207720719,19300
4504,60616469599,10
4505,98935957,90
4506,116816737475,0
4507,1316503233,2700
4508,7885836119,2040
4509,116816737475,0
4510,60616469599,10
4511,43045099605,20
4512,116816737475,0
4513,43045099605,20
4514,60616469599,10
4515,75286965941,40
4516,977028499,180
4517,59576997,333570
4518,116816737475,0
4519,116816737475,0
4520,116816737475,0
4521,3179886486,300
4522,116816737475,0
4523,3165821340,200
4524,116816737475,0
4525,116816737475,0
4526,283519909181,70
4527,15507532614,1630
4528,190176097995,50
4529,98935957,90
4530,116816737475,0
4531,43045099605,20
4532,116816737475,0
4533,116816737475,0
4534,67397181,154280
4535,2339603815,320
4536,7874409462,470
4537,116816737475,0
4538,116816737475,0
4539,60616469599,10
4540,7885836119,2040
4541,75286965941,40
4542,7420932243,1780
4543,116816737475,0
4544,43045099605,20
4545,338356051,78780
4546,116816737475,0
4547,116816737475,0
4548,116816737475,0
4549,60616469599,10
4550,116816737475,0
4551,516145840,57740
4552,60616469599,10
4553,3921374985,520
4554,43045099605,20
4555,170483447,120
4556,116816737475,0
4557,116816737475,0
4558,1363322724,130
4559,60616469599,10
4560,6568659751,370
4561,116816737475,0
4562,4105301570,4680
4563,35049355,181830
4564,116816737475,0
4565,116816737475,0
4566,116816737475,0
4567,60616469599,10
4568,116816737475,0
4569,4363374203,1520
4570,116816737475,0
4571,116816737475,0
4572,1130589359,240
4573,43045099605,20
4574,2827205495,530
4575,222193951,110
4576,1889443495,2390
4577,205864316,100
4578,116816737475,0
4579,116816737475,0
4580,43045099605,20
4581,1264723438,350
4582,116816737475,0
4583,60616469599,10
4584,2993211148,25980
4585,170483447,120
4586,43045099605,20
4587,116816737475,0
4588,1638186750,240
4589,43045099605,20
4590,116816737475,0
4591,116816737475,0
4592,21548869240,6110
4593,138947389494,60
4594,1059708818,290
4595,984500550,42830
4596,116816737475,0
4597,50882996,235050
4598,144553899538,30
4599,918874086,160
4600,116816737475,0
4601,58585282,24960
4602,116816737475,0
4603,144553899538,30
4604,116816737475,0
4605,43045099605,20
4606,138947389494,60
4607,34830799,288550
4608,43045099605,20
4609,116816737475,0
4610,98935957,90
4611,116816737475,0
4612,75286965941,40
4613,98935957,90
4614,60616469599,10
4615,5186465691,2480
4616,5028030388,1720
4617,144553899538,30
4618,116816737475,0
4619,116816737475,0
4620,43045099605,20
4621,116816737475,0
4622,26668426,30330
4623,116816737475,0
4624,138947389494,60
4625,2067588320,2780
4626,116816737475,0
4627,116816737475,0
4628,116816737475,0
4629,116816737475,0
4630,116816737475,0
4631,116816737475,0
4632,116816737475,0
4633,3457850989,520
4634,116816737475,0
4635,43045099605,20
4636,5417518269,1500
4637,34353045,49580
4638,801159932,150
4639,116816737475,0
4640,116816737475,0
4641,75286965941,40
4642,5053392965,8140
4643,116816737475,0
4644,116816737475,0
4645,5230289381,1050
4646,116816737475,0
4647,205864316,100
4648,116816737475,0
4649,116816737475,0
4650,190176097995,50
4651,116816737475,0
4652,75286965941,40
4653,116816737475,0
4654,116816737475,0
4655,116816737475,0
4656,49960028,80
4657,60616469599,10
4658,911383850,57610
4659,116816737475,0
4660,116816737475,0
4661,116816737475,0
4662,116816737475,0
4663,116816737475,0
4664,190176097995,50
4665,2964596102,460
4666,116816737475,0
4667,75286965941,40
4668,116816737475,0
4669,43045099605,20
4670,43045099605,20
4671,43045099605,20
4672,283519909181,70
4673,49960028,80
4674,98935957,90
4675,116816737475,0
4676,3014859691,52220
4677,116816737475,0
4678,50485794,296340
4679,21611412556,6990
4680,429810833,17490
4681,116816737475,0
4682,116816737475,0
4683,116816737475,0
4684,3339435635,13420
4685,116816737475,0
4686,60041200,199180
4687,39581267,364370
4688,6944412204,580
4689,116816737475,0
4690,116816737475,0
4691,116816737475,0
4692,60616469599,10
4693,116816737475,0
4694,8508768096,10070
4695,116816737475,0
4696,190176097995,50
4697,144553899538,30
4698,26080316739,5700
4699,75286965941,40
4700,116816737475,0
4701,116816737475,0
4702,116816737475,0
4703,43045099605,20
4704,116816737475,0
4705,75286965941,40
4706,43045099605,20
4707,1535884552,1610
4708,3976150422,700
4709,75286965941,40
4710,846485190,140
4711,116816737475,0
4712,46512212,220130
4713,918874086,160
4714,116816737475,0
4715,116816737475,0
4716,43045099605,20
4717,2501198098,350
4718,116816737475,0
4719,116816737475,0
4720,285189160,50
4721,283519909181,70
4722,116816737475,0
4723,116816737475,0
4724,116816737475,0
4725,75286965941,40
4726,2827205495,530
4727,268643972,87940
4728,116816737475,0
4729,116816737475,0
4730,116816737475,0
4731,116816737475,0
4732,3125401130,2010
4733,116816737475,0
4734,6651387372,1820
4735,60616469599,10
4736,116816737475,0
4737,116816737475,0
4738,116816737475,0
4739,116816737475,0
4740,43045099605,20
4741,144553899538,30
4742,116816737475,0
4743,2229008244,1600
4744,190176097995,50
4745,116816737475,0
4746,116816737475,0
4747,116816737475,0
4748,116816737475,0
4749,455765059,170
4750,116816737475,0
4751,116816737475,0
4752,116816737475,0
4753,116816737475,0
4754,116816737475,0
4755,49960028,80
4756,190176097995,50
4757,60616469599,10
4758,60616469599,10
4759,2228192960,2440
4760,11000979856,1960
4761,43045099605,20
4762,116816737475,0
4763,75286965941,40
4764,222193951,110
4765,43045099605,20
4766,75286965941,40
4767,116816737475,0
4768,3583599315,1950
4769,116816737475,0
4770,4119605056,3330
4771,2927615054,9660
4772,116816737475,0
4773,125230667,108780
4774,8509691936,3170
4775,144553899538,30
4776,116816737475,0
4777,116816737475,0
4778,594161423,200
4779,43045099605,20
4780,116816737475,0
4781,2444290252,2810
4782,1766970840,290
4783,49960028,80
4784,116816737475,0
4785,116816737475,0
4786,28387055496,4350
4787,4264567438,1540
4788,43045099605,20
4789,116816737475,0
4790,49960028,80
4791,190176097995,50
4792,116816737475,0
4793,60616469599,10
4794,170483447,120
4795,116816737475,0
4796,1889443495,2390
4797,712334518,18510
4798,7266994455,740
4799,60616469599,10
4800,75286965941,40
4801,116816737475,0
4802,43045099605,20
4803,116816737475,0
4804,116816737475,0
4805,116816737475,0
4806,7224778006,1120
4807,222193951,110
4808,116816737475,0
4809,60616469599,10
4810,116816737475,0
4811,285189160,50
4812,918874086,160
4813,6285752197,2120
4814,116816737475,0
4815,144553899538,30
4816,78422175,156230
4817,11957903726,1140
4818,4458054487,30870
4819,116816737475,0
4820,116816737475,0
4821,1853872352,52760
4822,2964565797,890
4823,116816737475,0
4824,2338171323,42400
4825,116816737475,0
4826,75286965941,40
4827,4827481255,1980
4828,43045099605,20
4829,43045099605,20
4830,60616469599,10
4831,676476167,210
4832,116816737475,0
4833,116816737475,0
4834,9316371866,1240
4835,1904076501,430
4836,116816737475,0
4837,116816737475,0
4838,43045099605,20
4839,116816737475,0
4840,60616469599,10
4841,5186465691,2480
4842,116816737475,0
4843,116816737475,0
4844,116816737475,0
4845,116816737475,0
4846,75286965941,40
4847,116816737475,0
4848,116816737475,0
4849,34127823,198070
4850,116816737475,0
4851,116816737475,0
4852,116816737475,0
4853,5812385806,410
4854,1535884552,1610
4855,4564481253,2270
4856,12129523526,4050
4857,47723547,163270
4858,122267866,144060
4859,3607585520,1790
4860,116816737475,0
4861,7005065876,1370
4862,2067588320,2780
4863,205864316,100
4864,116816737475,0
4865,222193951,110
4866,3544849928,590
4867,116816737475,0
4868,116816737475,0
4869,5909110929,2950
4870,116816737475,0
4871,116816737475,0
4872,54511536,207460
4873,432482354,83390
4874,190176097995,50
4875,5835516448,1750
4876,116816737475,0
4877,2734401992,3360
4878,8203645108,680
4879,116816737475,0
4880,116816737475,0
4881,58161381,246410
4882,43045099605,20
4883,60616469599,10
4884,138947389494,60
4885,43045099605,20
4886,455765059,170
4887,3492565770,370
4888,49960028,80
4889,72828609,22780
4890,2854848331,1640
4891,116816737475,0
4892,116816737475,0
4893,116816737475,0
4894,49960028,80
4895,57827589,227010
4896,190176097995,50
4897,116816737475,0
4898,116816737475,0
4899,116816737475,0
4900,116816737475,0
4901,116816737475,0
4902,2284692838,14870
4903,116816737475,0
4904,144553899538,30
4905,116816737475,0
4906,4363374203,1520
4907,53679504,209960
4908,116816737475,0
4909,116816737475,0
4910,1063558241,220
4911,116816737475,0
4912,116816737475,0
4913,6756607682,3640
4914,116816737475,0
4915,116816737475,0
4916,3988892888,260
4917,5883175202,600
4918,43045099605,20
4919,116816737475,0
4920,3186215098,10420
4921,222193951,110
4922,2296935148,57800
4923,49960028,80
4924,477392021,37030
4925,116816737475,0
4926,5003507500,760
4927,2761532850,2210
4928,116816737475,0
4929,283519909181,70
4930,116816737475,0
4931,60616469599,10
4932,116816737475,0
4933,116816737475,0
4934,116816737475,0
4935,116816737475,0
4936,116816737475,0
4937,116816737475,0
4938,116816737475,0
4939,2337037272,2800
4940,205864316,100
4941,6028467026,1850
4942,60616469599,10
4943,116816737475,0
4944,116816737475,0
4945,7413519207,10450
4946,43045099605,20
4947,10755816472,3660
4948,116816737475,0
4949,4461628361,920
4950,144553899538,30
4951,1063558241,220
4952,49960028,80
4953,116816737475,0
4954,170483447,120
4955,116816737475,0
4956,557824777,53770
4957,116816737475,0
4958,138947389494,60
4959,116816737475,0
4960,116816737475,0
4961,116816737475,0
4962,75286965941,40
4963,1363322724,130
4964,116816737475,0
4965,8198288676,1930
4966,2464082535,430
4967,116816737475,0
4968,43045099605,20
4969,116816737475,0
4970,2349730130,2820
4971,116816737475,0
4972,116816737475,0
4973,60616469599,10
4974,116816737475,0
4975,3259466021,43280
4976,6620864004,2920
4977,116816737475,0
4978,41549902,349200
4979,283519909181,70
4980,116816737475,0
4981,2144558868,1800
4982,3204249988,320
4983,116816737475,0
4984,116816737475,0
4985,7376765641,9060
4986,205864316,100
4987,64281237,195680
4988,790246084,71760
4989,6476305066,1440
4990,138947389494,60
4991,205864316,100
4992,138947389494,60
4993,2414103274,3000
4994,116816737475,0
4995,116816737475,0
4996,283519909181,70
4997,116816737475,0
4998,116816737475,0
4999,43045099605,20
5000,52839246,328570
5001,455765059,170
5002,116816737475,0
5003,5460206538,1860
5004,116816737475,0
5005,801159932,150
5006,43045099605,20
5007,359134654,20010
5008,98935957,90
5009,138947389494,60
5010,116816737475,0
5011,4928578463,1160
5012,43045099605,20
5013,75286965941,40
5014,116816737475,0
5015,116816737475,0
5016,116816737475,0
5017,116816737475,0
5018,116816737475,0
5019,7018278428,1340
5020,60616469599,10
5021,116816737475,0
5022,60616469599,10
5023,138947389494,60
5024,116816737475,0
5025,116816737475,0
5026,75286965941,40
5027,116816737475,0
5028,116816737475,0
5029,2827205495,530
5030,43045099605,20
5031,116816737475,0
5032,116816737475,0
5033,4649651882,310
5034,13476543119,3350
5035,116816737475,0
5036,75286965941,40
5037,116816737475,0
5038,116816737475,0
5039,116816737475,0
5040,235042144,104380
5041,116816737475,0
5042,1011834360,140
5043,116816737475,0
5044,2937913024,13140
5045,670234058,20
5046,116816737475,0
5047,43045099605,20
5048,116816737475,0
5049,43045099605,20
5050,49960028,80
5051,116816737475,0
5052,5835516448,1750
5053,7659883819,1940
5054,116816737475,0
5055,116816737475,0
5056,116816737475,0
5057,116816737475,0
5058,8169712860,500
5059,676476167,210
5060,43045099605,20
5061,7636050387,1680
5062,6731524135,540
5063,43045099605,20
5064,285189160,50
5065,2758526979,640
5066,43045099605,20
5067,5461951843,1290
5068,116816737475,0
5069,116816737475,0
5070,116816737475,0
5071,7451990210,620
5072,116816737475,0
5073,116816737475,0
5074,6766549955,1900
5075,116816737475,0
5076,116816737475,0
5077,60616469599,10
5078,116816737475,0
5079,43045099605,20
5080,116816737475,0
5081,116816737475,0
5082,3040343027,400
5083,205864316,100
5084,116816737475,0
5085,116816737475,0
5086,116816737475,0
5087,116816737475,0
5088,60616469599,10
5089,15038246962,1030
5090,25164819,104690
5091,116816737475,0
5092,116816737475,0
5093,7961268697,10
5094,116816737475,0
5095,60616469599,10
5096,222193951,110
5097,38930918,201150
5098,1667196167,190
5099,116816737475,0
5100,60616469599,10
5101,116816737475,0
5102,116816737475,0
5103,116816737475,0
5104,116816737475,0
5105,4868604883,3570
5106,445305940,130
5107,116816737475,0
5108,5028030388,1720
5109,75286965941,40
5110,116816737475,0
5111,60616469599,10
5112,116816737475,0
5113,18871228727,2000
5114,190176097995,50
5115,1721495362,53980
5116,6461935609,960
5117,116816737475,0
5118,75286965941,40
5119,2026403412,400
5120,43045099605,20
5121,116816737475,0
5122,5091399584,2470
5123,676476167,210
5124,116816737475,0
5125,5437569418,480
5126,116816737475,0
5127,138947389494,60
5128,3719566320,2200
5129,130353063,117700
5130,116816737475,0
5131,116816737475,0
5132,116816737475,0
5133,2969884342,490
5134,4842958625,780
5135,3835692567,12300
5136,43045099605,20
5137,144553899538,30
5138,445305940,130
5139,116816737475,0
5140,116816737475,0
5141,60616469599,10
5142,116816737475,0
5143,83897079,209620
5144,116816737475,0
5145,283519909181,70
5146,283519909181,70
5147,116816737475,0
5148,471821432,94640
5149,116816737475,0
5150,49960028,80
5151,138947389494,60
5152,116816737475,0
5153,2144558868,1800
5154,116816737475,0
5155,116816737475,0
5156,116816737475,0
5157,6103585919,1150
5158,116816737475,0
5159,43045099605,20
5160,4898057167,24610
5161,116816737475,0
5162,116816737475,0
5163,116816737475,0
5164,190176097995,50
5165,977028499,180
5166,60616469599,10
5167,116816737475,0
5168,116816737475,0
5169,116816737475,0
5170,116816737475,0
5171,8170530726,8260
5172,222193951,110
5173,116816737475,0
5174,116816737475,0
5175,116816737475,0
5176,144553899538,30
5177,116816737475,0
5178,43045099605,20
5179,55470333,383410
5180,116816737475,0
5181,3991899545,1490
5182,43045099605,20
5183,116816737475,0
5184,75286965941,40
5185,3763740622,1690
5186,116816737475,0
5187,60616469599,10
5188,3307713300,220
5189,283519909181,70
5190,138947389494,60
5191,116816737475,0
5192,116816737475,0
5193,116816737475,0
5194,60616469599,10
5195,116816737475,0
5196,116816737475,0
5197,138947389494,60
5198,116816737475,0
5199,116816737475,0
5200,60616469599,10
5201,43045099605,20
5202,38656826,258190
5203,116816737475,0
5204,116816737475,0
5205,116816737475,0
5206,283519909181,70
5207,2228192960,2440
5208,2426937628,5340
5209,1178509012,60
5210,116816737475,0
5211,11929709787,4330
5212,3204249988,320
5213,116816737475,0
5214,144553899538,30
5215,116816737475,0
5216,116816737475,0
5217,75286965941,40
5218,37955812428,10970
5219,116816737475,0
5220,14991965593,8990
5221,4649651882,310
5222,222193951,110
5223,116816737475,0
5224,116816737475,0
5225,116816737475,0
5226,60616469599,10
5227,977028499,180
5228,43045099605,20
5229,116816737475,0
5230,116816737475,0
5231,190176097995,50
5232,170483447,120
5233,116816737475,0
5234,116816737475,0
5235,222193951,110
5236,116816737475,0
5237,138947389494,60
5238,8314356626,1400
5239,5603170552,2100
5240,116816737475,0
5241,116816737475,0
5242,98935957,90
5243,43045099605,20
5244,1339055394,110
5245,1210018757,54440
5246,114195835,21740
5247,43045099605,20
5248,116816737475,0
5249,116816737475,0
5250,4860072101,2730
5251,396241828,99270
5252,4264567438,1540
5253,116816737475,0
5254,116816737475,0
5255,75286965941,40
5256,116816737475,0
5257,8906238933,7320
5258,49960028,80
5259,171272770,124000
5260,116816737475,0
5261,144553899538,30
5262,352168170,15430
5263,60616469599,10
5264,190176097995,50
5265,138947389494,60
5266,75286965941,40
5267,43045099605,20
5268,98935957,90
5269,60616469599,10
5270,144553899538,30
5271,116816737475,0
5272,116816737475,0
5273,116816737475,0
5274,190176097995,50
5275,116816737475,0
5276,116816737475,0
5277,283519909181,70
5278,3019373451,13010
5279,75286965941,40
5280,60616469599,10
5281,116816737475,0
5282,60616469599,10
5283,116816737475,0
5284,144553899538,30
5285,116816737475,0
5286,3489059573,2760
5287,116816737475,0
5288,116816737475,0
5289,116816737475,0
5290,43045099605,20
5291,4839488742,12570
5292,237451493,101910
5293,116816737475,0
5294,1535884552,1610
5295,2356723910,1580
5296,116816737475,0
5297,116816737475,0
5298,116816737475,0
5299,116816737475,0
5300,329027517,20220
5301,190176097995,50
5302,3142648772,1620
5303,116816737475,0
5304,5196445507,2750
5305,116816737475,0
5306,116816737475,0
5307,49960028,80
5308,138947389494,60
5309,116816737475,0
5310,918874086,160
5311,98935957,90
5312,116816737475,0
5313,43045099605,20
5314,43045099605,20
5315,7019970716,830
5316,75286965941,40
5317,138947389494,60
5318,116816737475,0
5319,60616469599,10
5320,49960028,80
5321,22748104701,5170
5322,30680511,262500
5323,60616469599,10
5324,116816737475,0
5325,7659883819,1940
5326,116816737475,0
5327,116816737475,0
5328,2067588320,2780
5329,116816737475,0
5330,116816737475,0
5331,116816737475,0
5332,116816737475,0
5333,190176097995,50
5334,116816737475,0
5335,20730286461,6450
5336,190176097995,50
5337,45644102,232290
5338,75286965941,40
5339,116816737475,0
5340,237319463,21090
5341,116816737475,0
5342,43045099605,20
5343,116816737475,0
5344,190176097995,50
5345,283519909181,70
5346,7556000682,720
5347,801159932,150
5348,3399341067,2340
5349,116816737475,0
5350,43045099605,20
5351,116816737475,0
5352,116816737475,0
5353,60616469599,10
5354,116816737475,0
5355,116816737475,0
5356,116816737475,0
5357,116816737475,0
5358,116816737475,0
5359,5412218817,2420
5360,138947389494,60
5361,116816737475,0
5362,37233673,302020
5363,43045099605,20
5364,116816737475,0
5365,48108936,142180
5366,9967888059,6960
5367,60616469599,10
5368,2822282530,2610
5369,116816737475,0
5370,75286965941,40
5371,116816737475,0
5372,116816737475,0
5373,1105524794,100
5374,116816737475,0
5375,116816737475,0
5376,116816737475,0
5377,144553899538,30
5378,116816737475,0
5379,3175773367,380
5380,116816737475,0
5381,2305890560,35550
5382,190176097995,50
5383,846485190,140
5384,1460958775,65150
5385,100364220,23270
5386,116816737475,0
5387,116816737475,0
5388,536334581,270
5389,116816737475,0
5390,155119873,109370
5391,116816737475,0
5392,116816737475,0
5393,6766549955,1900
5394,14219844823,3540
5395,116816737475,0
5396,116816737475,0
5397,116816737475,0
5398,116816737475,0
5399,1046622606,2520
5400,43045099605,20
5401,116816737475,0
5402,4564481253,2270
5403,60616469599,10
5404,116816737475,0
5405,116816737475,0
5406,81696955,163180
5407,2587731355,12130
5408,445305940,130
5409,60616469599,10
5410,116816737475,0
5411,60616469599,10
5412,594161423,200
5413,138947389494,60
5414,75286965941,40
5415,116816737475,0
5416,116816737475,0
5417,17246058,90730
5418,7199891560,940
5419,116816737475,0
5420,43045099605,20
5421,283519909181,70
5422,190176097995,50
5423,3520133578,490
5424,754739293,36910
5425,116816737475,0
5426,116816737475,0
5427,24187724,169420
5428,70313212,145700
5429,1046622606,2520
5430,4860072101,2730
5431,116816737475,0
5432,116816737475,0
5433,75286965941,40
5434,116816737475,0
5435,116816737475,0
5436,49960028,80
5437,138947389494,60
5438,116816737475,0
5439,1059708818,290
5440,3033724725,1470
5441,283519909181,70
5442,19407538780,2620
5443,116816737475,0
5444,43045099605,20
5445,116816737475,0
5446,116816737475,0
5447,144553899538,30
5448,49960028,80
5449,846485190,140
5450,116816737475,0
5451,43045099605,20
5452,116816737475,0
5453,116816737475,0
5454,43045099605,20
5455,709992744,40
5456,75286965941,40
5457,116816737475,0
5458,116816737475,0
5459,116816737475,0
5460,116816737475,0
5461,16408542613,17150
5462,116816737475,0
5463,138947389494,60
5464,43045099605,20
5465,116816737475,0
5466,60616469599,10
5467,5683324721,2720
5468,144553899538,30
5469,116816737475,0
5470,116816737475,0
5471,116816737475,0
5472,116816737475,0
5473,116816737475,0
5474,445305940,130
5475,116816737475,0
5476,144553899538,30
5477,116816737475,0
5478,116816737475,0
5479,75286965941,40
5480,43045099605,20
5481,7975776174,630
5482,116816737475,0
5483,116816737475,0
5484,116816737475,0
5485,49960028,80
5486,116816737475,0
5487,846485190,140
5488,6620864004,2920
5489,144553899538,30
5490,116816737475,0
5491,170483447,120
5492,116816737475,0
5493,43045099605,20
5494,116816737475,0
5495,116816737475,0
5496,116816737475,0
5497,60616469599,10
5498,116816737475,0
5499,25019997,1500000
5500,116816737475,0
5501,2322907479,1700
5502,43045099605,20
5503,116816737475,0
5504,116816737475,0
5505,2423409382,2330
5506,116816737475,0
5507,116816737475,0
5508,49960028,80
5509,60616469599,10
5510,116816737475,0
5511,116816737475,0
5512,836353721,80
5513,116816737475,0
5514,4545302004,2070
5515,116816737475,0
5516,138947389494,60
5517,801159932,150
5518,116816737475,0
5519,1636454573,63340
5520,6766549955,1900
5521,138947389494,60
5522,2169758250,830
5523,43045099605,20
5524,594161423,200
5525,60616469599,10
5526,64389444,249700
5527,2217947856,61700
5528,138947389494,60
5529,116816737475,0
5530,3918807033,2170
5531,116816737475,0
5532,116816737475,0
5533,43045099605,20
5534,283519909181,70
5535,116816737475,0
5536,144553899538,30
5537,43045099605,20
5538,3769782388,3010
5539,7659883819,1940
5540,116816737475,0
5541,846485190,140
5542,116816737475,0
5543,116816737475,0
5544,7636050387,1680
5545,801159932,150
5546,116816737475,0
5547,144553899538,30
5548,17495642909,2350
5549,116816737475,0
5550,116816737475,0
5551,2162400270,250
5552,43045099605,20
5553,1710496816,2500
5554,116816737475,0
5555,1059708818,290
5556,43045099605,20
5557,4615246157,2220
5558,116816737475,0
5559,49960028,80
5560,116816737475,0
5561,190176097995,50
5562,116816737475,0
5563,116816737475,0
5564,42513756,285120
5565,116816737475,0
5566,44135767,314260
5567,5645748511,1840
5568,10393854254,5670
5569,116816737475,0
5570,116816737475,0
5571,1686281060,540
5572,75286965941,40
5573,75286965941,40
5574,3601869146,1280
5575,43045099605,20
5576,116816737475,0
5577,116816737475,0
5578,4970135994,2890
5579,801159932,150
5580,116816737475,0
5581,205864316,100
5582,138947389494,60
5583,116816737475,0
5584,144553899538,30
5585,138947389494,60
5586,3495426517,30030
5587,222193951,110
5588,1063558241,220
5589,138947389494,60
5590,116816737475,0
5591,116816737475,0
5592,75286965941,40
5593,116816737475,0
5594,7613872736,3060
5595,1234375085,30
5596,75286965941,40
5597,116816737475,0
5598,116816737475,0
5599,222193951,110
5600,116816737475,0
5601,60616469599,10
5602,8818601932,850
5603,1786063373,54500
5604,75286965941,40
5605,2903375156,560
5606,144553899538,30
5607,6821458380,10720
5608,75286965941,40
5609,70994037,182530
5610,5884598803,3520
5611,3489059573,2760
5612,116816737475,0
5613,116816737475,0
5614,43045099605,20
5615,60616469599,10
5616,116816737475,0
5617,116816737475,0
5618,116816737475,0
5619,138947389494,60
5620,170483447,120
5621,116816737475,0
5622,138947389494,60
5623,116816737475,0
5624,116816737475,0
5625,116816737475,0
5626,1322769712,28290
5627,7266994455,740
5628,60616469599,10
5629,116816737475,0
5630,75286965941,40
5631,75286965941,40
5632,138947389494,60
5633,3561824779,3230
5634,144553899538,30
5635,116816737475,0
5636,116816737475,0
5637,75286965941,40
5638,116816737475,0
5639,116816737475,0
5640,138947389494,60
5641,3175773367,380
5642,25268257350,5070
5643,5911186904,1910
5644,38311173,108770
5645,1442537214,2580
5646,144553899538,30
5647,116816737475,0
5648,116816737475,0
5649,116816737475,0
5650,144553899538,30
5651,6548075884,1670
5652,60616469599,10
5653,28747064652,3710
5654,90616089,183730
5655,49960028,80
5656,144553899538,30
5657,1063558241,220
5658,116816737475,0
5659,116816737475,0
5660,116816737475,0
5661,116816737475,0
5662,116816737475,0
5663,190176097995,50
5664,116816737475,0
5665,116816737475,0
5666,43045099605,20
5667,49960028,80
5668,116816737475,0
5669,1757420726,2560
5670,60616469599,10
5671,116816737475,0
5672,951316791,230
5673,5845799214,4730
5674,4227921198,1180
5675,144553899538,30
5676,3051337586,2310
5677,116816737475,0
5678,4116345429,2140
5679,116816737475,0
5680,116816737475,0
5681,170483447,120
5682,35780074,44260
5683,116816737475,0
5684,116816737475,0
5685,43045099605,20
5686,116816737475,0
5687,144553899538,30
5688,9858125483,7400
5689,700030049,44100
5690,116816737475,0
5691,116816737475,0
5692,138947389494,60
5693,116816737475,0
5694,116816737475,0
5695,43045099605,20
5696,1793385163,310
5697,116816737475,0
5698,116816737475,0
5699,445305940,130
5700,34049373,252360
5701,116816737475,0
5702,49960028,80
5703,6731524135,540
5704,138947389494,60
5705,1421034741,54280
5706,43045099605,20
5707,676476167,210
5708,283519909181,70
5709,144553899538,30
5710,116816737475,0
5711,31148719,270490
5712,116816737475,0
5713,116816737475,0
5714,116816737475,0
5715,1011834360,140
5716,116816737475,0
5717,60616469599,10
5718,205864316,100
5719,116816737475,0
5720,116816737475,0
5721,144553899538,30
5722,116816737475,0
5723,116816737475,0
5724,1410761348,120
5725,3219489974,3110
5726,58170398,217130
5727,28722607924,5610
5728,1902296328,390
5729,144553899538,30
5730,144553899538,30
5731,60616469599,10
5732,116816737475,0
5733,116816737475,0
5734,60616469599,10
5735,3384378788,1890
5736,190176097995,50
5737,116816737475,0
5738,60616469599,10
5739,116816737475,0
5740,7659883819,1940
5741,2858340558,2940
5742,75286965941,40
5743,116816737475,0
5744,324457766,81280
5745,2382967929,1830
5746,8306181022,840
5747,60616469599,10
5748,2854848331,1640
5749,116816737475,0
5750,6282337287,2710
5751,5403988235,2630
5752,846485190,140
5753,60616469599,10
5754,4934908781,2660
5755,116816737475,0
5756,676476167,210
5757,144553899538,30
5758,116816737475,0
5759,138947389494,60
5760,116816737475,0
5761,116816737475,0
5762,75286965941,40
5763,60616469599,10
5764,1130008936,340
5765,116816737475,0
5766,116816737475,0
5767,116816737475,0
5768,116816737475,0
5769,1046622606,2520
5770,170483447,120
5771,116816737475,0
5772,12573285412,3020
5773,116816737475,0
5774,60616469599,10
5775,23868631,190120
5776,46105263,274610
5777,138947389494,60
5778,1210018757,54440
5779,1258753930,190
5780,116816737475,0
5781,60616469599,10
5782,116816737475,0
5783,138947389494,60
5784,60616469599,10
5785,43045099605,20
5786,116816737475,0
5787,116816737475,0
5788,116816737475,0
5789,43045099605,20
5790,25019997,1500000
5791,116816737475,0
5792,43045099605,20
5793,138947389494,60
5794,60616469599,10
5795,123812264,94720
5796,98935957,90
5797,60616469599,10
5798,116816737475,0
5799,116816737475,0
5800,138947389494,60
5801,2573734440,27480
5802,144553899538,30
5803,116816737475,0
5804,116816737475,0
5805,116816737475,0
5806,205864316,100
5807,116816737475,0
5808,15406422755,4980
5809,1686281060,540
5810,116816737475,0
5811,116816737475,0
5812,116816737475,0
5813,116816737475,0
5814,116816737475,0
5815,116816737475,0
5816,116816737475,0
5817,5461951843,1290
5818,116816737475,0
5819,190176097995,50
5820,116816737475,0
5821,49960028,80
5822,33359933861,5500
5823,116816737475,0
5824,116816737475,0
5825,116816737475,0
5826,116816737475,0
5827,116816737475,0
5828,7613872736,3060
5829,116816737475,0
5830,43045099605,20
5831,75286965941,40
5832,116816737475,0
5833,43045099605,20
5834,60616469599,10
5835,49960028,80
5836,116816737475,0
5837,116816737475,0
5838,116816737475,0
5839,116816737475,0
5840,2612708119,1650
5841,3597868598,9830
5842,116816737475,0
5843,116816737475,0
5844,1105524794,100
5845,1366992354,51350
5846,116816737475,0
5847,5739100925,24720
5848,14567937558,6560
5849,2218001336,1760
5850,43045099605,20
5851,8415791066,640
5852,116816737475,0
5853,43045099605,20
5854,1329486222,49510
5855,116816737475,0
5856,116816737475,0
5857,116816737475,0
5858,205864316,100
5859,116816737475,0
5860,60616469599,10
5861,1130008936,340
5862,676476167,210
5863,1264723438,350
5864,1029688539,82270
5865,236766511,57660
5866,1532737849,48120
5867,116816737475,0
5868,116816737475,0
5869,43045099605,20
5870,60616469599,10
5871,116816737475,0
5872,75286965941,40
5873,60616469599,10
5874,60616469599,10
5875,116816737475,0
5876,116816737475,0
5877,4860072101,2730
5878,116816737475,0
5879,116816737475,0
5880,60616469599,10
5881,116816737475,0
5882,3204249988,320
5883,116816737475,0
5884,2997259079,160
5885,49960028,80
5886,2761532850,2210
5887,43045099605,20
5888,5230289381,1050
5889,138947389494,60
5890,116816737475,0
5891,60616469599,10
5892,205864316,100
5893,116816737475,0
5894,60616469599,10
5895,11358061203,850
5896,116816737475,0
5897,116816737475,0
5898,116816737475,0
5899,116816737475,0
5900,3561824779,3230
5901,831542745,13920
5902,60616469599,10
5903,190176097995,50
5904,60616469599,10
5905,116816737475,0
5906,5911186904,1910
5907,170483447,120
5908,676476167,210
5909,116816737475,0
5910,49960028,80
5911,116816737475,0
5912,190176097995,50
5913,116816737475,0
5914,8226657053,2550
5915,98935957,90
5916,144553899538,30
5917,62210098,220470
5918,60616469599,10
5919,1114193387,170
5920,116816737475,0
5921,205864316,100
5922,43045099605,20
5923,75286965941,40
5924,48394217,321940
5925,116816737475,0
5926,116816737475,0
5927,116816737475,0
5928,116816737475,0
5929,205864316,100
5930,3033724725,1470
5931,43045099605,20
5932,283519909181,70
5933,4868658429,8320
5934,43045099605,20
5935,116816737475,0
5936,30175460,240960
5937,116816737475,0
5938,116816737475,0
5939,116816737475,0
5940,116816737475,0
5941,116816737475,0
5942,138947389494,60
5943,116816737475,0
5944,116816737475,0
5945,116816737475,0
5946,190176097995,50
5947,116816737475,0
5948,75286965941,40
5949,138947389494,60
5950,116816737475,0
5951,116816737475,0
5952,116816737475,0
5953,60616469599,10
5954,116816737475,0
5955,1665238878,2690
5956,75286965941,40
5957,144553899538,30
5958,3142648772,1620
5959,49960028,80
5960,9800371,100530
5961,12154002300,2950
5962,15945282428,1340
5963,116816737475,0
5964,116816737475,0
5965,75286965941,40
5966,116816737475,0
5967,144553899538,30
5968,116816737475,0
5969,116816737475,0
5970,49960028,80
5971,116816737475,0
5972,75286965941,40
5973,116816737475,0
5974,116816737475,0
5975,104383907,125740
5976,49960028,80
5977,75286965941,40
5978,116816737475,0
5979,116816737475,0
5980,116816737475,0
5981,138947389494,60
5982,116816737475,0
5983,116816737475,0
5984,6327165145,12410
5985,43045099605,20
5986,116816737475,0
5987,75286965941,40
5988,1222212354,230
5989,116816737475,0
5990,1130008936,340
5991,75286965941,40
5992,116816737475,0
5993,43045099605,20
5994,116816737475,0
5995,138947389494,60
5996,116816737475,0
5997,98935957,90
5998,836353721,80
5999,116816737475,0
6000,43045099605,20
6001,1155536910,2320
6002,116816737475,0
6003,1264723438,350
6004,43045099605,20
6005,1766970840,290
6006,1724158807,360
6007,60616469599,10
6008,116816737475,0
6009,1130589359,240
6010,116816737475,0
6011,977028499,180
6012,283519909181,70
6013,43045099605,20
6014,116816737475,0
6015,58420688,158710
6016,43045099605,20
6017,49960028,80
6018,5973113707,25740
6019,116816737475,0
6020,26392199837,4340
6021,3033724725,1470
6022,1339055394,110
6023,116816737475,0
6024,116816737475,0
6025,1178509012,60
6026,36935967,185360
6027,116816737475,0
6028,2524244604,13810
6029,116816737475,0
6030,116816737475,0
6031,116816737475,0
6032,116816737475,0
6033,116816737475,0
6034,60616469599,10
6035,116816737475,0
6036,1241137727,62330
6037,43045099605,20
6038,2735894371,510
6039,49960028,80
6040,116816737475,0
6041,190176097995,50
6042,116816737475,0
6043,116816737475,0
6044,190176097995,50
6045,75286965941,40
6046,49960028,80
6047,1309373276,36700
6048,116816737475,0
6049,116816737475,0
6050,116816737475,0
6051,116816737475,0
6052,60616469599,10
6053,49960028,80
6054,116816737475,0
6055,60616469599,10
6056,8216724878,3030
6057,60616469599,10
6058,10460519513,1320
6059,116816737475,0
6060,116816737475,0
6061,2132243772,1880
6062,43045099605,20
6063,8314356626,1400
6064,116816737475,0
6065,16868636396,1080
6066,7785540594,2670
6067,116816737475,0
6068,43045099605,20
6069,116816737475,0
6070,116816737475,0
6071,116816737475,0
6072,116816737475,0
6073,43045099605,20
6074,60616469599,10
6075,116816737475,0
6076,116816737475,0
6077,116816737475,0
6078,116816737475,0
6079,170483447,120
6080,116816737475,0
6081,3991899545,1490
6082,116816737475,0
6083,116816737475,0
6084,116816737475,0
6085,116816737475,0
6086,8237999055,9560
6087,116816737475,0
6088,1258753930,190
6089,116816737475,0
6090,144553899538,30
6091,116816737475,0
6092,43045099605,20
6093,116816737475,0
6094,283519909181,70
6095,44459575,188460
6096,138947389494,60
6097,116816737475,0
6098,116816737475,0
6099,116816737475,0
6100,116816737475,0
6101,28083266651,5150
6102,1410761348,120
6103,6476305066,1440
6104,852450999,17790
6105,43045099605,20
6106,43045099605,20
6107,60616469599,10
6108,43045099605,20
6109,116816737475,0
6110,75286965941,40
6111,5437569418,480
6112,116816737475,0
6113,7748120735,660
6114,116816737475,0
6115,138947389494,60
6116,43045099605,20
6117,116816737475,0
6118,1219199465,66390
6119,222193951,110
6120,116816737475,0
6121,1607627969,40520
6122,5125229264,27780
6123,116816737475,0
6124,205864316,100
6125,116816737475,0
6126,43045099605,20
6127,43045099605,20
6128,144553899538,30
6129,5417518269,1500
6130,60616469599,10
6131,144553899538,30
6132,116816737475,0
6133,116816737475,0
6134,60616469599,10
6135,170483447,120
6136,116816737475,0
6137,75286965941,40
6138,144553899538,30
6139,116816737475,0
6140,3607585520,1790
6141,116816737475,0
6142,116816737475,0
6143,116816737475,0
6144,918874086,160
6145,116816737475,0
6146,116816737475,0
6147,49960028,80
6148,75286965941,40
6149,116816737475,0
6150,2903375156,560
6151,43045099605,20
6152,116816737475,0
6153,116816737475,0
6154,116816737475,0
6155,116816737475,0
6156,116816737475,0
6157,144553899538,30
6158,138947389494,60
6159,43045099605,20
6160,6028467026,1850
6161,4827481255,1980
6162,116816737475,0
6163,43045099605,20
6164,75286965941,40
6165,144553899538,30
6166,116816737475,0
6167,3763740622,1690
6168,75286965941,40
6169,3125401130,2010
6170,594161423,200
6171,3231463498,1510
6172,116816737475,0
6173,2218001336,1760
6174,116816737475,0
6175,2734401992,3360
6176,10507245022,3290
6177,138947389494,60
6178,75286965941,40
6179,283519909181,70
6180,8415791066,640
6181,1793385163,310
6182,43045099605,20
6183,116816737475,0
6184,116816737475,0
6185,1495668390,1110
6186,116816737475,0
6187,4940006551,8520
6188,75286965941,40
6189,3384378788,1890
6190,116816737475,0
6191,116816737475,0
6192,116816737475,0
6193,1638186750,240
6194,1305174474,13150
6195,860932707,16610
6196,116816737475,0
6197,75286965941,40
6198,60616469599,10
6199,116816737475,0
6200,116816737475,0
6201,43045099605,20
6202,43045099605,20
6203,116816737475,0
6204,116816737475,0
6205,144553899538,30
6206,43045099605,20
6207,13510447797,4990
6208,116816737475,0
6209,7451990210,620
6210,116816737475,0
6211,116816737475,0
6212,60616469599,10
6213,116816737475,0
6214,1686281060,540
6215,3734106426,2600
6216,60616469599,10
6217,4090631004,1460
6218,43045099605,20
6219,116816737475,0
6220,116816737475,0
6221,43045099605,20
6222,75286965941,40
6223,116816737475,0
6224,75286965941,40
6225,138947389494,60
6226,60616469599,10
6227,116816737475,0
6228,116816737475,0
6229,116816737475,0
6230,144553899538,30
6231,116816737475,0
6232,222193951,110
6233,116816737475,0
6234,116816737475,0
6235,116816737475,0
6236,49960028,80
6237,116816737475,0
6238,116816737475,0
6239,116816737475,0
6240,116816737475,0
6241,43045099605,20
6242,455765059,170
6243,116816737475,0
6244,116816737475,0
6245,60616469599,10
6246,75286965941,40
6247,60616469599,10
6248,21058738953,1330
6249,116816737475,0
6250,75286965941,40
6251,3102896069,460
6252,116816737475,0
6253,75286965941,40
6254,116816737475,0
6255,43045099605,20
6256,116816737475,0
6257,116816737475,0
6258,5437569418,480
6259,116816737475,0
6260,116816737475,0
6261,116816737475,0
6262,190176097995,50
6263,116816737475,0
6264,5223865778,2000
6265,15819318,67310
6266,144553899538,30
6267,116816737475,0
6268,144553899538,30
6269,116816737475,0
6270,5080510059,7100
6271,43045099605,20
6272,36098250,52580
6273,116816737475,0
6274,98935957,90
6275,43045099605,20
6276,36834378,131030
6277,116816737475,0
6278,43045099605,20
6279,205864316,100
6280,116816737475,0
6281,10463804470,810
6282,116816737475,0
6283,60616469599,10
6284,977028499,180
6285,98935957,90
6286,43045099605,20
6287,43045099605,20
6288,116816737475,0
6289,116816737475,0
6290,60616469599,10
6291,1757420726,2560
6292,2997259079,160
6293,116816737475,0
6294,116816737475,0
6295,116816737475,0
6296,43045099605,20
6297,1931359573,420
6298,90927209,172970
6299,890732456,47300
6300,60616469599,10
6301,43045099605,20
6302,3085526087,380
6303,116816737475,0
6304,1303714018,260
6305,455765059,170
6306,8170530726,8260
6307,75286965941,40
6308,116816737475,0
6309,116816737475,0
6310,116816737475,0
6311,2964565797,890
6312,2386398824,56330
6313,116816737475,0
6314,116816737475,0
6315,116816737475,0
6316,11000979856,1960
6317,2228192960,2440
6318,60616469599,10
6319,3921374985,520
6320,594161423,200
6321,116816737475,0
6322,144553899538,30
6323,116816737475,0
6324,4403304544,450
6325,116816737475,0
6326,75286965941,40
6327,49960028,80
6328,15946573971,2990
6329,2132243772,1880
6330,116816737475,0
6331,1114193387,170
6332,116816737475,0
6333,116816737475,0
6334,116816737475,0
6335,60616469599,10
6336,2169758250,830
6337,116816737475,0
6338,60616469599,10
6339,144553899538,30
6340,116816737475,0
6341,60616469599,10
6342,2218001336,1760
6343,116816737475,0
6344,116816737475,0
6345,190176097995,50
6346,4607368032,8740
6347,3434816376,5040
6348,6476305066,1440
6349,138947389494,60
6350,43045099605,20
6351,116816737475,0
6352,116816737475,0
6353,116816737475,0
6354,116816737475,0
6355,75286965941,40
6356,8154002699,1350
6357,1418521801,13490
6358,8895160380,3610
6359,2724268407,670
6360,116816737475,0
6361,1812589524,44460
6362,116816737475,0
6363,49960028,80
6364,116816737475,0
6365,116816737475,0
6366,116816737475,0
6367,5412218817,2420
6368,60616469599,10
6369,116816737475,0
6370,265280696,72190
6371,116816737475,0
6372,116816737475,0
6373,116816737475,0
6374,116816737475,0
6375,116816737475,0
6376,25019997,1500000
6377,2969884342,490
6378,11759985410,2830
6379,205864316,100
6380,116816737475,0
6381,144553899538,30
6382,144553899538,30
6383,7586848994,2360
6384,144553899538,30
6385,676476167,210
6386,116816737475,0
6387,116816737475,0
6388,116816737475,0
6389,60616469599,10
6390,116816737475,0
6391,1956261898,2240
6392,116816737475,0
6393,60616469599,10
6394,116816737475,0
6395,75286965941,40
6396,116816737475,0
6397,43045099605,20
6398,827194659,62550
6399,138947389494,60
6400,116816737475,0
6401,205864316,100
6402,5101868680,1390
6403,116816737475,0
6404,5812385806,410
6405,39679568,330610
6406,116816737475,0
6407,116816737475,0
6408,116816737475,0
6409,116816737475,0
6410,17043208129,1250
6411,116816737475,0
6412,116816737475,0
6413,1161313702,2090
6414,75286965941,40
6415,2644465501,910
6416,116816737475,0
6417,509269242,62930
6418,116816737475,0
6419,116816737475,0
6420,116816737475,0
6421,60616469599,10
6422,5233278901,1290
6423,11122998704,6420
6424,13761057600,3790
6425,190176097995,50
6426,116816737475,0
6427,918874086,160
6428,116816737475,0
6429,2067588320,2780
6430,43045099605,20
6431,6542284821,9800
6432,190176097995,50
6433,283519909181,70
6434,1264723438,350
6435,144553899538,30
6436,60616469599,10
6437,116816737475,0
6438,116816737475,0
6439,144553899538,30
6440,116816737475,0
6441,116816737475,0
6442,116816737475,0
6443,50717008,419270
6444,445305940,130
6445,116816737475,0
6446,49960028,80
6447,1777894361,2790
6448,40019222,150490
6449,43045099605,20
6450,67179348,177520
6451,116816737475,0
6452,116816737475,0
6453,116816737475,0
6454,116816737475,0
6455,116816737475,0
6456,33315070,34760
6457,116816737475,0
6458,75286965941,40
6459,116816737475,0
6460,814944022,88150
6461,116816737475,0
6462,1130589359,240
6463,75286965941,40
6464,2324027291,780
6465,116816737475,0
6466,261287710,96990
6467,116816737475,0
6468,116816737475,0
6469,116816737475,0
6470,116816737475,0
6471,60616469599,10
6472,60616469599,10
6473,40768446,308760
6474,92944357,165440
6475,1792884826,2770
6476,1005164830,2020
6477,43045099605,20
6478,5603170552,2100
6479,60616469599,10
6480,43045099605,20
6481,60616469599,10
6482,116816737475,0
6483,1557975391,280
6484,116816737475,0
6485,116816737475,0
6486,116816737475,0
6487,116816737475,0
6488,116816737475,0
6489,116816737475,0
6490,116816737475,0
6491,138947389494,60
6492,49960028,80
6493,43045099605,20
6494,138947389494,60
6495,116816737475,0
6496,116816737475,0
6497,116816737475,0
6498,116816737475,0
6499,2144558868,1800
6500,13444680,43330
6501,144553899538,30
6502,2977587061,30930
6503,1215684779,2300
6504,43045099605,20
6505,3041752569,13570
6506,116816737475,0
6507,3085526087,380
6508,205864316,100
6509,3059073083,1740
6510,116816737475,0
6511,2169758250,830
6512,116816737475,0
6513,6440712739,1410
6514,2170265447,590
6515,116816737475,0
6516,75286965941,40
6517,75685346,206250
6518,709992744,40
6519,1155536910,2320
6520,75286965941,40
6521,116816737475,0
6522,116816737475,0
6523,116816737475,0
6524,368611904,18350
6525,116816737475,0
6526,75286965941,40
6527,116816737475,0
6528,60616469599,10
6529,5643310376,2030
6530,116816737475,0
6531,116816737475,0
6532,116816737475,0
6533,4916100688,1530
6534,60616469599,10
6535,138947389494,60
6536,75286965941,40
6537,116816737475,0
6538,116816737475,0
6539,1352212485,66990
6540,116816737475,0
6541,2920092773,12670
6542,116816737475,0
6543,60616469599,10
6544,138947389494,60
6545,709992744,40
6546,4116345429,2140
6547,3081416981,1920
6548,116816737475,0
6549,4471121337,2260
6550,43045099605,20
6551,188593855,67290
6552,116816737475,0
6553,116816737475,0
6554,75286965941,40
6555,116816737475,0
6556,2640128045,770
6557,3769782388,3010
6558,16195315,26730
6559,116816737475,0
6560,138947389494,60
6561,116816737475,0
6562,116816737475,0
6563,1063558241,220
6564,116816737475,0
6565,116816737475,0
6566,116816737475,0
6567,116816737475,0
6568,4128793627,2180
6569,116816737475,0
6570,283519909181,70
6571,116816737475,0
6572,43045099605,20
6573,2382967929,1830
6574,116816737475,0
6575,116816737475,0
6576,2337037272,2800
6577,18220881213,4520
6578,49960028,80
6579,43045099605,20
6580,116816737475,0
6581,43045099605,20
6582,4615246157,2220
6583,116816737475,0
6584,116816737475,0
6585,43045099605,20
6586,8818601932,850
6587,116816737475,0
6588,116816737475,0
6589,190176097995,50
6590,116816737475,0
6591,6181971206,1990
6592,116816737475,0
6593,116816737475,0
6594,3946574252,440
6595,116816737475,0
6596,43045099605,20
6597,60566020,158890
6598,670234058,20
6599,2307644621,2680
6600,116816737475,0
6601,116816737475,0
6602,116816737475,0
6603,6766549955,1900
6604,116816737475,0
6605,116816737475,0
6606,4903911186,2870
6607,60616469599,10
6608,75286965941,40
6609,116816737475,0
6610,116816737475,0
6611,60616469599,10
6612,75286965941,40
6613,60616469599,10
6614,3051337586,2310
6615,116816737475,0
6616,1258753930,190
6617,116816737475,0
6618,138947389494,60
6619,49960028,80
6620,43045099605,20
6621,4363374203,1520
6622,116816737475,0
6623,116816737475,0
6624,5091399584,2470
6625,116816737475,0
6626,116816737475,0
6627,116816737475,0
6628,116816737475,0
6629,116816737475,0
6630,116816737475,0
6631,5812385806,410
6632,205864316,100
6633,138947389494,60
6634,60616469599,10
6635,75286965941,40
6636,138947389494,60
6637,116816737475,0
6638,116816737475,0
6639,116816737475,0
6640,116816737475,0
6641,7554158580,1570
6642,116816737475,0
6643,116816737475,0
6644,3142648772,1620
6645,49960028,80
6646,6892844030,1970
6647,43045099605,20
6648,27064436123,6020
6649,43045099605,20
6650,283519909181,70
6651,116816737475,0
6652,144553899538,30
6653,75620382,149130
6654,138947389494,60
6655,7937390268,8560
6656,116816737475,0
6657,116816737475,0
6658,6651387372,1820
6659,116816737475,0
6660,116816737475,0
6661,43045099605,20
6662,75286965941,40
6663,138947389494,60
6664,116816737475,0
6665,116816737475,0
6666,283519909181,70
6667,116816737475,0
6668,144553899538,30
6669,222193951,110
6670,283519909181,70
6671,49960028,80
6672,7975776174,630
6673,1638186750,240
6674,670234058,20
6675,116816737475,0
6676,116816737475,0
6677,2331373838,3260
6678,116816737475,0
6679,116816737475,0
6680,2822282530,2610
6681,43045099605,20
6682,10598979057,790
6683,116816737475,0
6684,190176097995,50
6685,116816737475,0
6686,116816737475,0
6687,232999578,53100
6688,3855016079,13730
6689,25019997,1500000
6690,144553899538,30
6691,116816737475,0
6692,205864316,100
6693,43045099605,20
6694,11759985410,2830
6695,43045099605,20
6696,60616469599,10
6697,116816737475,0
6698,49960028,80
6699,59888013882,1100
6700,283519909181,70
6701,797096771,75940
6702,116816737475,0
6703,116816737475,0
6704,116816737475,0
6705,116816737475,0
6706,116816737475,0
6707,75286965941,40
6708,116816737475,0
6709,1557975391,280
6710,43045099605,20
6711,116816737475,0
6712,283519909181,70
6713,60616469599,10
6714,1490916307,63500
6715,43045099605,20
6716,116816737475,0
6717,2464082535,430
6718,445305940,130
6719,222193951,110
6720,138947389494,60
6721,63066800,22920
6722,289365496,119050
6723,138947389494,60
6724,60616469599,10
6725,116816737475,0
6726,60616469599,10
6727,283519909181,70
6728,138947389494,60
6729,116816737475,0
6730,43045099605,20
6731,116816737475,0
6732,116816737475,0
6733,2329474936,2050
6734,676476167,210
6735,116816737475,0
6736,283519909181,70
6737,8028119038,1060
6738,75286965941,40
6739,43045099605,20
6740,116816737475,0
6741,116816737475,0
6742,116816737475,0
6743,116816737475,0
6744,676476167,210
6745,3293630269,3100
6746,116816737475,0
6747,2382967929,1830
6748,116816737475,0
6749,5842194152,1440
6750,8509691936,3170
6751,116816737475,0
6752,49960028,80
6753,43045099605,20
6754,116816737475,0
6755,43045099605,20
6756,138947389494,60
6757,116816737475,0
6758,531411758,63110
6759,285189160,50
6760,116816737475,0
6761,2997259079,160
6762,116816737475,0
6763,116816737475,0
6764,257107344,123290
6765,116816737475,0
6766,7885932191,2230
6767,116816737475,0
6768,3231463498,1510
6769,4264567438,1540
6770,116816737475,0
6771,116816737475,0
6772,20256186,25800
6773,116816737475,0
6774,116816737475,0
6775,2113411683,57430
6776,116816737475,0
6777,98935957,90
6778,116816737475,0
6779,75286965941,40
6780,6282337287,2710
6781,116816737475,0
6782,116816737475,0
6783,190176097995,50
6784,144553899538,30
6785,43045099605,20
6786,116816737475,0
6787,116816737475,0
6788,1685451883,390
6789,60616469599,10
6790,43045099605,20
6791,43045099605,20
6792,190176097995,50
6793,43045099605,20
6794,6282337287,2710
6795,49960028,80
6796,75286965941,40
6797,51455141,215960
6798,43045099605,20
6799,4187008360,2290
6800,5186465691,2480
6801,116816737475,0
6802,1303714018,260
6803,4471121337,2260
6804,75286965941,40
6805,116816737475,0
6806,116816737475,0
6807,144553899538,30
6808,60616469599,10
6809,138947389494,60
6810,2132243772,1880
6811,1628500839,58310
6812,116816737475,0
6813,3719566320,2200
6814,2822282530,2610
6815,49960028,80
6816,116816737475,0
6817,3142648772,1620
6818,283519909181,70
6819,116816737475,0
6820,60616469599,10
6821,3188294448,410
6822,116816737475,0
6823,116816737475,0
6824,60616469599,10
6825,116816737475,0
6826,116816737475,0
6827,116816737475,0
6828,116816737475,0
6829,9456346925,21770
6830,116816737475,0
6831,116816737475,0
6832,14784594008,1540
6833,222193951,110
6834,116816737475,0
6835,43045099605,20
6836,1105524794,100
6837,116816737475,0
6838,2524683654,2190
6839,49960028,80
6840,1557975391,280
6841,116816737475,0
6842,116816737475,0
6843,250028895,116180
6844,6900363327,1770
6845,116816737475,0
6846,116816737475,0
6847,1535884552,1610
6848,116816737475,0
6849,116816737475,0
6850,43045099605,20
6851,43045099605,20
6852,43045099605,20
6853,116816737475,0
6854,116816737475,0
6855,116816737475,0
6856,116816737475,0
6857,116816737475,0
6858,1339055394,110
6859,116816737475,0
6860,43045099605,20
6861,455765059,170
6862,20728353,165810
6863,98935957,90
6864,116816737475,0
6865,43045099605,20
6866,1215684779,2300
6867,116816737475,0
6868,116816737475,0
6869,116816737475,0
6870,4615246157,2220
6871,5911186904,1910
6872,116816737475,0
6873,138947389494,60
6874,116816737475,0
6875,7937390268,8560
6876,1889443495,2390
6877,116816737475,0
6878,116816737475,0
6879,43045099605,20
6880,98926435,168890
6881,138947389494,60
6882,222193951,110
6883,60616469599,10
6884,8421771640,1660
6885,116816737475,0
6886,19641717312,2040
6887,190176097995,50
6888,116816737475,0
6889,4615246157,2220
6890,116816737475,0
6891,75286965941,40
6892,43045099605,20
6893,116816737475,0
6894,43045099605,20
6895,3888914810,360
6896,8421771640,1660
6897,116816737475,0
6898,116816737475,0
6899,22416214,192630
6900,2943233464,1870
6901,116816737475,0
6902,1962850539,44820
6903,144553899538,30
6904,116816737475,0
6905,116816737475,0
6906,116816737475,0
6907,43045099605,20
6908,116816737475,0
6909,56384844,266410
6910,2186902678,810
6911,116816737475,0
6912,222193951,110
6913,7613872736,3060
6914,138947389494,60
6915,60616469599,10
6916,190176097995,50
6917,116816737475,0
6918,116816737475,0
6919,116816737475,0
6920,205864316,100
6921,116816737475,0
6922,116816737475,0
6923,45877277,263570
6924,116816737475,0
6925,2969884342,490
6926,2640128045,770
6927,116816737475,0
6928,5835516448,1750
6929,116816737475,0
6930,60616469599,10
6931,75286965941,40
6932,43045099605,20
6933,75286965941,40
6934,170483447,120
6935,3991899545,1490
6936,144553899538,30
6937,138947389494,60
6938,42481754,290800
6939,144553899538,30
6940,116816737475,0
6941,116816737475,0
6942,170483447,120
6943,116816737475,0
6944,116816737475,0
6945,7231489029,2080
6946,1303714018,260
6947,445305940,130
6948,3457850989,520
6949,32773415,214020
6950,43045099605,20
6951,43045099605,20
6952,2761532850,2210
6953,2444290252,2810
6954,116816737475,0
6955,43045099605,20
6956,60616469599,10
6957,116816737475,0
6958,49960028,80
6959,116816737475,0
6960,116816737475,0
6961,116816737475,0
6962,116816737475,0
6963,469045715,90110
6964,951316791,230
6965,116816737475,0
6966,1301669414,14590
6967,8655384477,6040
6968,116816737475,0
6969,116816737475,0
6970,98935957,90
6971,1339055394,110
6972,75286965941,40
6973,116816737475,0
6974,116816737475,0
6975,388467758,83050
6976,170483447,120
6977,43045099605,20
6978,43045099605,20
6979,116816737475,0
6980,75286965941,40
6981,60616469599,10
6982,364914142,41460
6983,1222212354,230
6984,64537590,259700
6985,60616469599,10
6986,116816737475,0
6987,176790501,132710
6988,116816737475,0
6989,43045099605,20
6990,40055154,50960
6991,3040343027,400
6992,36942631,281270
6993,116816737475,0
6994,2170265447,590
6995,116816737475,0
6996,6766549955,1900
6997,116816737475,0
6998,709992744,40
6999,6359594668,980
7000,116816737475,0
7001,116816737475,0
7002,116816737475,0
7003,116816737475,0
7004,116816737475,0
7005,116816737475,0
7006,43045099605,20
7007,4504846082,2350
7008,116816737475,0
7009,75286965941,40
7010,116816737475,0
7011,116816737475,0
7012,116816737475,0
7013,116816737475,0
7014,43045099605,20
7015,116816737475,0
7016,116816737475,0
7017,1130008936,340
7018,116816737475,0
7019,75286965941,40
7020,43045099605,20
7021,116816737475,0
7022,116816737475,0
7023,116816737475,0
7024,1472914924,13720
7025,116816737475,0
7026,116816737475,0
7027,880852549,14660
7028,43045099605,20
7029,918874086,160
7030,49960028,80
7031,116816737475,0
7032,25006470,86400
7033,116816737475,0
7034,116816737475,0
7035,116816737475,0
7036,43045099605,20
7037,116816737475,0
7038,4063754464,2410
7039,5196445507,2750
7040,116816737475,0
7041,116816737475,0
7042,116816737475,0
7043,43045099605,20
7044,116816737475,0
7045,3763740622,1690
7046,144553899538,30
7047,60616469599,10
7048,116816737475,0
7049,116816737475,0
7050,116816737475,0
7051,2229008244,1600
7052,35560593,295950
7053,98935957,90
7054,116816737475,0
7055,2927615054,9660
7056,43045099605,20
7057,84763512,22220
7058,43045099605,20
7059,116816737475,0
7060,116816737475,0
7061,43045099605,20
7062,116816737475,0
7063,43045099605,20
7064,116816737475,0
7065,190176097995,50
7066,116816737475,0
7067,116816737475,0
7068,116816737475,0
7069,26710195518,3250
7070,40897232,387820
7071,60616469599,10
7072,116816737475,0
7073,1005164830,2020
7074,116816737475,0
7075,116816737475,0
7076,116816737475,0
7077,116816737475,0
7078,116816737475,0
7079,116816737475,0
7080,75286965941,40
7081,1777894361,2790
7082,58124168,229530
7083,49960028,80
7084,60616469599,10
7085,116816737475,0
7086,75286965941,40
7087,75286965941,40
7088,138947389494,60
7089,116816737475,0
7090,2337037272,2800
7091,43045099605,20
7092,116816737475,0
7093,60616469599,10
7094,116816737475,0
7095,138947389494,60
7096,116816737475,0
7097,3059073083,1740
7098,116816737475,0
7099,190176097995,50
7100,144553899538,30
7101,199824817,125100
7102,116816737475,0
7103,222193951,110
7104,75286965941,40
7105,60616469599,10
7106,116816737475,0
7107,3399341067,2340
7108,98935957,90
7109,116816737475,0
7110,2228192960,2440
7111,283519909181,70
7112,1724158807,360
7113,2464082535,430
7114,801159932,150
7115,79877284,129450
7116,2644465501,910
7117,43045099605,20
7118,1097940893,180
7119,1488507447,2110
7120,98935957,90
7121,283519909181,70
7122,116816737475,0
7123,8226657053,2550
7124,536334581,270
7125,116816737475,0
7126,3033724725,1470
7127,116816737475,0
7128,116816737475,0
7129,190176097995,50
7130,749986939,81170
7131,6892844030,1970
7132,116816737475,0
7133,116816737475,0
7134,3888914810,360
7135,116816737475,0
7136,5223865778,2000
7137,116816737475,0
7138,116816737475,0
7139,98935957,90
7140,676476167,210
7141,2501198098,350
7142,43045099605,20
7143,116816737475,0
7144,144553899538,30
7145,116816737475,0
7146,116816737475,0
7147,43045099605,20
7148,7420932243,1780
7149,116816737475,0
7150,116816737475,0
7151,116816737475,0
7152,43045099605,20
7153,116816737475,0
7154,15381878023,4780
7155,116816737475,0
7156,64016431,372050
7157,1063558241,220
7158,75286965941,40
7159,116816737475,0
7160,5796338429,1230
7161,116816737475,0
7162,116816737475,0
7163,75286965941,40
7164,116816737475,0
7165,116816737475,0
7166,116816737475,0
7167,1587211082,14800
7168,116816737475,0
7169,116816737475,0
7170,2587731355,12130
7171,116816737475,0
7172,144553899538,30
7173,116816737475,0
7174,116816737475,0
7175,21677685303,1310
7176,116816737475,0
7177,3734106426,2600
7178,60616469599,10
7179,918874086,160
7180,2927615054,9660
7181,144553899538,30
7182,283519909181,70
7183,116816737475,0
7184,43045099605,20
7185,10507245022,3290
7186,1063558241,220
7187,8748706915,18850
7188,3870255212,2450
7189,116816737475,0
7190,3173912823,33920
7191,116816737475,0
7192,60616469599,10
7193,116816737475,0
7194,1161313702,2090
7195,116816737475,0
7196,116816737475,0
7197,43045099605,20
7198,138947389494,60
7199,60616469599,10
7200,116816737475,0
7201,190176097995,50
7202,116816737475,0
7203,138947389494,60
7204,1155536910,2320
7205,43045099605,20
7206,1686281060,540
7207,43045099605,20
7208,138947389494,60
7209,43045099605,20
7210,1339055394,110
7211,116816737475,0
7212,116816737475,0
7213,43045099605,20
7214,116816737475,0
7215,116816737475,0
7216,49960028,80
7217,4128793627,2180
7218,43045099605,20
7219,2856756776,53760
7220,116816737475,0
7221,116816737475,0
7222,116816737475,0
7223,116816737475,0
7224,842093200,46860
7225,1178509012,60
7226,46147412,284130
7227,3125401130,2010
7228,47527996,217860
7229,9257226123,4800
7230,190176097995,50
7231,2026403412,400
7232,98935957,90
7233,116816737475,0
7234,116816737475,0
7235,116816737475,0
7236,13762396455,1710
7237,847626018,59680
7238,75286965941,40
7239,75286965941,40
7240,3479310517,45920
7241,2011104211,15380
7242,116816737475,0
7243,116816737475,0
7244,801159932,150
7245,116816737475,0
7246,60616469599,10
7247,116816737475,0
7248,170483447,120
7249,116816737475,0
7250,75286965941,40
7251,75286965941,40
7252,60616469599,10
7253,75286965941,40
7254,138947389494,60
7255,8059646866,1730
7256,33453889775,3860
7257,49960028,80
7258,49960028,80
7259,43045099605,20
7260,75286965941,40
7261,6285752197,2120
7262,116816737475,0
7263,283519909181,70
7264,98935957,90
7265,116816737475,0
7266,116816737475,0
7267,116816737475,0
7268,116816737475,0
7269,190176097995,50
7270,116816737475,0
7271,43045099605,20
7272,7224778006,1120
7273,116816737475,0
7274,3888914810,360
7275,75286965941,40
7276,4164585129,3190
7277,43045099605,20
7278,6285752197,2120
7279,43045099605,20
7280,60616469599,10
7281,60616469599,10
7282,190176097995,50
7283,42191027,224660
7284,60616469599,10
7285,38160997,273710
7286,43045099605,20
7287,5171474941,2590
7288,116816737475,0
7289,92848219,140660
7290,2229008244,1600
7291,1667196167,190
7292,283519909181,70
7293,4605889574,10600
7294,43045099605,20
7295,116816737475,0
7296,144553899538,30
7297,283519909181,70
7298,43045099605,20
7299,43045099605,20
7300,116816737475,0
7301,3102896069,460
7302,116816737475,0
7303,50626865,196800
7304,60616469599,10
7305,138947389494,60
7306,11396447422,3450
7307,60616469599,10
7308,49960028,80
7309,3404619685,5110
7310,116816737475,0
7311,7885836119,2040
7312,21607864122,1590
7313,5354838548,3090
7314,116816737475,0
7315,116816737475,0
7316,116816737475,0
7317,116816737475,0
7318,116816737475,0
7319,49960028,80
7320,43045099605,20
7321,116816737475,0
7322,205864316,100
7323,138947389494,60
7324,116816737475,0
7325,170483447,120
7326,58347285,216340
7327,144553899538,30
7328,43045099605,20
7329,25019997,1500000
7330,43045099605,20
7331,190176097995,50
7332,144553899538,30
7333,60616469599,10
7334,49960028,80
7335,116816737475,0
7336,116816737475,0
7337,116816737475,0
7338,116816737475,0
7339,43045099605,20
7340,3710348276,44960
7341,116816737475,0
7342,116816737475,0
7343,190176097995,50
7344,1222212354,230
7345,5744834024,2080
7346,138947389494,60
7347,8203645108,680
7348,116816737475,0
7349,3175773367,380
7350,116816737475,0
7351,116816737475,0
7352,37926358,279360
7353,594161423,200
7354,43045099605,20
7355,3763740622,1690
7356,709992744,40
7357,40735939,133170
7358,116816737475,0
7359,116816737475,0
7360,87973102,78540
7361,116816737475,0
7362,43045099605,20
7363,116816737475,0
7364,170483447,120
7365,110133807,154320
7366,5645748511,1840
7367,75286965941,40
7368,75286965941,40
7369,144553899538,30
7370,116816737475,0
7371,116816737475,0
7372,116816737475,0
7373,116816737475,0
7374,49960028,80
7375,116816737475,0
7376,14910713454,4970
7377,46783955,324960
7378,116816737475,0
7379,75286965941,40
7380,43045099605,20
7381,116816737475,0
7382,2229008244,1600
7383,60616469599,10
7384,2735894371,510
7385,846485190,140
7386,116816737475,0
7387,116816737475,0
7388,75286965941,40
7389,102933558,159080
7390,2426937628,5340
7391,5223865778,2000
7392,688928668,65530
7393,116816737475,0
7394,43045099605,20
7395,13999535060,7840
7396,7885932191,2230
7397,283519909181,70
7398,116816737475,0
7399,98935957,90
7400,10709016527,10340
7401,801159932,150
7402,116816737475,0
7403,138947389494,60
7404,116816737475,0
7405,116816737475,0
7406,190176097995,50
7407,60616469599,10
7408,116816737475,0
7409,116816737475,0
7410,116816737475,0
7411,116816737475,0
7412,144553899538,30
7413,60616469599,10
7414,33783872,34910
7415,709992744,40
7416,116816737475,0
7417,116816737475,0
7418,116816737475,0
7419,455765059,170
7420,283519909181,70
7421,49960028,80
7422,116816737475,0
7423,43045099605,20
7424,1130008936,340
7425,116816737475,0
7426,60616469599,10
7427,116816737475,0
7428,116816737475,0
7429,116816737475,0
7430,2943233464,1870
7431,116816737475,0
7432,846485190,140
7433,138947389494,60
7434,116816737475,0
7435,116816737475,0
7436,116816737475,0
7437,1130589359,240
7438,116816737475,0
7439,116816737475,0
7440,116816737475,0
7441,75286965941,40
7442,3544849928,590
7443,116816737475,0
7444,116816737475,0
7445,116816737475,0
7446,116816737475,0
7447,43045099605,20
7448,1161313702,2090
7449,43045099605,20
7450,116816737475,0
7451,7885932191,2230
7452,1757420726,2560
7453,116816737475,0
7454,1071669930,50920
7455,3081416981,1920
7456,43045099605,20
7457,88774087,77800
7458,190176097995,50
7459,116816737475,0
7460,144553899538,30
7461,5582797462,2650
7462,116816737475,0
7463,116816737475,0
7464,46103262,337560
7465,75286965941,40
7466,3489059573,2760
7467,116816737475,0
7468,116816737475,0
7469,846485190,140
7470,43045099605,20
7471,60616469599,10
7472,116816737475,0
7473,3033724725,1470
7474,3399341067,2340
7475,116816737475,0
7476,918874086,160
7477,75286965941,40
7478,116816737475,0
7479,75286965941,40
7480,138947389494,60
7481,138947389494,60
7482,116816737475,0
7483,116816737475,0
7484,10171023177,530
7485,494153948,47940
7486,2943233464,1870
7487,116816737475,0
7488,9766611747,2840
7489,43045099605,20
7490,43045099605,20
7491,49960028,80
7492,190176097995,50
7493,116816737475,0
7494,1495668390,1110
7495,222193951,110
7496,116816737475,0
7497,5883175202,600
7498,116816737475,0
7499,116816737475,0
7500,116816737475,0
7501,116816737475,0
7502,116816737475,0
7503,116816737475,0
7504,116816737475,0
7505,116816737475,0
7506,116816737475,0
7507,75286965941,40
7508,116816737475,0
7509,43045099605,20
7510,116816737475,0
7511,116816737475,0
7512,43045099605,20
7513,116816737475,0
7514,116816737475,0
7515,43045099605,20
7516,116816737475,0
7517,43045099605,20
7518,283519909181,70
7519,116816737475,0
7520,1105524794,100
7521,116816737475,0
7522,7636050387,1680
7523,75286965941,40
7524,116816737475,0
7525,6503726224,25810
7526,138947389494,60
7527,3180563963,48440
7528,36698435,199290
7529,2329474936,2050
7530,1258753930,190
7531,60616469599,10
7532,116816737475,0
7533,116816737475,0
7534,43045099605,20
7535,2524683654,2190
7536,28653256,84100
7537,190176097995,50
7538,43045099605,20
7539,43045099605,20
7540,144553899538,30
7541,116816737475,0
7542,43045099605,20
7543,60616469599,10
7544,1638186750,240
7545,60616469599,10
7546,116816737475,0
7547,8371757230,720
7548,116816737475,0
7549,60616469599,10
7550,18955154,402310
7551,60616469599,10
7552,75286965941,40
7553,116816737475,0
7554,116816737475,0
7555,116816737475,0
7556,116816737475,0
7557,754739293,36910
7558,49960028,80
7559,116816737475,0
7560,43045099605,20
7561,116816737475,0
7562,709992744,40
7563,116816737475,0
7564,43045099605,20
7565,43045099605,20
7566,116816737475,0
7567,116816737475,0
7568,2229008244,1600
7569,116816737475,0
7570,116816737475,0
7571,2337037272,2800
7572,43045099605,20
7573,60616469599,10
7574,116816737475,0
7575,116816737475,0
7576,43045099605,20
7577,116816737475,0
7578,116816737475,0
7579,30886114,373740
7580,116816737475,0
7581,455765059,170
7582,116816737475,0
7583,116816737475,0
7584,43045099605,20
7585,60616469599,10
7586,60616469599,10
7587,5354838548,3090
7588,116816737475,0
7589,116816737475,0
7590,116816737475,0
7591,116816737475,0
7592,43045099605,20
7593,305177435,19850
7594,918874086,160
7595,116816737475,0
7596,846485190,140
7597,116816737475,0
7598,116816737475,0
7599,116816737475,0
7600,2322628971,13030
7601,116816737475,0
7602,10987184241,9840
7603,92041186,141090
7604,116816737475,0
7605,43045099605,20
7606,60616469599,10
7607,75286965941,40
7608,40366699420,730
7609,1011834360,140
7610,6548075884,1670
7611,6245187504,1480
7612,121285948,148510
7613,116816737475,0
7614,1766970840,290
7615,2840575170,2160
7616,5582797462,2650
7617,116816737475,0
7618,116816737475,0
7619,116816737475,0
7620,801159932,150
7621,116816737475,0
7622,60616469599,10
7623,43045099605,20
7624,1766970840,290
7625,144553899538,30
7626,116816737475,0
7627,75286965941,40
7628,116816737475,0
7629,116816737475,0
7630,60616469599,10
7631,138947389494,60
7632,60616469599,10
7633,190176097995,50
7634,116816737475,0
7635,283519909181,70
7636,116816737475,0
7637,2854848331,1640
7638,116816737475,0
7639,43045099605,20
7640,3888914810,360
7641,116816737475,0
7642,116816737475,0
7643,43045099605,20
7644,9884032713,1590
7645,116816737475,0
7646,536334581,270
7647,116816737475,0
7648,2156906373,15360
7649,49960028,80
7650,60616469599,10
7651,75286965941,40
7652,116816737475,0
7653,60616469599,10
7654,8126372114,8410
7655,2575763708,13630
7656,138947389494,60
7657,98935957,90
7658,40828173,261190
7659,98935957,90
7660,60616469599,10
7661,4564481253,2270
7662,116816737475,0
7663,138947389494,60
7664,2724268407,670
7665,1339055394,110
7666,9475686747,4290
7667,116816737475,0
7668,116816737475,0
7669,75286965941,40
7670,60616469599,10
7671,116816737475,0
7672,21410427364,3950
7673,116816737475,0
7674,138947389494,60
7675,116816737475,0
7676,8059646866,1730
7677,116816737475,0
7678,116816737475,0
7679,138947389494,60
7680,116816737475,0
7681,6476305066,1440
7682,116816737475,0
7683,116816737475,0
7684,116816737475,0
7685,285189160,50
7686,3144955296,570
7687,43045099605,20
7688,190176097995,50
7689,283519909181,70
7690,49960028,80
7691,116816737475,0
7692,116816737475,0
7693,60616469599,10
7694,1334728553,1710
7695,116816737475,0
7696,12358144890,8600
7697,116816737475,0
7698,222193951,110
7699,4116345429,2140
7700,116816737475,0
7701,116816737475,0
7702,116816737475,0
7703,1956261898,2240
7704,222193951,110
7705,116816737475,0
7706,5884598803,3520
7707,116816737475,0
7708,3717399827,880
7709,116816737475,0
7710,116816737475,0
7711,116816737475,0
7712,116816737475,0
7713,116816737475,0
7714,455765059,170
7715,43045099605,20
7716,116816737475,0
7717,116816737475,0
7718,9884032713,1590
7719,116816737475,0
7720,60616469599,10
7721,116816737475,0
7722,3231463498,1510
7723,116816737475,0
7724,116816737475,0
7725,1686281060,540
7726,43045099605,20
7727,138947389494,60
7728,836353721,80
7729,116816737475,0
7730,283519909181,70
7731,20728353,165810
7732,116816737475,0
7733,8154002699,1350
7734,116816737475,0
7735,6377874094,2510
7736,128211194,141390
7737,49101818,349730
7738,43045099605,20
7739,116816737475,0
7740,116816737475,0
7741,116816737475,0
7742,283519909181,70
7743,116816737475,0
7744,116816737475,0
7745,116816737475,0
7746,17155360154,7700
7747,37625879,177410
7748,116816737475,0
7749,2329474936,2050
7750,222193951,110
7751,31341250,67700
7752,60616469599,10
7753,1535884552,1610
7754,144553899538,30
7755,2339330292,15030
7756,116816737475,0
7757,98935957,90
7758,60616469599,10
7759,116816737475,0
7760,116816737475,0
7761,116816737475,0
7762,6736228104,9340
7763,116816737475,0
7764,977028499,180
7765,138947389494,60
7766,116816737475,0
7767,116816737475,0
7768,2162400270,250
7769,170483447,120
7770,116816737475,0
7771,43045099605,20
7772,116816737475,0
7773,2439645419,2530
7774,116816737475,0
7775,896785998,80080
7776,116816737475,0
7777,116816737475,0
7778,43045099605,20
7779,75286965941,40
7780,43045099605,20
7781,3040343027,400
7782,116816737475,0
7783,2162400270,250
7784,144553899538,30
7785,144553899538,30
7786,5636666175,2380
7787,60616469599,10
7788,60616469599,10
7789,5944396621,11160
7790,144553899538,30
7791,14356287380,2180
7792,205864316,100
7793,116816737475,0
7794,2324027291,780
7795,190176097995,50
7796,1841417259,40930
7797,75286965941,40
7798,116816737475,0
7799,116816737475,0
7800,49960028,80
7801,75286965941,40
7802,43045099605,20
7803,116816737475,0
7804,49960028,80
7805,116816737475,0
7806,116816737475,0
7807,116816737475,0
7808,116816737475,0
7809,4827481255,1980
7810,2423409382,2330
7811,4471121337,2260
7812,404125990,76280
7813,116816737475,0
7814,75286965941,40
7815,60616469599,10
7816,1070362088,69820
7817,1889443495,2390
7818,455765059,170
7819,116816737475,0
7820,144553899538,30
7821,4439027966,2570
7822,144553899538,30
7823,3769782388,3010
7824,116816737475,0
7825,1234375085,30
7826,116816737475,0
7827,43045099605,20
7828,75286965941,40
7829,116816737475,0
7830,116816737475,0
7831,1638186750,240
7832,3739071483,740
7833,116816737475,0
7834,116816737475,0
7835,116816737475,0
7836,33075799369,3490
7837,116816737475,0
7838,60616469599,10
7839,43045099605,20
7840,116816737475,0
7841,43045099605,20
7842,116816737475,0
7843,116816737475,0
7844,116816737475,0
7845,1766970840,290
7846,75286965941,40
7847,43045099605,20
7848,116816737475,0
7849,116816737475,0
7850,116816737475,0
7851,138947389494,60
7852,43045099605,20
7853,116816737475,0
7854,3175773367,380
7855,116816737475,0
7856,977028499,180
7857,116816737475,0
7858,116816737475,0
7859,43045099605,20
7860,217580409,70250
7861,144553899538,30
7862,283519909181,70
7863,138947389494,60
7864,116816737475,0
7865,98935957,90
7866,10856294268,1220
7867,2464082535,430
7868,258100088,104660
7869,116816737475,0
7870,116816737475,0
7871,1097940893,180
7872,116816737475,0
7873,116816737475,0
7874,2132243772,1880
7875,116816737475,0
7876,116816737475,0
7877,116816737475,0
7878,56254377,228330
7879,116816737475,0
7880,190176097995,50
7881,43045099605,20
7882,43045099605,20
7883,116816737475,0
7884,4248131449,1810
7885,6591072636,6300
7886,43045099605,20
7887,144553899538,30
7888,116816737475,0
7889,116816737475,0
7890,75286965941,40
7891,190176097995,50
7892,170483447,120
7893,138947389494,60
7894,116816737475,0
7895,75286965941,40
7896,116816737475,0
7897,7175746841,600
7898,98935957,90
7899,116816737475,0
7900,19000601958,3630
7901,116816737475,0
7902,116816737475,0
7903,1539214555,90
7904,1638186750,240
7905,60556339,241740
7906,116816737475,0
7907,670234058,20
7908,49960028,80
7909,116816737475,0
7910,116816737475,0
7911,5213118717,480
7912,116816737475,0
7913,6892844030,1970
7914,283519909181,70
7915,116816737475,0
7916,43045099605,20
7917,1619289746,52850
7918,13828167549,6620
7919,66309684,383430
7920,75286965941,40
7921,1063558241,220
7922,3870255212,2450
7923,144553899538,30
7924,4461628361,920
7925,170483447,120
7926,455765059,170
7927,116816737475,0
7928,5884598803,3520
7929,977028499,180
7930,116816737475,0
7931,8169712860,500
7932,116816737475,0
7933,116816737475,0
7934,1896543682,250
7935,49960028,80
7936,138947389494,60
7937,283519909181,70
7938,7557802620,8500
7939,801159932,150
7940,60616469599,10
7941,116816737475,0
7942,43045099605,20
7943,116816737475,0
7944,116816737475,0
7945,60616469599,10
7946,116816737475,0
7947,60616469599,10
7948,116816737475,0
7949,116816737475,0
7950,116816737475,0
7951,116816737475,0
7952,1410761348,120
7953,4403304544,450
7954,43045099605,20
7955,60616469599,10
7956,5582797462,2650
7957,116816737475,0
7958,9257226123,4800
7959,116816737475,0
7960,445305940,130
7961,12726243606,990
7962,60616469599,10
7963,116816737475,0
7964,116816737475,0
7965,116816737475,0
7966,144553899538,30
7967,15465838884,7800
7968,113112295,94030
7969,1412172198,64600
7970,116816737475,0
7971,116816737475,0
7972,3141017112,440
7973,116816737475,0
7974,144553899538,30
7975,1638186750,240
7976,2524683654,2190
7977,116816737475,0
7978,116816737475,0
7979,15227136082,7280
7980,116816737475,0
7981,1902296328,390
7982,116816737475,0
7983,116816737475,0
7984,43045099605,20
7985,116816737475,0
7986,116816737475,0
7987,630586627,18870
7988,138947389494,60
7989,116816737475,0
7990,116816737475,0
7991,116816737475,0
7992,205864316,100
7993,15226368369,5320
7994,5835516448,1750
7995,116816737475,0
7996,60616469599,10
7997,116816737475,0
7998,4090631004,1460
7999,116816737475,0
8000,116816737475,0
8001,1264723438,350
8002,116816737475,0
8003,60616469599,10
8004,60616469599,10
8005,49960028,80
8006,116816737475,0
8007,3279322236,43310
8008,116816737475,0
8009,116816737475,0
8010,60616469599,10
8011,116816737475,0
8012,138947389494,60
8013,75286965941,40
8014,1902296328,390
8015,144553899538,30
8016,116816737475,0
8017,116816737475,0
8018,205864316,100
8019,116816737475,0
8020,116816737475,0
8021,75286965941,40
8022,116816737475,0
8023,7420932243,1780
8024,75286965941,40
8025,283519909181,70
8026,59360639,23670
8027,190176097995,50
8028,222193951,110
8029,60616469599,10
8030,138947389494,60
8031,75286965941,40
8032,138947389494,60
8033,116816737475,0
8034,116816737475,0
8035,1223473255,57770
8036,7005065876,1370
8037,116816737475,0
8038,49960028,80
8039,116816737475,0
8040,43045099605,20
8041,133495068,141790
8042,138947389494,60
8043,116816737475,0
8044,116816737475,0
8045,116816737475,0
8046,116816737475,0
8047,60616469599,10
8048,98935957,90
8049,49960028,80
8050,116816737475,0
8051,116816737475,0
8052,116816737475,0
8053,43045099605,20
8054,116816737475,0
8055,1130589359,240
8056,116816737475,0
8057,138947389494,60
8058,116816737475,0
8059,222193951,110
8060,144553899538,30
8061,138947389494,60
8062,4197721547,1000
8063,1495668390,1110
8064,144553899538,30
8065,49960028,80
8066,5630851950,8920
8067,116816737475,0
8068,116816737475,0
8069,75286965941,40
8070,138947389494,60
8071,75286965941,40
8072,3890755657,22390
8073,116816737475,0
8074,116816737475,0
8075,75286965941,40
8076,60616469599,10
8077,116816737475,0
8078,116816737475,0
8079,116816737475,0
8080,116816737475,0
8081,21636295942,4110
8082,108554717,80370
8083,116816737475,0
8084,622350702,81000
8085,7885932191,2230
8086,5835516448,1750
8087,43045099605,20
8088,116816737475,0
8089,6651387372,1820
8090,116816737475,0
8091,43045099605,20
8092,49960028,80
8093,22625000532,6460
8094,11050137751,930
8095,116816737475,0
8096,116816737475,0
8097,75286965941,40
8098,60616469599,10
8099,190176097995,50
8100,170483447,120
8101,116816737475,0
8102,116816737475,0
8103,116816737475,0
8104,116816737475,0
8105,116816737475,0
8106,116816737475,0
8107,116816737475,0
8108,60616469599,10
8109,9865650807,3080
8110,116816737475,0
8111,116816737475,0
8112,116816737475,0
8113,116816737475,0
8114,75286965941,40
8115,116816737475,0
8116,116816737475,0
8117,116816737475,0
8118,116816737475,0
8119,116816737475,0
8120,12895334913,960
8121,116816737475,0
8122,116816737475,0
8123,144553899538,30
8124,3921374985,520
8125,49960028,80
8126,190176097995,50
8127,49960028,80
8128,116816737475,0
8129,138947389494,60
8130,98935957,90
8131,1535884552,1610
8132,98935957,90
8133,75286965941,40
8134,27755416,423420
8135,1667196167,190
8136,190176097995,50
8137,89564448,169080
8138,8421771640,1660
8139,75286965941,40
8140,116816737475,0
8141,116816737475,0
8142,116816737475,0
8143,1011834360,140
8144,3399341067,2340
8145,6736168180,1080
8146,60616469599,10
8147,116816737475,0
8148,1303714018,260
8149,43045099605,20
8150,116816737475,0
8151,60616469599,10
8152,2746352306,550
8153,116816737475,0
8154,116816737475,0
8155,116816737475,0
8156,116816737475,0
8157,116816737475,0
8158,116816737475,0
8159,27124856,23510
8160,138947389494,60
8161,116816737475,0
8162,455765059,170
8163,116816737475,0
8164,75286965941,40
8165,75286965941,40
8166,205864316,100
8167,4383213796,1010
8168,283519909181,70
8169,43045099605,20
8170,116816737475,0
8171,75286965941,40
8172,116816737475,0
8173,222193951,110
8174,116816737475,0
8175,116816737475,0
8176,116816737475,0
8177,116816737475,0
8178,75286965941,40
8179,116816737475,0
8180,116816737475,0
8181,116816737475,0
8182,98935957,90
8183,2746352306,550
8184,116816737475,0
8185,116816737475,0
8186,116816737475,0
8187,116816737475,0
8188,116816737475,0
8189,43045099605,20
8190,98935957,90
8191,144553899538,30
8192,36572943,45030
8193,60616469599,10
8194,116816737475,0
8195,131579299,121010
8196,116816737475,0
8197,116816737475,0
8198,484784379,97520
8199,75286965941,40
8200,116816737475,0
8201,6568659751,370
8202,116816737475,0
8203,43045099605,20
8204,116816737475,0
8205,977028499,180
8206,205864316,100
8207,33652812,24440
8208,116816737475,0
8209,75286965941,40
8210,116816737475,0
8211,144553899538,30
8212,116816737475,0
8213,11313650763,1020
8214,144553899538,30
8215,190176097995,50
8216,43045099605,20
8217,116816737475,0
8218,75286965941,40
8219,205864316,100
8220,116816737475,0
8221,116816737475,0
8222,75286965941,40
8223,60616469599,10
8224,4504846082,2350
8225,116816737475,0
8226,116816737475,0
8227,116816737475,0
8228,846485190,140
8229,75286965941,40
8230,116816737475,0
8231,9891102751,2430
8232,116816737475,0
8233,116816737475,0
8234,5204658934,5250
8235,2969884342,490
8236,116816737475,0
8237,116816737475,0
8238,116816737475,0
8239,116816737475,0
8240,53540597,333660
8241,6028467026,1850
8242,2218001336,1760
8243,846485190,140
8244,116816737475,0
8245,7224778006,1120
8246,10600552,36030
8247,43045099605,20
8248,116816737475,0
8249,222193951,110
8250,116816737475,0
8251,43045099605,20
8252,144553899538,30
8253,116816737475,0
8254,60616469599,10
8255,3870255212,2450
8256,283519909181,70
8257,49960028,80
8258,3405000746,30880
8259,3141017112,440
8260,6620864004,2920
8261,41356493,284100
8262,144553899538,30
8263,138947389494,60
8264,116816737475,0
8265,116816737475,0
8266,116816737475,0
8267,43045099605,20
8268,2854848331,1640
8269,116816737475,0
8270,116816737475,0
8271,144553899538,30
8272,56351523,140900
8273,116816737475,0
8274,116816737475,0
8275,709992744,40
8276,116816737475,0
8277,190176097995,50
8278,116816737475,0
8279,116816737475,0
8280,170483447,120
8281,294575071,19580
8282,3544849928,590
8283,75286965941,40
8284,116816737475,0
8285,43045099605,20
8286,116816737475,0
8287,3358455073,1260
8288,3662671541,30630
8289,60616469599,10
8290,116816737475,0
8291,116816737475,0
8292,116816737475,0
8293,116816737475,0
8294,1757420726,2560
8295,22272297778,3640
8296,116816737475,0
8297,209802051,52060
8298,1488507447,2110
8299,116816737475,0
8300,144553899538,30
8301,2254230439,210
8302,116816737475,0
8303,851015279,83880
8304,144553899538,30
8305,116816737475,0
8306,6756607682,3640
8307,116816737475,0
8308,2439645419,2530
8309,116816737475,0
8310,116816737475,0
8311,116816737475,0
8312,43045099605,20
8313,116816737475,0
8314,801159932,150
8315,116816737475,0
8316,116816737475,0
8317,60616469599,10
8318,801159932,150
8319,116816737475,0
8320,116816737475,0
8321,116816737475,0
8322,43045099605,20
8323,116816737475,0
8324,116816737475,0
8325,116816737475,0
8326,7785540594,2670
8327,116816737475,0
8328,46222761,303550
8329,6967597946,950
8330,75286965941,40
8331,6548075884,1670
8332,9316371866,1240
8333,116816737475,0
8334,3404619685,5110
8335,60616469599,10
8336,43015937,331430
8337,116816737475,0
8338,116816737475,0
8339,116816737475,0
8340,1685451883,390
8341,24215103,79500
8342,60616469599,10
8343,116816737475,0
8344,116816737475,0
8345,838907906,33690
8346,116816737475,0
8347,116816737475,0
8348,4227921198,1180
8349,676476167,210
8350,116816737475,0
8351,116816737475,0
8352,16671126556,5030
8353,3489059573,2760
8354,144553899538,30
8355,3946574252,440
8356,2229008244,1600
8357,60616469599,10
8358,1590010397,330
8359,43045099605,20
8360,116816737475,0
8361,43045099605,20
8362,116816737475,0
8363,116816737475,0
8364,116816737475,0
8365,116816737475,0
8366,116816737475,0
8367,116816737475,0
8368,144553899538,30
8369,116816737475,0
8370,116816737475,0
8371,3081416981,1920
8372,7231489029,2080
8373,7420932243,1780
8374,43045099605,20
8375,116816737475,0
8376,116816737475,0
8377,116816737475,0
8378,116816737475,0
8379,116816737475,0
8380,2858340558,2940
8381,10991052996,8050
8382,60616469599,10
8383,43045099605,20
8384,60616469599,10
8385,60616469599,10
8386,116816737475,0
8387,60616469599,10
8388,1492641679,54710
8389,116816737475,0
8390,190176097995,50
8391,1573178727,36480
8392,116816737475,0
8393,116816737475,0
8394,5682269173,3320
8395,5884598803,3520
8396,4227921198,1180
8397,116816737475,0
8398,49960028,80
8399,75286965941,40
8400,445305940,130
8401,336454467,87120
8402,116816737475,0
8403,116816737475,0
8404,60616469599,10
8405,116816737475,0
8406,40545666,205290
8407,116816737475,0
8408,116816737475,0
8409,116816737475,0
8410,75286965941,40
8411,116816737475,0
8412,116816737475,0
8413,60616469599,10
8414,190176097995,50
8415,5460206538,1860
8416,116816737475,0
8417,116816737475,0
8418,116816737475,0
8419,116816737475,0
8420,4227921198,1180
8421,43045099605,20
8422,8415791066,640
8423,116816737475,0
8424,116816737475,0
8425,3051337586,2310
8426,43045099605,20
8427,3384378788,1890
8428,116816737475,0
8429,190176097995,50
8430,116816737475,0
8431,43045099605,20
8432,116816737475,0
8433,138947389494,60
8434,75286965941,40
8435,116816737475,0
8436,43045099605,20
8437,7616596327,1360
8438,43045099605,20
8439,222193951,110
8440,116816737475,0
8441,43045099605,20
8442,116816737475,0
8443,116816737475,0
8444,75286965941,40
8445,7341261452,2910
8446,116816737475,0
8447,116816737475,0
8448,43045099605,20
8449,283519909181,70
8450,60588370,211150
8451,116816737475,0
8452,6911214271,4270
8453,60616469599,10
8454,34942660,342980
8455,43045099605,20
8456,116816737475,0
8457,13163059920,3220
8458,116816737475,0
8459,60616469599,10
8460,43045099605,20
8461,60616469599,10
8462,283519909181,70
8463,116816737475,0
8464,116816737475,0
8465,60616469599,10
8466,25013294292,3650
8467,801159932,150
8468,116816737475,0
8469,116816737475,0
8470,43045099605,20
8471,116816737475,0
8472,36259170529,3120
8473,116816737475,0
8474,138947389494,60
8475,1097940893,180
8476,116816737475,0
8477,1194760837,51260
8478,36377349,352740
8479,116816737475,0
8480,116816737475,0
8481,43045099605,20
8482,43045099605,20
8483,98935957,90
8484,116816737475,0
8485,75286965941,40
8486,60616469599,10
8487,283519909181,70
8488,116816737475,0
8489,116816737475,0
8490,116816737475,0
8491,116816737475,0
8492,43045099605,20
8493,116816737475,0
8494,116816737475,0
8495,116816737475,0
8496,116816737475,0
8497,144553899538,30
8498,116816737475,0
8499,116816737475,0
8500,60616469599,10
8501,144553899538,30
8502,43045099605,20
8503,846485190,140
8504,116816737475,0
8505,60616469599,10
8506,49960028,80
8507,75286965941,40
8508,6734975913,2370
8509,70000795,206580
8510,116816737475,0
8511,116816737475,0
8512,75286965941,40
8513,51230445,403000
8514,43045099605,20
8515,43045099605,20
8516,116816737475,0
8517,801159932,150
8518,801159932,150
8519,10856294268,1220
8520,138947389494,60
8521,11313650763,1020
8522,116816737475,0
8523,5156011179,1430
8524,60616469599,10
8525,116816737475,0
8526,1590010397,330
8527,116816737475,0
8528,116816737475,0
8529,144553899538,30
8530,116816737475,0
8531,34458816,382640
8532,116816737475,0
8533,1410761348,120
8534,116816737475,0
8535,7797778206,10300
8536,144553899538,30
8537,75286965941,40
8538,116816737475,0
8539,3384378788,1890
8540,144553899538,30
8541,116816737475,0
8542,5909110929,2950
8543,75286965941,40
8544,116816737475,0
8545,43045099605,20
8546,60616469599,10
8547,170483447,120
8548,116816737475,0
8549,116816737475,0
8550,116816737475,0
8551,43045099605,20
8552,648809975,81980
8553,116816737475,0
8554,116816737475,0
8555,49960028,80
8556,1339055394,110
8557,43045099605,20
8558,116816737475,0
8559,116816737475,0
8560,116816737475,0
8561,21058738953,1330
8562,43045099605,20
8563,283519909181,70
8564,60616469599,10
8565,116816737475,0
8566,116816737475,0
8567,116816737475,0
8568,116816737475,0
8569,2132243772,1880
8570,116816737475,0
8571,846485190,140
8572,5460206538,1860
8573,116816737475,0
8574,116816737475,0
8575,98935957,90
8576,116816737475,0
8577,116816737475,0
8578,190176097995,50
8579,116816737475,0
8580,116816737475,0
8581,408159200,53690
8582,144553899538,30
8583,116816737475,0
8584,170483447,120
8585,455765059,170
8586,116816737475,0
8587,116816737475,0
8588,116816737475,0
8589,116816737475,0
8590,116816737475,0
8591,116816737475,0
8592,116816737475,0
8593,116816737475,0
8594,49960028,80
8595,116816737475,0
8596,2943233464,1870
8597,60616469599,10
8598,49960028,80
8599,242912866,118800
8600,116816737475,0
8601,5460206538,1860
8602,1114193387,170
8603,455765059,170
8604,116816737475,0
8605,138947389494,60
8606,116816737475,0
8607,116816737475,0
8608,116816737475,0
8609,138947389494,60
8610,918874086,160
8611,6548075884,1670
8612,116816737475,0
8613,6245187504,1480
8614,116816737475,0
8615,7224778006,1120
8616,43045099605,20
8617,116816737475,0
8618,75286965941,40
8619,116816737475,0
8620,43045099605,20
8621,49960028,80
8622,116816737475,0
8623,60616469599,10
8624,8028119038,1060
8625,43045099605,20
8626,60616469599,10
8627,6998361474,5270
8628,116816737475,0
8629,190176097995,50
8630,116816737475,0
8631,116816737475,0
8632,116816737475,0
8633,16212542757,1150
8634,116816737475,0
8635,116816737475,0
8636,116816737475,0
8637,60616469599,10
8638,116816737475,0
8639,116816737475,0
8640,116816737475,0
8641,49960028,80
8642,43045099605,20
8643,60616469599,10
8644,43045099605,20
8645,2464082535,430
8646,116816737475,0
8647,116816737475,0
8648,918874086,160
8649,116816737475,0
8650,98841951,135950
8651,43045099605,20
8652,116816737475,0
8653,222193951,110
8654,60616469599,10
8655,116816737475,0
8656,283519909181,70
8657,116816737475,0
8658,75286965941,40
8659,116816737475,0
8660,33015450,26280
8661,116816737475,0
8662,116816737475,0
8663,116816737475,0
8664,116816737475,0
8665,144553899538,30
8666,116816737475,0
8667,8895160380,3610
8668,75286965941,40
8669,18904534798,2860
8670,638567731,57500
8671,170483447,120
8672,60616469599,10
8673,116816737475,0
8674,4607368032,8740
8675,116816737475,0
8676,116816737475,0
8677,7420932243,1780
8678,222193951,110
8679,7890115728,690
8680,60616469599,10
8681,116816737475,0
8682,116816737475,0
8683,2969884342,490
8684,116816737475,0
8685,60616469599,10
8686,116816737475,0
8687,594161423,200
8688,58490543,286290
8689,116816737475,0
8690,116816737475,0
8691,445305940,130
8692,60616469599,10
8693,116816737475,0
8694,842230173,59250
8695,616537238,150
8696,116816737475,0
8697,98935957,90
8698,49960028,80
8699,116816737475,0
8700,98935957,90
8701,138947389494,60
8702,116816737475,0
8703,846485190,140
8704,116816737475,0
8705,116816737475,0
8706,43045099605,20
8707,283519909181,70
8708,116816737475,0
8709,43045099605,20
8710,43045099605,20
8711,116816737475,0
8712,42781431,123660
8713,116816737475,0
8714,116816737475,0
8715,75286965941,40
8716,57713792569,1050
8717,116816737475,0
8718,12557655606,1490
8719,144553899538,30
8720,521670501,92580
8721,75286965941,40
8722,116816737475,0
8723,60616469599,10
8724,116816737475,0
8725,144553899538,30
8726,3175773367,380
8727,144553899538,30
8728,116816737475,0
8729,116816737475,0
8730,163636226,20690
8731,144553899538,30
8732,116816737475,0
8733,116816737475,0
8734,116816737475,0
8735,1851731580,280
8736,455765059,170
8737,75286965941,40
8738,116816737475,0
8739,116816737475,0
8740,1222212354,230
8741,116816737475,0
8742,49960028,80
8743,60616469599,10
8744,190176097995,50
8745,116816737475,0
8746,116816737475,0
8747,75286965941,40
8748,116816737475,0
8749,116816737475,0
8750,116816737475,0
8751,116816737475,0
8752,2960535850,14730
8753,116816737475,0
8754,43045099605,20
8755,116816737475,0
8756,656894891,61300
8757,34387480626,3740
8758,709992744,40
8759,116816737475,0
8760,116816737475,0
8761,836353721,80
8762,1710496816,2500
8763,75286965941,40
8764,801159932,150
8765,455765059,170
8766,1314957402,40790
8767,116816737475,0
8768,116816737475,0
8769,60616469599,10
8770,116816737475,0
8771,19515566253,6840
8772,116816737475,0
8773,60616469599,10
8774,116816737475,0
8775,283519909181,70
8776,1063558241,220
8777,116816737475,0
8778,116816737475,0
8779,49960028,80
8780,116816737475,0
8781,144553899538,30
8782,116816737475,0
8783,43045099605,20
8784,116816737475,0
8785,116816737475,0
8786,116816737475,0
8787,222193951,110
8788,116816737475,0
8789,116816737475,0
8790,116816737475,0
8791,116816737475,0
8792,4090631004,1460
8793,222193951,110
8794,3144955296,570
8795,60616469599,10
8796,116816737475,0
8797,801159932,150
8798,43045099605,20
8799,116816737475,0
8800,116816737475,0
8801,75286965941,40
8802,36267752335,6000
8803,1005164830,2020
8804,116816737475,0
8805,2322907479,1700
8806,2818434407,53550
8807,116816737475,0
8808,116816737475,0
8809,116816737475,0
8810,116816737475,0
8811,60616469599,10
8812,60616469599,10
8813,116816737475,0
8814,116816737475,0
8815,144553899538,30
8816,60616469599,10
8817,951316791,230
8818,6900363327,1770
8819,116816737475,0
8820,116816737475,0
8821,116816737475,0
8822,116816737475,0
8823,2969884342,490
8824,60616469599,10
8825,846485190,140
8826,116816737475,0
8827,138947389494,60
8828,116816737475,0
8829,116816737475,0
8830,2439645419,2530
8831,103905268,128210
8832,116816737475,0
8833,116816737475,0
8834,283519909181,70
8835,43045099605,20
8836,6461935609,960
8837,60616469599,10
8838,445305940,130
8839,60616469599,10
8840,60616469599,10
8841,9891102751,2430
8842,374268145,105240
8843,116816737475,0
8844,3991899545,1490
8845,116816737475,0
8846,58460152,384770
8847,116816737475,0
8848,3492565770,370
8849,116816737475,0
8850,98935957,90
8851,116816737475,0
8852,116816737475,0
8853,846485190,140
8854,75286965941,40
8855,116816737475,0
8856,43045099605,20
8857,116816737475,0
8858,116816737475,0
8859,116816737475,0
8860,116816737475,0
8861,1738245466,330
8862,60616469599,10
8863,116816737475,0
8864,116816737475,0
8865,116816737475,0
8866,138947389494,60
8867,60616469599,10
8868,116816737475,0
8869,116816737475,0
8870,43045099605,20
8871,49960028,80
8872,116816737475,0
8873,116816737475,0
8874,116816737475,0
8875,116816737475,0
8876,49289445,262240
8877,116816737475,0
8878,2228192960,2440
8879,116816737475,0
8880,75286965941,40
8881,699499891,87280
8882,144553899538,30
8883,43045099605,20
8884,116816737475,0
8885,33857248,268190
8886,3921374985,520
8887,47214617,260810
8888,58591194,348190
8889,116816737475,0
8890,138947389494,60
8891,116816737475,0
8892,75286965941,40
8893,43045099605,20
8894,43045099605,20
8895,60616469599,10
8896,116816737475,0
8897,116816737475,0
8898,116816737475,0
8899,116816737475,0
8900,116816737475,0
8901,7885932191,2230
8902,43045099605,20
8903,2758526979,640
8904,18123547882,2340
8905,445305940,130
8906,116816737475,0
8907,43045099605,20
8908,144553899538,30
8909,116816737475,0
8910,43045099605,20
8911,13852907128,8620
8912,170483447,120
8913,5911186904,1910
8914,6028467026,1850
8915,3601869146,1280
8916,138947389494,60
8917,116816737475,0
8918,285189160,50
8919,876025595,67090
8920,455765059,170
8921,5645748511,1840
8922,144553899538,30
8923,116816737475,0
8924,116816737475,0
8925,138947389494,60
8926,116816737475,0
8927,116816737475,0
8928,116816737475,0
8929,60616469599,10
8930,144553899538,30
8931,222193951,110
8932,144553899538,30
8933,170483447,120
8934,116816737475,0
8935,116816737475,0
8936,13669936,27090
8937,116816737475,0
8938,49960028,80
8939,1724158807,360
8940,116816737475,0
8941,144553899538,30
8942,116816737475,0
8943,116816737475,0
8944,116816737475,0
8945,116816737475,0
8946,116816737475,0
8947,116816737475,0
8948,144553899538,30
8949,1363322724,130
8950,75286965941,40
8951,49960028,80
8952,116816737475,0
8953,3142648772,1620
8954,75286965941,40
8955,75286965941,40
8956,138947389494,60
8957,8278952538,19730
8958,138947389494,60
8959,43045099605,20
8960,60616469599,10
8961,116816737475,0
8962,75286965941,40
8963,116816737475,0
8964,144553899538,30
8965,116816737475,0
8966,205864316,100
8967,43045099605,20
8968,116816737475,0
8969,75286965941,40
8970,138947389494,60
8971,116816737475,0
8972,116816737475,0
8973,116816737475,0
8974,43045099605,20
8975,205864316,100
8976,222193951,110
8977,24455268976,7400
8978,5603170552,2100
8979,116816737475,0
8980,116816737475,0
8981,75286965941,40
8982,43045099605,20
8983,43045099605,20
8984,116816737475,0
8985,116816737475,0
8986,116816737475,0
8987,116816737475,0
8988,5156011179,1430
8989,885019614,34120
8990,29441456,45090
8991,116816737475,0
8992,116816737475,0
8993,116816737475,0
8994,116816737475,0
8995,116816737475,0
8996,1638186750,240
8997,205864316,100
8998,116816737475,0
8999,116816737475,0
9000,116816737475,0
9001,283519909181,70
9002,116816737475,0
9003,138947389494,60
9004,5204658934,5250
9005,43045099605,20
9006,116816737475,0
9007,75286965941,40
9008,5233278901,1290
9009,116816737475,0
9010,116816737475,0
9011,116816737475,0
9012,75286965941,40
9013,116816737475,0
9014,116816737475,0
9015,116816737475,0
9016,116816737475,0
9017,2339603815,320
9018,7018278428,1340
9019,116816737475,0
9020,116816737475,0
9021,116816737475,0
9022,138947389494,60
9023,116816737475,0
9024,116816737475,0
9025,116816737475,0
9026,138947389494,60
9027,670234058,20
9028,116816737475,0
9029,116816737475,0
9030,144553899538,30
9031,144553899538,30
9032,1435448910,14160
9033,116816737475,0
9034,116816737475,0
9035,190176097995,50
9036,116816737475,0
9037,116816737475,0
9038,14272390780,1000
9039,138947389494,60
9040,116816737475,0
9041,3583599315,1950
9042,116816737475,0
9043,116816737475,0
9044,5582797462,2650
9045,116816737475,0
9046,43045099605,20
9047,60616469599,10
9048,116816737475,0
9049,14760609796,2130
9050,190176097995,50
9051,116816737475,0
9052,116816737475,0
9053,3174379428,47570
9054,60616469599,10
9055,144553899538,30
9056,170483447,120
9057,49960028,80
9058,60616469599,10
9059,801159932,150
9060,75286965941,40
9061,2162400270,250
9062,144553899538,30
9063,116816737475,0
9064,43045099605,20
9065,31607010165,4870
9066,18631966460,16350
9067,4916100688,1530
9068,116816737475,0
9069,190176097995,50
9070,190176097995,50
9071,2420681464,70
9072,60616469599,10
9073,43045099605,20
9074,10122695958,8210
9075,116816737475,0
9076,116816737475,0
9077,116816737475,0
9078,283519909181,70
9079,7199891560,940
9080,60616469599,10
9081,116816737475,0
9082,1303714018,260
9083,116816737475,0
9084,5417518269,1500
9085,138947389494,60
9086,116816737475,0
9087,116816737475,0
9088,49960028,80
9089,116816737475,0
9090,60347097,235910
9091,116816737475,0
9092,43045099605,20
9093,116816737475,0
9094,116816737475,0
9095,60616469599,10
9096,3031458641,7360
9097,7231489029,2080
9098,116816737475,0
9099,144553899538,30
9100,138947389494,60
9101,116816737475,0
9102,1334728553,1710
9103,116816737475,0
9104,1155536910,2320
9105,116816737475,0
9106,75286965941,40
9107,116816737475,0
9108,116816737475,0
9109,116816737475,0
9110,60616469599,10
9111,75286965941,40
9112,138947389494,60
9113,116816737475,0
9114,205864316,100
9115,116816737475,0
9116,283519909181,70
9117,14450163556,860
9118,43045099605,20
9119,144553899538,30
9120,3413445893,45130
9121,1222212354,230
9122,116816737475,0
9123,116816737475,0
9124,43045099605,20
9125,75286965941,40
9126,116816737475,0
9127,918874086,160
9128,116816737475,0
9129,116816737475,0
9130,60616469599,10
9131,116816737475,0
9132,1410761348,120
9133,60616469599,10
9134,43045099605,20
9135,116816737475,0
9136,116816737475,0
9137,116816737475,0
9138,144553899538,30
9139,144553899538,30
9140,116816737475,0
9141,1667196167,190
9142,116816737475,0
9143,116816737475,0
9144,116816737475,0
9145,116816737475,0
9146,116816737475,0
9147,3142648772,1620
9148,116816737475,0
9149,1931359573,420
9150,43045099605,20
9151,190176097995,50
9152,43045099605,20
9153,116816737475,0
9154,5539996878,920
9155,116816737475,0
9156,116816737475,0
9157,116816737475,0
9158,116816737475,0
9159,116816737475,0
9160,116816737475,0
9161,144553899538,30
9162,4248131449,1810
9163,144553899538,30
9164,1258753930,190
9165,43045099605,20
9166,445305940,130
9167,116816737475,0
9168,116816737475,0
9169,116816737475,0
9170,31714984,198270
9171,116816737475,0
9172,116816737475,0
9173,116816737475,0
9174,116816737475,0
9175,116816737475,0
9176,1701173779,68910
9177,144553899538,30
9178,60616469599,10
9179,116816737475,0
9180,116816737475,0
9181,283519909181,70
9182,3583599315,1950
9183,138947389494,60
9184,115220691,155710
9185,3870255212,2450
9186,144553899538,30
9187,6440712739,1410
9188,22328034,276250
9189,138947389494,60
9190,116816737475,0
9191,1258753930,190
9192,60616469599,10
9193,61310537,346260
9194,709992744,40
9195,75286965941,40
9196,116816737475,0
9197,116816737475,0
9198,116816737475,0
9199,116816737475,0
9200,92687084,134900
9201,3918807033,2170
9202,116816737475,0
9203,19034441713,750
9204,144553899538,30
9205,2964565797,890
9206,6998361474,5270
9207,116816737475,0
9208,7101351243,2640
9209,4114037018,3130
9210,60616469599,10
9211,116816737475,0
9212,222193951,110
9213,1339055394,110
9214,3306223458,1280
9215,116816737475,0
9216,116816737475,0
9217,43045099605,20
9218,116816737475,0
9219,116816737475,0
9220,116816737475,0
9221,116816737475,0
9222,116816737475,0
9223,58510031,333550
9224,116816737475,0
9225,64811028,371410
9226,144553899538,30
9227,5744834024,2080
9228,116816737475,0
9229,709992744,40
9230,116816737475,0
9231,116816737475,0
9232,43045099605,20
9233,60616469599,10
9234,116816737475,0
9235,7874409462,470
9236,43045099605,20
9237,43045099605,20
9238,2682100649,620
9239,190176097995,50
9240,116816737475,0
9241,116816737475,0
9242,116816737475,0
9243,116816737475,0
9244,43045099605,20
9245,4116345429,2140
9246,116816737475,0
9247,116816737475,0
9248,49960028,80
9249,445305940,130
9250,43045099605,20
9251,801159932,150
9252,1638186750,240
9253,43045099605,20
9254,116816737475,0
9255,116816737475,0
9256,75286965941,40
9257,116816737475,0
9258,116816737475,0
9259,116816737475,0
9260,116816737475,0
9261,116816737475,0
9262,116816737475,0
9263,116816737475,0
9264,298171881,18380
9265,3763740622,1690
9266,116816737475,0
9267,116816737475,0
9268,116816737475,0
9269,1155536910,2320
9270,43045099605,20
9271,43045099605,20
9272,43045099605,20
9273,75286965941,40
9274,190176097995,50
9275,283519909181,70
9276,116816737475,0
9277,116816737475,0
9278,3431459247,2960
9279,170483447,120
9280,60616469599,10
9281,43045099605,20
9282,5417518269,1500
9283,1258753930,190
9284,205864316,100
9285,49960028,80
9286,60616469599,10
9287,3429334244,650
9288,43045099605,20
9289,116816737475,0
9290,116816737475,0
9291,116816737475,0
9292,116816737475,0
9293,918874086,160
9294,116816737475,0
9295,19776569,94270
9296,222193951,110
9297,116816737475,0
9298,43045099605,20
9299,60616469599,10
9300,1063558241,220
9301,1087438735,14470
9302,116816737475,0
9303,1011834360,140
9304,116816737475,0
9305,116816737475,0
9306,116816737475,0
9307,2501198098,350
9308,116816737475,0
9309,116816737475,0
9310,116816737475,0
9311,116816737475,0
9312,116816737475,0
9313,43045099605,20
9314,3719566320,2200
9315,116816737475,0
9316,5909110929,2950
9317,3033724725,1470
9318,924081285,17450
9319,435705729,18760
9320,116816737475,0
9321,116816737475,0
9322,116816737475,0
9323,836353721,80
9324,60616469599,10
9325,144553899538,30
9326,43045099605,20
9327,594161423,200
9328,75286965941,40
9329,49960028,80
9330,3446902910,41140
9331,138947389494,60
9332,116816737475,0
9333,6900363327,1770
9334,116816737475,0
9335,75286965941,40
9336,2170265447,590
9337,116816737475,0
9338,49960028,80
9339,222193951,110
9340,116816737475,0
9341,116816737475,0
9342,116816737475,0
9343,116816737475,0
9344,2166556936,46640
9345,3153189560,270
9346,43045099605,20
9347,43045099605,20
9348,60616469599,10
9349,116816737475,0
9350,98935957,90
9351,116816737475,0
9352,22216836885,2280
9353,116816737475,0
9354,116816737475,0
9355,116816737475,0
9356,846485190,140
9357,116816737475,0
9358,43045099605,20
9359,116816737475,0
9360,2903375156,560
9361,116816737475,0
9362,43045099605,20
9363,60616469599,10
9364,116816737475,0
9365,3175773367,380
9366,190176097995,50
9367,144553899538,30
9368,3059073083,1740
9369,116816737475,0
9370,116816737475,0
9371,116816737475,0
9372,116816737475,0
9373,116816737475,0
9374,98935957,90
9375,30065986207,5240
9376,116816737475,0
9377,116816737475,0
9378,60616469599,10
9379,116816737475,0
9380,116816737475,0
9381,116816737475,0
9382,116816737475,0
9383,116816737475,0
9384,116816737475,0
9385,116816737475,0
9386,12538960052,5200
9387,116816737475,0
9388,116816737475,0
9389,6481029366,8960
9390,31060193477,3480
9391,116816737475,0
9392,116816737475,0
9393,116816737475,0
9394,116816737475,0
9395,138947389494,60
9396,75286965941,40
9397,116816737475,0
9398,116816737475,0
9399,43045099605,20
9400,16914777762,3470
9401,51761125,384370
9402,4461628361,920
9403,116816737475,0
9404,1222212354,230
9405,41756044,29170
9406,60616469599,10
9407,116816737475,0
9408,116816737475,0
9409,116816737475,0
9410,373909885,19840
9411,6885141324,1040
9412,75286965941,40
9413,116816737475,0
9414,116816737475,0
9415,10171023177,530
9416,144553899538,30
9417,60616469599,10
9418,75286965941,40
9419,116816737475,0
9420,144553899538,30
9421,1386344507,69490
9422,190176097995,50
9423,116816737475,0
9424,116816737475,0
9425,34200132,39200
9426,5645748511,1840
9427,205864316,100
9428,170483447,120
9429,138947389494,60
9430,116816737475,0
9431,116816737475,0
9432,116816737475,0
9433,5091399584,2470
9434,116816737475,0
9435,116816737475,0
9436,144553899538,30
9437,116816737475,0
9438,116816737475,0
9439,116816737475,0
9440,4860072101,2730
9441,116816737475,0
9442,2302944737,39370
9443,116816737475,0
9444,116816737475,0
9445,1777894361,2790
9446,75286965941,40
9447,116816737475,0
9448,49960028,80
9449,116816737475,0
9450,116816737475,0
9451,4564481253,2270
9452,3796292996,11020
9453,3669744407,32270
9454,116816737475,0
9455,116816737475,0
9456,116816737475,0
9457,75286965941,40
9458,1215684779,2300
9459,60616469599,10
9460,116816737475,0
9461,43045099605,20
9462,4613598754,580
9463,2943233464,1870
9464,445305940,130
9465,977028499,180
9466,116816737475,0
9467,75286965941,40
9468,5196445507,2750
9469,116816737475,0
9470,116816737475,0
9471,43045099605,20
9472,49960028,80
9473,17244291,68150
9474,43045099605,20
9475,49960028,80
9476,5156011179,1430
9477,116816737475,0
9478,116816737475,0
9479,190176097995,50
9480,116816737475,0
9481,116816737475,0
9482,1303714018,260
9483,58484548,395660
9484,846485190,140
9485,116816737475,0
9486,14219844823,3540
9487,60616469599,10
9488,116816737475,0
9489,6900363327,1770
9490,1161313702,2090
9491,116816737475,0
9492,6773705854,1270
9493,116816737475,0
9494,116816737475,0
9495,3489059573,2760
9496,116816737475,0
9497,116816737475,0
9498,846485190,140
9499,1062783626,47400
9500,60616469599,10
9501,676476167,210
9502,28238006881,3910
9503,116816737475,0
9504,116816737475,0
9505,60616469599,10
9506,116816737475,0
9507,116816737475,0
9508,116816737475,0
9509,19034441713,750
9510,222193951,110
9511,977028499,180
9512,75286965941,40
9513,43045099605,20
9514,116816737475,0
9515,43045099605,20
9516,116816737475,0
9517,75286965941,40
9518,116816737475,0
9519,266739421,18740
9520,15265824523,5360
9521,43045099605,20
9522,116816737475,0
9523,2854848331,1640
9524,116816737475,0
9525,144553899538,30
9526,116816737475,0
9527,1258753930,190
9528,116816737475,0
9529,116816737475,0
9530,116816737475,0
9531,455765059,170
9532,116816737475,0
9533,116816737475,0
9534,6548075884,1670
9535,43045099605,20
9536,116816737475,0
9537,116816737475,0
9538,170483447,120
9539,116816737475,0
9540,44440036,321570
9541,116816737475,0
9542,43045099605,20
9543,116816737475,0
9544,138947389494,60
9545,116816737475,0
9546,43045099605,20
9547,116816737475,0
9548,116816737475,0
9549,116816737475,0
9550,116816737475,0
9551,536334581,270
9552,43045099605,20
9553,116816737475,0
9554,116816737475,0
9555,43045099605,20
9556,709992744,40
9557,1130008936,340
9558,116816737475,0
9559,116816737475,0
9560,116816737475,0
9561,60616469599,10
9562,116816737475,0
9563,2734401992,3360
9564,116816737475,0
9565,60616469599,10
9566,60616469599,10
9567,5233278901,1290
9568,10171023177,530
9569,116816737475,0
9570,43045099605,20
9571,337661390,53430
9572,116816737475,0
9573,43045099605,20
9574,116816737475,0
9575,4264567438,1540
9576,43045099605,20
9577,116816737475,0
9578,116816737475,0
9579,49960028,80
9580,75286965941,40
9581,37550861,212680
9582,43045099605,20
9583,116816737475,0
9584,116816737475,0
9585,1488507447,2110
9586,116816737475,0
9587,43045099605,20
9588,116816737475,0
9589,116816737475,0
9590,97249782,102840
9591,116816737475,0
9592,3040343027,400
9593,116816737475,0
9594,116816737475,0
9595,144553899538,30
9596,116816737475,0
9597,116816737475,0
9598,116816737475,0
9599,1766970840,290
9600,6440712739,1410
9601,116816737475,0
9602,2949900765,1450
9603,116816737475,0
9604,2189724947,420
9605,116816737475,0
9606,144553899538,30
9607,116816737475,0
9608,116816737475,0
9609,6773705854,1270
9610,4363374203,1520
9611,116816737475,0
9612,75286965941,40
9613,116816737475,0
9614,75286965941,40
9615,116816737475,0
9616,3734106426,2600
9617,43045099605,20
9618,2094174641,450
9619,1535884552,1610
9620,144553899538,30
9621,116816737475,0
9622,1263505964,57300
9623,1221795896,12720
9624,116816737475,0
9625,11985716671,1790
9626,116816737475,0
9627,205864316,100
9628,7586848994,2360
9629,116816737475,0
9630,75286965941,40
9631,116816737475,0
9632,116816737475,0
9633,116816737475,0
9634,1303714018,260
9635,116816737475,0
9636,116816737475,0
9637,144553899538,30
9638,116816737475,0
9639,116816737475,0
9640,11366694511,1730
9641,116816737475,0
9642,116816737475,0
9643,116816737475,0
9644,116816737475,0
9645,43045099605,20
9646,116816737475,0
9647,43045099605,20
9648,60616469599,10
9649,43045099605,20
9650,49960028,80
9651,116816737475,0
9652,116816737475,0
9653,116816737475,0
9654,116816737475,0
9655,4860072101,2730
9656,116816737475,0
9657,116816737475,0
9658,43045099605,20
9659,75286965941,40
9660,3607585520,1790
9661,12573285412,3020
9662,10082837616,3240
9663,222193951,110
9664,116816737475,0
9665,36575585,33700
9666,116816737475,0
9667,60616469599,10
9668,116816737475,0
9669,116816737475,0
9670,116816737475,0
9671,60616469599,10
9672,116816737475,0
9673,116816737475,0
9674,116816737475,0
9675,1292684211,55330
9676,43045099605,20
9677,116816737475,0
9678,283519909181,70
9679,75286965941,40
9680,116816737475,0
9681,116816737475,0
9682,116816737475,0
9683,144553899538,30
9684,43045099605,20
9685,116816737475,0
9686,1130589359,240
9687,144553899538,30
9688,801159932,150
9689,75286965941,40
9690,4504846082,2350
9691,190176097995,50
9692,116816737475,0
9693,116816737475,0
9694,116816737475,0
9695,144553899538,30
9696,116816737475,0
9697,60616469599,10
9698,43045099605,20
9699,116816737475,0
9700,190176097995,50
9701,116816737475,0
9702,918874086,160
9703,138947389494,60
9704,307250354,65250
9705,116816737475,0
9706,283519909181,70
9707,116816737475,0
9708,11177936087,9390
9709,222193951,110
9710,114142632,87830
9711,39914827,254580
9712,5354838548,3090
9713,116816737475,0
9714,116816737475,0
9715,60616469599,10
9716,3719566320,2200
9717,116816737475,0
9718,43045099605,20
9719,2414103274,3000
9720,75286965941,40
9721,43045099605,20
9722,138947389494,60
9723,60616469599,10
9724,116816737475,0
9725,5354838548,3090
9726,4439027966,2570
9727,43045099605,20
9728,116816737475,0
9729,116816737475,0
9730,116816737475,0
9731,2322907479,1700
9732,3231463498,1510
9733,8059646866,1730
9734,3051337586,2310
9735,2964565797,890
9736,8249250076,2900
9737,116816737475,0
9738,43045099605,20
9739,116816737475,0
9740,75286965941,40
9741,144553899538,30
9742,918874086,160
9743,116816737475,0
9744,116816737475,0
9745,116816737475,0
9746,45109409,231570
9747,4934908781,2660
9748,1063558241,220
9749,116816737475,0
9750,116816737475,0
9751,60616469599,10
9752,116816737475,0
9753,116816737475,0
9754,39078455,253310
9755,60616469599,10
9756,1535884552,1610
9757,116816737475,0
9758,116816737475,0
9759,43045099605,20
9760,43045099605,20
9761,138947389494,60
9762,2094174641,450
9763,6435301767,1560
9764,98935957,90
9765,1294888195,52710
9766,43045099605,20
9767,116816737475,0
9768,3047509303,13700
9769,75286965941,40
9770,116816737475,0
9771,116816737475,0
9772,116816737475,0
9773,116816737475,0
9774,190176097995,50
9775,50689956,227840
9776,116816737475,0
9777,918874086,160
9778,4252399038,13210
9779,2341525039,2400
9780,116816737475,0
9781,1838222294,340
9782,5552101309,12180
9783,116816737475,0
9784,116816737475,0
9785,116816737475,0
9786,60616469599,10
9787,116816737475,0
9788,56722084,349490
9789,144553899538,30
9790,116816737475,0
9791,190176097995,50
9792,190176097995,50
9793,116816737475,0
9794,1792884826,2770
9795,1667196167,190
9796,75286965941,40
9797,283519909181,70
9798,116816737475,0
9799,116816737475,0
9800,283519909181,70
9801,2854848331,1640
9802,6651387372,1820
9803,75286965941,40
9804,60616469599,10
9805,116816737475,0
9806,116816737475,0
9807,116816737475,0
9808,116816737475,0
9809,75286965941,40
9810,618978832,66970
9811,43045099605,20
9812,116816737475,0
9813,116816737475,0
9814,116816737475,0
9815,43045099605,20
9816,2089616274,12640
9817,116816737475,0
9818,32367158,254570
9819,1904076501,430
9820,116816737475,0
9821,116816737475,0
9822,75286965941,40
9823,43045099605,20
9824,98935957,90
9825,75286965941,40
9826,116816737475,0
9827,43045099605,20
9828,116816737475,0
9829,75286965941,40
9830,116816737475,0
9831,116816737475,0
9832,116816737475,0
9833,98935957,90
9834,190176097995,50
9835,846485190,140
9836,190176097995,50
9837,190176097995,50
9838,3981833631,36860
9839,116816737475,0
9840,116816737475,0
9841,116816737475,0
9842,222193951,110
9843,116816737475,0
9844,2414103274,3000
9845,2822282530,2610
9846,138947389494,60
9847,116816737475,0
9848,116816737475,0
9849,116816737475,0
9850,116816737475,0
9851,60785311,194010
9852,116816737475,0
9853,3728196391,2060
9854,116816737475,0
9855,49960028,80
9856,2597382971,54840
9857,1005164830,2020
9858,115441908,159340
9859,60616469599,10
9860,43045099605,20
9861,138947389494,60
9862,918874086,160
9863,49960028,80
9864,98935957,90
9865,31663942,70210
9866,694635480,83790
9867,43045099605,20
9868,116816737475,0
9869,2420681464,70
9870,116816737475,0
9871,116816737475,0
9872,222193951,110
9873,4187008360,2290
9874,116816737475,0
9875,116816737475,0
9876,60616469599,10
9877,116816737475,0
9878,116816737475,0
9879,283519909181,70
9880,116816737475,0
9881,190176097995,50
9882,144553899538,30
9883,138947389494,60
9884,60616469599,10
9885,2688837564,2460
9886,116816737475,0
9887,4187008360,2290
9888,43045099605,20
9889,116816737475,0
9890,45378589,118710
9891,43045099605,20
9892,43045099605,20
9893,116816737475,0
9894,2144558868,1800
9895,75286965941,40
9896,116816737475,0
9897,5527567165,2880
9898,116816737475,0
9899,116816737475,0
9900,75286965941,40
9901,116816737475,0
9902,3359867272,980
9903,116816737475,0
9904,4264567438,1540
9905,138947389494,60
9906,116816737475,0
9907,801159932,150
9908,43045099605,20
9909,205864316,100
9910,43045099605,20
9911,1539214555,90
9912,43045099605,20
9913,205864316,100
9914,51709685655,1230
9915,116816737475,0
9916,116816737475,0
9917,2170265447,590
9918,116816737475,0
9919,26867887,201620
9920,116816737475,0
9921,116816737475,0
9922,116816737475,0
9923,43045099605,20
9924,116816737475,0
9925,75286965941,40
9926,190176097995,50
9927,116816737475,0
9928,75286965941,40
9929,43045099605,20
9930,116816737475,0
9931,1011834360,140
9932,116816737475,0
9933,2186902678,810
9934,1114193387,170
9935,144553899538,30
9936,116816737475,0
9937,616537238,150
9938,2423409382,2330
9939,951316791,230
9940,116816737475,0
9941,116816737475,0
9942,116816737475,0
9943,116816737475,0
9944,846485190,140
9945,144553899538,30
9946,125329102,157630
9947,98935957,90
9948,116816737475,0
9949,116816737475,0
9950,75286965941,40
9951,138947389494,60
9952,190176097995,50
9953,75286965941,40
9954,116816737475,0
9955,116816737475,0
9956,3219489974,3110
9957,116816737475,0
9958,60616469599,10
9959,285189160,50
9960,2714801181,14000
9961,13240712975,3870
9962,918874086,160
9963,60616469599,10
9964,670234058,20
9965,116816737475,0
9966,43045099605,20
9967,43045099605,20
9968,170483447,120
9969,4865597986,3310
9970,43045099605,20
9971,116816737475,0
9972,3033724725,1470
9973,43045099605,20
9974,60616469599,10
9975,63283051,198290
9976,116816737475,0
9977,116816737475,0
9978,116816737475,0
9979,144553899538,30
9980,190176097995,50
9981,116816737475,0
9982,116816737475,0
9983,116816737475,0
9984,3307713300,220
9985,801159932,150
9986,116816737475,0
9987,2382967929,1830
9988,116816737475,0
9989,116816737475,0
9990,918874086,160
9991,190176097995,50
9992,1557975391,280
9993,116816737475,0
9994,75286965941,40
9995,116816737475,0
9996,144553899538,30
9997,43045099605,20
9998,918874086,160
9999,116816737475,0
10000,60616469599,10
10001,98935957,90
10002,116816737475,0
10003,1658184184,29840
10004,116816737475,0
10005,49960028,80
10006,60616469599,10
10007,116816737475,0
10008,3033724725,1470
10009,116816737475,0
10010,116816737475,0
10011,26276641,42310
10012,1710496816,2500
10013,3399341067,2340
10014,75286965941,40
10015,60616469599,10
10016,60616469599,10
10017,116816737475,0
10018,977028499,180
10019,116816737475,0
10020,60616469599,10
10021,1484917857,48340
10022,116816737475,0
10023,116816737475,0
10024,43045099605,20
10025,5233278901,1290
10026,5582797462,2650
10027,43045099605,20
10028,116816737475,0
10029,116816737475,0
10030,116816737475,0
10031,116816737475,0
10032,43045099605,20
10033,60616469599,10
10034,455765059,170
10035,49960028,80
10036,3033724725,1470
10037,35200901,28800
10038,3125401130,2010
10039,43045099605,20
10040,116816737475,0
10041,116816737475,0
10042,1956261898,2240
10043,60616469599,10
10044,116816737475,0
10045,116816737475,0
10046,2903375156,560
10047,60616469599,10
10048,2824855894,42040
10049,11000979856,1960
10050,116816737475,0
10051,4227921198,1180
10052,116816737475,0
10053,3763740622,1690
10054,116816737475,0
10055,116816737475,0
10056,116816737475,0
10057,3734106426,2600
10058,2132243772,1880
10059,116816737475,0
10060,75286965941,40
10061,49960028,80
10062,4383213796,1010
10063,116816737475,0
10064,1082454696,80390
10065,5835516448,1750
10066,5437569418,480
10067,116816737475,0
10068,2032693885,14340
10069,15026038786,2490
10070,116816737475,0
10071,116816737475,0
10072,116816737475,0
10073,144553899538,30
10074,6028467026,1850
10075,75286965941,40
10076,116816737475,0
10077,144553899538,30
10078,116816737475,0
10079,7059733387,2970
10080,846485190,140
10081,144553899538,30
10082,116816737475,0
10083,116816737475,0
10084,116816737475,0
10085,116816737475,0
10086,116816737475,0
10087,43045099605,20
10088,116816737475,0
10089,9884032713,1590
10090,801159932,150
10091,116816737475,0
10092,116816737475,0
10093,138947389494,60
10094,190176097995,50
10095,1334728553,1710
10096,116816737475,0
10097,7554158580,1570
10098,116816737475,0
10099,60616469599,10
10100,116816737475,0
10101,60616469599,10
10102,1511829895,14150
10103,116816737475,0
10104,6603236515,10970
10105,5213118717,480
10106,116816737475,0
10107,116816737475,0
10108,75286965941,40
10109,60616469599,10
10110,7975776174,630
10111,116816737475,0
10112,2356723910,1580
10113,918874086,160
10114,43045099605,20
10115,80702808,210960
10116,116816737475,0
10117,60616469599,10
10118,116816737475,0
10119,116816737475,0
10120,4846697301,3050
10121,2969884342,490
10122,116816737475,0
10123,3991899545,1490
10124,43045099605,20
10125,116816737475,0
10126,116816737475,0
10127,116816737475,0
10128,116816737475,0
10129,116816737475,0
10130,43045099605,20
10131,536334581,270
10132,43045099605,20
10133,3520133578,490
10134,116816737475,0
10135,116816737475,0
10136,116816737475,0
10137,116816737475,0
10138,4649651882,310
10139,116816737475,0
10140,116816737475,0
10141,116816737475,0
10142,60616469599,10
10143,60616469599,10
10144,86936626,122050
10145,60616469599,10
10146,1956261898,2240
10147,283519909181,70
10148,2949900765,1450
10149,116816737475,0
10150,116816737475,0
10151,1363322724,130
10152,3040343027,400
10153,116816737475,0
10154,48628779,216210
10155,116816737475,0
10156,116816737475,0
10157,43045099605,20
10158,116816737475,0
10159,60616469599,10
10160,116816737475,0
10161,2612708119,1650
10162,2348567887,15070
10163,91182393,20470
10164,116816737475,0
10165,129481187,113050
10166,116816737475,0
10167,116816737475,0
10168,116816737475,0
10169,2094174641,450
10170,2688837564,2460
10171,25154009135,14280
10172,7865859854,11310
10173,116816737475,0
10174,116816737475,0
10175,116816737475,0
10176,116816737475,0
10177,116816737475,0
10178,116816737475,0
10179,116816737475,0
10180,49960028,80
10181,41500721,229610
10182,116816737475,0
10183,116816737475,0
10184,75286965941,40
10185,6651387372,1820
10186,116816737475,0
10187,43045099605,20
10188,116816737475,0
10189,116816737475,0
10190,60616469599,10
10191,144553899538,30
10192,43045099605,20
10193,20681281,29190
10194,116816737475,0
10195,438976016,35330
10196,116816737475,0
10197,116816737475,0
10198,8126372114,8410
10199,43045099605,20
10200,3319292913,5120
10201,60616469599,10
10202,116816737475,0
10203,24537403201,6540
10204,116816737475,0
10205,3179886486,300
10206,116816737475,0
10207,616537238,150
10208,116816737475,0
10209,116816737475,0
10210,43045099605,20
10211,75286965941,40
10212,116816737475,0
10213,116816737475,0
10214,116816737475,0
10215,2342990083,58370
10216,116816737475,0
10217,116816737475,0
10218,43045099605,20
10219,6181971206,1990
10220,75286965941,40
10221,43045099605,20
10222,116816737475,0
10223,116816737475,0
10224,116816737475,0
10225,116816737475,0
10226,138947389494,60
10227,116816737475,0
10228,170483447,120
10229,116816737475,0
10230,116816737475,0
10231,116816737475,0
10232,116816737475,0
10233,144553899538,30
10234,2420681464,70
10235,2464082535,430
10236,3888914810,360
10237,6282337287,2710
10238,116816737475,0
10239,116816737475,0
10240,3169361997,2980
10241,190176097995,50
10242,116816737475,0
10243,60616469599,10
10244,1063558241,220
10245,39552955,174860
10246,30969852,180860
10247,763282332,68070
10248,918874086,160
10249,116816737475,0
10250,8973539142,2250
10251,116816737475,0
10252,1465988741,63640
10253,116816737475,0
10254,60616469599,10
10255,4564481253,2270
10256,43045099605,20
10257,116816737475,0
10258,116816737475,0
10259,2382967929,1830
10260,116816737475,0
10261,60616469599,10
10262,1033975128,73880
10263,5171474941,2590
10264,144553899538,30
10265,116816737475,0
10266,205864316,100
10267,116816737475,0
10268,43045099605,20
10269,116816737475,0
10270,116816737475,0
10271,116816737475,0
10272,705000594,67380
10273,60616469599,10
10274,116816737475,0
10275,170483447,120
10276,20965914684,5090
10277,116816737475,0
10278,75286965941,40
10279,38158822,39070
10280,60616469599,10
10281,7858264401,5800
10282,116816737475,0
10283,9257226123,4800
10284,25019997,1500000
10285,43045099605,20
10286,116816737475,0
10287,116816737475,0
10288,6135733100,25750
10289,11929709787,4330
10290,6394174005,11580
10291,116816737475,0
10292,116816737475,0
10293,43045099605,20
10294,116816737475,0
10295,43045099605,20
10296,116816737475,0
10297,283519909181,70
10298,53746267,181180
10299,2826526734,46890
10300,1105524794,100
10301,116816737475,0
10302,20137349933,2540
10303,75286965941,40
10304,116816737475,0
10305,116816737475,0
10306,116816737475,0
10307,106884659,88390
10308,144553899538,30
10309,3734106426,2600
10310,43045099605,20
10311,5186465691,2480
10312,60616469599,10
10313,6568659751,370
10314,75286965941,40
10315,222193951,110
10316,116816737475,0
10317,116816737475,0
10318,49960028,80
10319,2724268407,670
10320,5223865778,2000
10321,43045099605,20
10322,2337037272,2800
10323,3988892888,260
10324,148439328,67890
10325,116816737475,0
10326,116816737475,0
10327,116816737475,0
10328,715752591,88690
10329,455765059,170
10330,116816737475,0
10331,116816737475,0
10332,811043253,15140
10333,116816737475,0
10334,1889443495,2390
10335,3918807033,2170
10336,43045099605,20
10337,190176097995,50
10338,90865092,22030
10339,116816737475,0
10340,116816737475,0
10341,116816737475,0
10342,116816737475,0
10343,116816737475,0
10344,116816737475,0
10345,98935957,90
10346,116816737475,0
10347,116816737475,0
10348,116816737475,0
10349,98935957,90
10350,116816737475,0
10351,8973539142,2250
10352,116816737475,0
10353,144553899538,30
10354,116816737475,0
10355,116816737475,0
10356,116816737475,0
10357,1178509012,60
10358,6298714506,11650
10359,116816737475,0
10360,116816737475,0
10361,43045099605,20
10362,3059073083,1740
10363,116816737475,0
10364,116816737475,0
10365,43045099605,20
10366,616537238,150
10367,116816737475,0
10368,116816737475,0
10369,116816737475,0
10370,5540503335,9590
10371,116816737475,0
10372,3179886486,300
10373,75286965941,40
10374,116816737475,0
10375,60616469599,10
10376,116816737475,0
10377,138947389494,60
10378,144553899538,30
10379,116816737475,0
10380,43045099605,20
10381,283519909181,70
10382,283519909181,70
10383,49960028,80
10384,116816737475,0
10385,918874086,160
10386,60616469599,10
10387,116816737475,0
10388,2331373838,3260
10389,116816737475,0
10390,116816737475,0
10391,75286965941,40
10392,116816737475,0
10393,43045099605,20
10394,116816737475,0
10395,12264581438,4630
10396,5539996878,920
10397,116816737475,0
10398,144553899538,30
10399,116816737475,0
10400,75286965941,40
10401,116816737475,0
10402,116816737475,0
10403,116816737475,0
10404,6478338725,760
10405,4928578463,1160
10406,116816737475,0
10407,6798075392,1660
10408,116816737475,0
10409,8066442170,970
10410,116816737475,0
10411,1665238878,2690
10412,116816737475,0
10413,75286965941,40
10414,1011834360,140
10415,116816737475,0
10416,6651387372,1820
10417,43045099605,20
10418,7885836119,2040
10419,19962422,31690
10420,60616469599,10
10421,4970135994,2890
10422,60616469599,10
10423,178197868,114460
10424,116816737475,0
10425,43045099605,20
10426,60616469599,10
10427,1105524794,100
10428,116816737475,0
10429,144553899538,30
10430,116816737475,0
10431,42960628,392210
10432,116816737475,0
10433,116816737475,0
10434,116816737475,0
10435,144553899538,30
10436,2341525039,2400
10437,43045099605,20
10438,61141505,389020
10439,116816737475,0
10440,49960028,80
10441,75286965941,40
10442,116816737475,0
10443,6103585919,1150
10444,116816737475,0
10445,43045099605,20
10446,138947389494,60
10447,116816737475,0
10448,43045099605,20
10449,41175928,296230
10450,116816737475,0
10451,8411890477,2190
10452,18034065,85690
10453,60616469599,10
10454,116816737475,0
10455,116816737475,0
10456,116816737475,0
10457,283519909181,70
10458,116816737475,0
10459,116816737475,0
10460,116816737475,0
10461,3489059573,2760
10462,116816737475,0
10463,1833822300,14930
10464,116816737475,0
10465,1766970840,290
10466,170483447,120
10467,116816737475,0
10468,2822282530,2610
10469,1684989715,12870
10470,43045099605,20
10471,222193951,110
10472,116816737475,0
10473,60616469599,10
10474,116816737475,0
10475,43045099605,20
10476,43045099605,20
10477,116816737475,0
10478,98935957,90
10479,116816737475,0
10480,2356723910,1580
10481,98935957,90
10482,8169258900,650
10483,116816737475,0
10484,116816737475,0
10485,25720948,34210
10486,60616469599,10
10487,116816737475,0
10488,1766970840,290
10489,190176097995,50
10490,1638186750,240
10491,74109035,190180
10492,94832397,129040
10493,116816737475,0
10494,1339055394,110
10495,19307201,59780
10496,190176097995,50
10497,4264567438,1540
10498,445305940,130
10499,116816737475,0
10500,49960028,80
10501,43045099605,20
10502,116816737475,0
10503,3870255212,2450
10504,3561824779,3230
10505,116816737475,0
10506,116816737475,0
10507,116816737475,0
10508,75286965941,40
10509,116816737475,0
10510,222193951,110
10511,116816737475,0
10512,116816737475,0
10513,846485190,140
10514,116816737475,0
10515,49960028,80
10516,116816737475,0
10517,60616469599,10
10518,116816737475,0
10519,116816737475,0
10520,116816737475,0
10521,190176097995,50
10522,116816737475,0
10523,116816737475,0
10524,116816737475,0
10525,116816737475,0
10526,116816737475,0
10527,6548075884,1670
10528,60616469599,10
10529,116816737475,0
10530,116816737475,0
10531,116816737475,0
10532,116816737475,0
10533,116816737475,0
10534,144553899538,30
10535,75286965941,40
10536,49960028,80
10537,116816737475,0
10538,116816737475,0
10539,116816737475,0
10540,2144558868,1800
10541,2170265447,590
10542,43045099605,20
10543,75286965941,40
10544,850748114,47000
10545,116816737475,0
10546,116816737475,0
10547,283519909181,70
10548,3153189560,270
10549,116816737475,0
10550,13793608743,1460
10551,918874086,160
10552,116816737475,0
10553,43045099605,20
10554,1130589359,240
10555,116816737475,0
10556,116816737475,0
10557,43045099605,20
10558,116816737475,0
10559,75286965941,40
10560,283519909181,70
10561,116816737475,0
10562,116816737475,0
10563,75286965941,40
10564,43045099605,20
10565,3526539537,40300
10566,645360263,79960
10567,116816737475,0
10568,116816737475,0
10569,116816737475,0
10570,1234375085,30
10571,977028499,180
10572,8216724878,3030
10573,10980315251,1180
10574,43045099605,20
10575,123203628,121430
10576,3429334244,650
10577,977028499,180
10578,116816737475,0
10579,4187008360,2290
10580,49960028,80
10581,116816737475,0
10582,60616469599,10
10583,116816737475,0
10584,75286965941,40
10585,43045099605,20
10586,75286965941,40
10587,116816737475,0
10588,190176097995,50
10589,116816737475,0
10590,43045099605,20
10591,49960028,80
10592,2144558868,1800
10593,144553899538,30
10594,116816737475,0
10595,75286965941,40
10596,116816737475,0
10597,756631342,49900
10598,29282705,56410
10599,116816737475,0
10600,116816737475,0
10601,116816737475,0
10602,6930605655,11260
10603,43045099605,20
10604,116816737475,0
10605,222193951,110
10606,116816737475,0
10607,43045099605,20
10608,43045099605,20
10609,144553899538,30
10610,3306223458,1280
10611,116816737475,0
10612,116816737475,0
10613,116816737475,0
10614,60616469599,10
10615,75286965941,40
10616,283519909181,70
10617,116816737475,0
10618,116816737475,0
10619,116816737475,0
10620,4970135994,2890
10621,43045099605,20
10622,116816737475,0
10623,60616469599,10
10624,19201083914,570
10625,116816737475,0
10626,7451990210,620
10627,116816737475,0
10628,43045099605,20
10629,1766970840,290
10630,7368523004,2850
10631,116816737475,0
10632,2735894371,510
10633,51773310,202990
10634,116816737475,0
10635,116816737475,0
10636,116816737475,0
10637,116816737475,0
10638,190176097995,50
10639,60616469599,10
10640,274710355,77240
10641,43045099605,20
10642,116816737475,0
10643,283519909181,70
10644,116816737475,0
10645,43045099605,20
10646,28334848,42850
10647,116816737475,0
10648,116816737475,0
10649,116816737475,0
10650,190176097995,50
10651,144553899538,30
10652,10460519513,1320
10653,116816737475,0
10654,75286965941,40
10655,222193951,110
10656,7131121128,9380
10657,75286965941,40
10658,75286965941,40
10659,60616469599,10
10660,4564481253,2270
10661,2322907479,1700
10662,222193951,110
10663,43007390778,1110
10664,116816737475,0
10665,116816737475,0
10666,116816737475,0
10667,116816737475,0
10668,4363374203,1520
10669,205864316,100
10670,445305940,130
10671,48678737,222530
10672,116816737475,0
10673,13826910249,880
10674,190176097995,50
10675,116816737475,0
10676,25864718703,4960
10677,1442537214,2580
10678,49960028,80
10679,2969884342,490
10680,506300931,34640
10681,283519909181,70
10682,43045099605,20
10683,116816737475,0
10684,116816737475,0
10685,116816737475,0
10686,43045099605,20
10687,801159932,150
10688,1746942730,58350
10689,16040663989,3580
10690,116816737475,0
10691,116816737475,0
10692,75698943,121670
10693,116816737475,0
10694,116816737475,0
10695,60616469599,10
10696,60616469599,10
10697,116816737475,0
10698,2382967929,1830
10699,5196445507,2750
10700,116816737475,0
10701,75286965941,40
10702,116816737475,0
10703,170483447,120
10704,116816737475,0
10705,116816737475,0
10706,116816737475,0
10707,144553899538,30
10708,116816737475,0
10709,3040343027,400
10710,190176097995,50
10711,116816737475,0
10712,116816737475,0
10713,116816737475,0
10714,43045099605,20
10715,48418732,340960
10716,75286965941,40
10717,116816737475,0
10718,43045099605,20
10719,43045099605,20
10720,138947389494,60
10721,60616469599,10
10722,14272390780,1000
10723,49960028,80
10724,116816737475,0
10725,116816737475,0
10726,60616469599,10
10727,43045099605,20
10728,116816737475,0
10729,144553899538,30
10730,116816737475,0
10731,116816737475,0
10732,116816737475,0
10733,43045099605,20
10734,116816737475,0
10735,116816737475,0
10736,116816737475,0
10737,43045099605,20
10738,17952926340,1220
10739,3051337586,2310
10740,205864316,100
10741,43045099605,20
10742,116816737475,0
10743,116816737475,0
10744,116816737475,0
10745,60616469599,10
10746,116816737475,0
10747,43045099605,20
10748,2144558868,1800
10749,116816737475,0
10750,60616469599,10
10751,116816737475,0
10752,15659999,58480
10753,116816737475,0
10754,43045099605,20
10755,43045099605,20
10756,43045099605,20
10757,75286965941,40
10758,190176097995,50
10759,116816737475,0
10760,116816737475,0
10761,9964777956,770
10762,49960028,80
10763,116816737475,0
10764,49960028,80
10765,43045099605,20
10766,1264723438,350
10767,190176097995,50
10768,116816737475,0
10769,144553899538,30
10770,116816737475,0
10771,283519909181,70
10772,222193951,110
10773,116816737475,0
10774,2858340558,2940
10775,60616469599,10
10776,8421771640,1660
10777,60616469599,10
10778,13826910249,880
10779,60616469599,10
10780,116816737475,0
10781,60616469599,10
10782,5091399584,2470
10783,616537238,150
10784,116816737475,0
10785,60616469599,10
10786,52937402,148720
10787,455765059,170
10788,116816737475,0
10789,41664870,186310
10790,4060188102,1120
10791,116816737475,0
10792,116816737475,0
10793,43045099605,20
10794,222193951,110
10795,3102896069,460
10796,222193951,110
10797,2964565797,890
10798,60616469599,10
10799,170483447,120
10800,43045099605,20
10801,1889443495,2390
10802,138947389494,60
10803,1710496816,2500
10804,116816737475,0
10805,116816737475,0
10806,116816737475,0
10807,929374020,59760
10808,116816737475,0
10809,116816737475,0
10810,116816737475,0
10811,116816737475,0
10812,4439027966,2570
10813,116816737475,0
10814,283519909181,70
10815,116816737475,0
10816,116816737475,0
10817,49960028,80
10818,43045099605,20
10819,43045099605,20
10820,116816737475,0
10821,60616469599,10
10822,116816737475,0
10823,2735894371,510
10824,116816737475,0
10825,4258711830,31010
10826,116816737475,0
10827,116816737475,0
10828,116816737475,0
10829,116816737475,0
10830,60616469599,10
10831,145903716,130900
10832,75286965941,40
10833,1155536910,2320
10834,43045099605,20
10835,116816737475,0
10836,4970135994,2890
10837,116816737475,0
10838,116816737475,0
10839,283519909181,70
10840,60616469599,10
10841,116816737475,0
10842,144553899538,30
10843,5587428978,12010
10844,116816737475,0
10845,39162942,108480
10846,11271569130,1020
10847,116816737475,0
10848,2254230439,210
10849,75286965941,40
10850,116816737475,0
10851,3141017112,440
10852,42468859,321080
10853,116816737475,0
10854,2444290252,2810
10855,116816737475,0
10856,116816737475,0
10857,116816737475,0
10858,116816737475,0
10859,116816737475,0
10860,3583599315,1950
10861,116816737475,0
10862,933185395,71460
10863,43045099605,20
10864,43045099605,20
10865,116816737475,0
10866,116816737475,0
10867,60616469599,10
10868,1334728553,1710
10869,116816737475,0
10870,43045099605,20
10871,43045099605,20
10872,11957903726,1140
10873,116816737475,0
10874,116816737475,0
10875,116816737475,0
10876,43045099605,20
10877,116816737475,0
10878,49960028,80
10879,170483447,120
10880,116816737475,0
10881,116816737475,0
10882,43045099605,20
10883,116816737475,0
10884,116816737475,0
10885,116816737475,0
10886,1258753930,190
10887,116816737475,0
10888,144553899538,30
10889,616537238,150
10890,43045099605,20
10891,98935957,90
10892,179258212,130800
10893,43045099605,20
10894,116816737475,0
10895,164212548,20660
10896,116816737475,0
10897,43045099605,20
10898,116816737475,0
10899,116816737475,0
10900,116816737475,0
10901,116816737475,0
10902,116816737475,0
10903,116816737475,0
10904,98935957,90
10905,116816737475,0
10906,2356723910,1580
10907,60616469599,10
10908,205864316,100
10909,23187531644,840
10910,1535884552,1610
10911,116816737475,0
10912,116816737475,0
10913,116816737475,0
10914,116816737475,0
10915,116816737475,0
10916,134213501,65590
10917,2089616274,12640
10918,116816737475,0
10919,144553899538,30
10920,116816737475,0
10921,5603170552,2100
10922,1488507447,2110
10923,116816737475,0
10924,445305940,130
10925,60616469599,10
10926,222193951,110
10927,116816737475,0
10928,190176097995,50
10929,75286965941,40
10930,2254230439,210
10931,116816737475,0
10932,2840575170,2160
10933,60616469599,10
10934,116816737475,0
10935,116816737475,0
10936,2612708119,1650
10937,116816737475,0
10938,116816737475,0
10939,60616469599,10
10940,1130589359,240
10941,988466423,77660
10942,116816737475,0
10943,43045099605,20
10944,116816737475,0
10945,116816737475,0
10946,3322414390,39470
10947,138947389494,60
10948,5845799214,4730
10949,5101868680,1390
10950,116816737475,0
10951,43045099605,20
10952,116816737475,0
10953,445305940,130
10954,23197794226,6360
10955,116816737475,0
10956,116816737475,0
10957,116816737475,0
10958,116816737475,0
10959,138947389494,60
10960,283519909181,70
10961,4248131449,1810
10962,60616469599,10
10963,116816737475,0
10964,75286965941,40
10965,116816737475,0
10966,3475704602,36260
10967,1556853552,2150
10968,1851731580,280
10969,116816737475,0
10970,116816737475,0
10971,116816737475,0
10972,9287957353,10620
10973,116816737475,0
10974,61523032,345150
10975,43045099605,20
10976,116816737475,0
10977,116816737475,0
10978,3125401130,2010
10979,5223865778,2000
10980,116816737475,0
10981,2423409382,2330
10982,116816737475,0
10983,116816737475,0
10984,11131202871,5410
10985,43045099605,20
10986,9106589636,6800
10987,15069545075,1630
10988,144553899538,30
10989,190176097995,50
10990,60616469599,10
10991,43045099605,20
10992,116816737475,0
10993,116816737475,0
10994,283519909181,70
10995,34988556,66060
10996,116816737475,0
10997,116816737475,0
10998,7451990210,620
10999,190176097995,50
11000,116816737475,0
11001,116816737475,0
11002,116816737475,0
11003,75286965941,40
11004,75286965941,40
11005,869259864,69360
11006,14076884,54280
11007,116816737475,0
11008,116816737475,0
11009,4504846082,2350
11010,43045099605,20
11011,116816737475,0
11012,116816737475,0
11013,7368523004,2850
11014,116816737475,0
11015,536334581,270
11016,138947389494,60
11017,116816737475,0
11018,116816737475,0
11019,222193951,110
11020,1097940893,180
11021,3153189560,270
11022,1410761348,120
11023,116816737475,0
11024,116816737475,0
11025,116816737475,0
11026,116816737475,0
11027,283519909181,70
11028,116816737475,0
11029,60616469599,10
11030,116816737475,0
11031,283519909181,70
11032,536334581,270
11033,116816737475,0
11034,116816737475,0
11035,116816737475,0
11036,144553899538,30
11037,43045099605,20
11038,43045099605,20
11039,190176097995,50
11040,116816737475,0
11041,116816737475,0
11042,116816737475,0
11043,3991899545,1490
11044,116816737475,0
11045,60616469599,10
11046,26525943,258310
11047,116816737475,0
11048,918874086,160
11049,12632656376,1190
11050,31615202,34010
11051,676476167,210
11052,116816737475,0
11053,116816737475,0
11054,138947389494,60
11055,60616469599,10
11056,222193951,110
11057,116816737475,0
11058,116816737475,0
11059,43045099605,20
11060,60616469599,10
11061,75467102,22360
11062,1095648898,80250
11063,116816737475,0
11064,116816737475,0
11065,1264723438,350
11066,116816737475,0
11067,5883175202,600
11068,445305940,130
11069,445305940,130
11070,70319192,147460
11071,3205298189,37430
11072,81747508,23520
11073,2726037990,14400
11074,222193951,110
11075,205864316,100
11076,42827043,26030
11077,60616469599,10
11078,39039847,251980
11079,49960028,80
11080,116816737475,0
11081,60616469599,10
11082,60616469599,10
11083,116816737475,0
11084,4868604883,3570
11085,43045099605,20
11086,3153189560,270
11087,49525025,284400
11088,15292547297,3130
11089,116816737475,0
11090,116816737475,0
11091,60616469599,10
11092,116816737475,0
11093,43045099605,20
11094,1234375085,30
11095,7616596327,1360
11096,116816737475,0
11097,95427863,106230
11098,116816737475,0
11099,116816737475,0
11100,222193951,110
11101,116816737475,0
11102,846485190,140
11103,116816737475,0
11104,1757420726,2560
11105,43045099605,20
11106,445305940,130
11107,43045099605,20
11108,810679003,86100
11109,116816737475,0
11110,60616469599,10
11111,116816737475,0
11112,144553899538,30
11113,670234058,20
11114,116816737475,0
11115,116816737475,0
11116,5204658934,5250
11117,116816737475,0
11118,116816737475,0
11119,98935957,90
11120,2734401992,3360
11121,12726243606,990
11122,116816737475,0
11123,116816737475,0
11124,2382967929,1830
11125,1962099826,55370
11126,190176097995,50
11127,594161423,200
11128,4615246157,2220
11129,43045099605,20
11130,116816737475,0
11131,116816737475,0
11132,49960028,80
11133,60616469599,10
11134,116816737475,0
11135,6734975913,2370
11136,116816737475,0
11137,8844467190,1550
11138,71599003,104670
11139,116816737475,0
11140,60616469599,10
11141,116816737475,0
11142,4805056436,1930
11143,43045099605,20
11144,3763740622,1690
11145,3175773367,380
11146,1098759660,55470
11147,8300226623,2280
11148,116816737475,0
11149,116816737475,0
11150,116816737475,0
11151,283519909181,70
11152,933221689,70010
11153,116816737475,0
11154,116816737475,0
11155,116816737475,0
11156,116816737475,0
11157,742092411,76810
11158,60616469599,10
11159,43045099605,20
11160,116816737475,0
11161,116816737475,0
11162,650192311,77740
11163,75286965941,40
11164,116816737475,0
11165,1005164830,2020
11166,43045099605,20
11167,1063558241,220
11168,116816737475,0
11169,116816737475,0
11170,138947389494,60
11171,116816737475,0
11172,116816737475,0
11173,60616469599,10
11174,138947389494,60
11175,49960028,80
11176,5645748511,1840
11177,170483447,120
11178,116816737475,0
11179,60616469599,10
11180,116816737475,0
11181,49960028,80
11182,116816737475,0
11183,144553899538,30
11184,116816737475,0
11185,75286965941,40
11186,25019997,1500000
11187,49960028,80
11188,116816737475,0
11189,116816737475,0
11190,116816737475,0
11191,116816737475,0
11192,5028030388,1720
11193,222193951,110
11194,116816737475,0
11195,116816737475,0
11196,138947389494,60
11197,5911186904,1910
11198,116816737475,0
11199,670234058,20
11200,1590010397,330
11201,4458887787,510
11202,75286965941,40
11203,116816737475,0
11204,116816737475,0
11205,116816737475,0
11206,116816737475,0
11207,60616469599,10
11208,116816737475,0
11209,236744488,63100
11210,116816737475,0
11211,6245187504,1480
11212,43045099605,20
11213,102866016,91780
11214,116816737475,0
11215,57835586,187230
11216,116816737475,0
11217,116816737475,0
11218,60616469599,10
11219,116816737475,0
11220,43045099605,20
11221,43045099605,20
11222,5636666175,2380
11223,283519909181,70
11224,60616469599,10
11225,7975776174,630
11226,43045099605,20
11227,65397166,198280
11228,21677685303,1310
11229,594161423,200
11230,116816737475,0
11231,38651575,167700
11232,116816737475,0
11233,283519909181,70
11234,116816737475,0
11235,116816737475,0
11236,116816737475,0
11237,8314356626,1400
11238,846485190,140
11239,49960028,80
11240,283519909181,70
11241,75286965941,40
11242,2439645419,2530
11243,43045099605,20
11244,116816737475,0
11245,3231463498,1510
11246,116816737475,0
11247,49960028,80
11248,5845799214,4730
11249,116816737475,0
11250,75286965941,40
11251,116816737475,0
11252,3272249447,10850
11253,116816737475,0
11254,116816737475,0
11255,3231463498,1510
11256,190176097995,50
11257,116816737475,0
11258,116816737475,0
11259,116816737475,0
11260,116816737475,0
11261,60616469599,10
11262,116816737475,0
11263,170483447,120
11264,116816737475,0
11265,116816737475,0
11266,60616469599,10
11267,116816737475,0
11268,116816737475,0
11269,138947389494,60
11270,116816737475,0
11271,116816737475,0
11272,205864316,100
11273,4826994963,8150
11274,116816737475,0
11275,144553899538,30
11276,114319741,127730
11277,49960028,80
11278,43045099605,20
11279,116816737475,0
11280,60616469599,10
11281,98935957,90
11282,116816737475,0
11283,3059073083,1740
11284,60616469599,10
11285,116816737475,0
11286,116816737475,0
11287,116816737475,0
11288,138947389494,60
11289,75286965941,40
11290,75286965941,40
11291,144553899538,30
11292,1105524794,100
11293,116816737475,0
11294,43045099605,20
11295,190176097995,50
11296,11855630762,18330
11297,116816737475,0
11298,138947389494,60
11299,144553899538,30
11300,43045099605,20
11301,116816737475,0
11302,144553899538,30
11303,2067588320,2780
11304,116816737475,0
11305,445305940,130
11306,116816737475,0
11307,10856294268,1220
11308,116816737475,0
11309,138947389494,60
11310,1264723438,350
11311,116816737475,0
11312,1178509012,60
11313,116816737475,0
11314,5412218817,2420
11315,144553899538,30
11316,1264723438,350
11317,15502273,50130
11318,116816737475,0
11319,116816737475,0
11320,75286965941,40
11321,5835516448,1750
11322,116816737475,0
11323,3763740622,1690
11324,116816737475,0
11325,4649651882,310
11326,65438111,390450
11327,43045099605,20
11328,683704683,86570
11329,116816737475,0
11330,116816737475,0
11331,116816737475,0
11332,5744834024,2080
11333,116816737475,0
11334,116816737475,0
11335,43045099605,20
11336,49960028,80
11337,4860072101,2730
11338,116816737475,0
11339,116816737475,0
11340,116816737475,0
11341,8226657053,2550
11342,116816737475,0
11343,190176097995,50
11344,918874086,160
11345,589957667,17940
11346,25019997,1500000
11347,116816737475,0
11348,3601869146,1280
11349,138947389494,60
11350,190176097995,50
11351,58872392,21790
11352,43045099605,20
11353,116816737475,0
11354,116816737475,0
11355,116816737475,0
11356,138947389494,60
11357,144553899538,30
11358,1792884826,2770
11359,1537052273,36250
11360,116816737475,0
11361,1130008936,340
11362,75286965941,40
11363,116816737475,0
11364,116816737475,0
11365,3402229215,11000
11366,60616469599,10
11367,116816737475,0
11368,116816737475,0
11369,43045099605,20
11370,9925945709,790
11371,4928905584,900
11372,116816737475,0
11373,60616469599,10
11374,2132243772,1880
11375,144553899538,30
11376,60616469599,10
11377,116816737475,0
11378,43045099605,20
11379,116816737475,0
11380,190176097995,50
11381,977028499,180
11382,138947389494,60
11383,116816737475,0
11384,49960028,80
11385,116816737475,0
11386,116816737475,0
11387,116816737475,0
11388,1931359573,420
11389,60616469599,10
11390,5012459814,3500
11391,43045099605,20
11392,116816737475,0
11393,116816737475,0
11394,144553899538,30
11395,116816737475,0
11396,116816737475,0
11397,8154002699,1350
11398,49960028,80
11399,49960028,80
11400,26905279,52550
11401,116816737475,0
11402,116816737475,0
11403,116816737475,0
11404,18821463,167110
11405,75286965941,40
11406,144553899538,30
11407,116816737475,0
11408,116816737475,0
11409,49960028,80
11410,43045099605,20
11411,116816737475,0
11412,144553899538,30
11413,116816737475,0
11414,116816737475,0
11415,116816737475,0
11416,60616469599,10
11417,116816737475,0
11418,116816737475,0
11419,2735894371,510
11420,116816737475,0
11421,1234375085,30
11422,116816737475,0
11423,116816737475,0
11424,116816737475,0
11425,60616469599,10
11426,138947389494,60
11427,116816737475,0
11428,49960028,80
11429,43045099605,20
11430,116816737475,0
11431,116816737475,0
11432,43045099605,20
11433,616537238,150
11434,977028499,180
11435,138947389494,60
11436,116816737475,0
11437,140942753,94850
11438,116816737475,0
11439,116816737475,0
11440,116816737475,0
11441,138947389494,60
11442,116816737475,0
11443,116816737475,0
11444,60616469599,10
11445,116816737475,0
11446,116816737475,0
11447,43045099605,20
11448,60616469599,10
11449,116816737475,0
11450,8495288339,610
11451,116816737475,0
11452,116816737475,0
11453,75286965941,40
11454,75286965941,40
11455,144553899538,30
11456,75286965941,40
11457,49960028,80
11458,3404619685,5110
11459,5354838548,3090
11460,116816737475,0
11461,6245187504,1480
11462,116816737475,0
11463,116816737475,0
11464,33205553,285500
11465,116816737475,0
11466,116816737475,0
11467,116816737475,0
11468,116816737475,0
11469,116816737475,0
11470,144553899538,30
11471,455765059,170
11472,352937903,82460
11473,116816737475,0
11474,116816737475,0
11475,43045099605,20
11476,116816737475,0
11477,2026403412,400
11478,116816737475,0
11479,116816737475,0
11480,43045099605,20
11481,43045099605,20
11482,116816737475,0
11483,116816737475,0
11484,39880149,286040
11485,116816737475,0
11486,1258753930,190
11487,144553899538,30
11488,98935957,90
11489,116816737475,0
11490,98935957,90
11491,116816737475,0
11492,60616469599,10
11493,116816737475,0
11494,144553899538,30
11495,43045099605,20
11496,138947389494,60
11497,116816737475,0
11498,4826994963,8150
11499,7487304057,20630
11500,116816737475,0
11501,43045099605,20
11502,8314356626,1400
11503,116816737475,0
11504,190176097995,50
11505,801159932,150
11506,138947389494,60
11507,75286965941,40
11508,3204249988,320
11509,116816737475,0
11510,1234375085,30
11511,116816737475,0
11512,43045099605,20
11513,43045099605,20
11514,116816737475,0
11515,116816737475,0
11516,75286965941,40
11517,9865650807,3080
11518,138947389494,60
11519,2094174641,450
11520,43045099605,20
11521,116816737475,0
11522,116816737475,0
11523,116816737475,0
11524,6285752197,2120
11525,43045099605,20
11526,75286965941,40
11527,60616469599,10
11528,116816737475,0
11529,116816737475,0
11530,58340600,335240
11531,75286965941,40
11532,222193951,110
11533,2322907479,1700
11534,32494145,395090
11535,116816737475,0
11536,190176097995,50
11537,116816737475,0
11538,445305940,130
11539,2329474936,2050
11540,43045099605,20
11541,116816737475,0
11542,190176097995,50
11543,411906691,43500
11544,7005065876,1370
11545,116816737475,0
11546,116816737475,0
11547,60616469599,10
11548,116816737475,0
11549,116816737475,0
11550,4439027966,2570
11551,116816737475,0
11552,283519909181,70
11553,116816737475,0
11554,1063558241,220
11555,116816737475,0
11556,116816737475,0
11557,116816737475,0
11558,138947389494,60
11559,116816737475,0
11560,144553899538,30
11561,116816737475,0
11562,116816737475,0
11563,116816737475,0
11564,144553899538,30
11565,116816737475,0
11566,75286965941,40
11567,116816737475,0
11568,1488507447,2110
11569,4090631004,1460
11570,1638186750,240
11571,7131121128,9380
11572,4928905584,900
11573,2162400270,250
11574,6892844030,1970
11575,170483447,120
11576,116816737475,0
11577,16238089868,3940
11578,7780631659,1380
11579,49960028,80
11580,116816737475,0
11581,75286965941,40
11582,116816737475,0
11583,116816737475,0
11584,60616469599,10
11585,709992744,40
11586,2414103274,3000
11587,116816737475,0
11588,116816737475,0
11589,116816737475,0
11590,1511829895,14150
11591,116816737475,0
11592,75286965941,40
11593,116816737475,0
11594,75286965941,40
11595,116816737475,0
11596,846485190,140
11597,5527567165,2880
11598,116816737475,0
11599,1114193387,170
11600,144553899538,30
11601,116816737475,0
11602,977028499,180
11603,116816737475,0
11604,2108779695,51670
11605,144553899538,30
11606,49960028,80
11607,138947389494,60
11608,116816737475,0
11609,190176097995,50
11610,4461628361,920
11611,60616469599,10
11612,177683073,134330
11613,5196445507,2750
11614,116816737475,0
11615,144553899538,30
11616,116816737475,0
11617,116816737475,0
11618,116816737475,0
11619,455765059,170
11620,116816737475,0
11621,6568659751,370
11622,5223865778,2000
11623,116816737475,0
11624,116816737475,0
11625,116816737475,0
11626,2162400270,250
11627,58034244,128450
11628,116816737475,0
11629,75286965941,40
11630,190176097995,50
11631,116816737475,0
11632,144553899538,30
11633,116816737475,0
11634,138947389494,60
11635,4187008360,2290
11636,60616469599,10
11637,116816737475,0
11638,116816737475,0
11639,43045099605,20
11640,3988892888,260
11641,144553899538,30
11642,60616469599,10
11643,1710496816,2500
11644,116816737475,0
11645,43045099605,20
11646,116816737475,0
11647,75286965941,40
11648,116816737475,0
11649,75286965941,40
11650,116816737475,0
11651,43045099605,20
11652,205864316,100
11653,43045099605,20
11654,75286965941,40
11655,75286965941,40
11656,116816737475,0
11657,144553899538,30
11658,6377874094,2510
11659,116816737475,0
11660,4824624546,10670
11661,116816737475,0
11662,135111503,20610
11663,116816737475,0
11664,116816737475,0
11665,116816737475,0
11666,116816737475,0
11667,116816737475,0
11668,138947389494,60
11669,43363852,424700
11670,116816737475,0
11671,116816737475,0
11672,6435301767,1560
11673,7059733387,2970
11674,116816737475,0
11675,116816737475,0
11676,116816737475,0
11677,60043505,175260
11678,116816737475,0
11679,283519909181,70
11680,116816737475,0
11681,2067588320,2780
11682,116816737475,0
11683,445305940,130
11684,138947389494,60
11685,265367399,18070
11686,41319529628,870
11687,1114193387,170
11688,8844467190,1550
11689,116816737475,0
11690,116816737475,0
11691,144553899538,30
11692,116816737475,0
11693,75286965941,40
11694,60616469599,10
11695,116816737475,0
11696,2144558868,1800
11697,116816737475,0
11698,2514325176,27130
11699,60616469599,10
11700,116816737475,0
11701,60616469599,10
11702,144553899538,30
11703,222193951,110
11704,3059073083,1740
11705,3431459247,2960
11706,138947389494,60
11707,283519909181,70
11708,116816737475,0
11709,116816737475,0
11710,60616469599,10
11711,116816737475,0
11712,116816737475,0
11713,116816737475,0
11714,75286965941,40
11715,116816737475,0
11716,52067733,305760
11717,116816737475,0
11718,116816737475,0
11719,5403988235,2630
11720,116816737475,0
11721,116816737475,0
11722,138947389494,60
11723,116816737475,0
11724,8415791066,640
11725,116816737475,0
11726,3306757731,670
11727,25927718372,3420
11728,12573285412,3020
11729,5007297159,560
11730,116816737475,0
11731,116816737475,0
11732,175547389,121020
11733,116816737475,0
11734,75286965941,40
11735,116816737475,0
11736,116816737475,0
11737,283519909181,70
11738,2822282530,2610
11739,43045099605,20
11740,116816737475,0
11741,116816737475,0
11742,116816737475,0
11743,283519909181,70
11744,1130008936,340
11745,116816737475,0
11746,2356723910,1580
11747,6591072636,6300
11748,116816737475,0
11749,75286965941,40
11750,25155387684,4400
11751,116816737475,0
11752,116816737475,0
11753,3991899545,1490
11754,116816737475,0
11755,116816737475,0
11756,144553899538,30
11757,13218641531,5630
11758,116816737475,0
11759,116816737475,0
11760,116816737475,0
11761,2339603815,320
11762,43045099605,20
11763,116816737475,0
11764,60616469599,10
11765,170483447,120
11766,116816737475,0
11767,886661248,74900
11768,138947389494,60
11769,43045099605,20
11770,283519909181,70
11771,19915794638,7050
11772,44803183,373950
11773,116816737475,0
11774,7376765641,9060
11775,116816737475,0
11776,60616469599,10
11777,3204249988,320
11778,43045099605,20
11779,60616469599,10
11780,116816737475,0
11781,6731524135,540
11782,8059646866,1730
11783,116816737475,0
11784,5603170552,2100
11785,60616469599,10
11786,116816737475,0
11787,1851731580,280
11788,190176097995,50
11789,116816737475,0
11790,60616469599,10
11791,116816737475,0
11792,846485190,140
11793,16455592,65770
11794,138947389494,60
11795,116816737475,0
11796,116816737475,0
11797,75286965941,40
11798,2337037272,2800
11799,116816737475,0
11800,2943233464,1870
11801,116816737475,0
11802,75286965941,40
11803,1557975391,280
11804,6731524135,540
11805,170483447,120
11806,13052139171,7550
11807,116816737475,0
11808,116816737475,0
11809,116816737475,0
11810,116816737475,0
11811,116816737475,0
11812,43045099605,20
11813,4827481255,1980
11814,2943233464,1870
11815,1063558241,220
11816,4264567438,1540
11817,116816737475,0
11818,1334728553,1710
11819,3946574252,440
11820,43045099605,20
11821,6478338725,760
11822,59469808,198480
11823,1686281060,540
11824,116816737475,0
11825,43045099605,20
11826,2949900765,1450
11827,43045099605,20
11828,116816737475,0
11829,116816737475,0
11830,43045099605,20
11831,190176097995,50
11832,28050930,174090
11833,116816737475,0
11834,5812385806,410
11835,144553899538,30
11836,473808939,85350
11837,10326587015,23210
11838,5354838548,3090
11839,116816737475,0
11840,116816737475,0
11841,116816737475,0
11842,116816737475,0
11843,43045099605,20
11844,116816737475,0
11845,3431459247,2960
11846,1488507447,2110
11847,2688837564,2460
11848,138947389494,60
11849,116816737475,0
11850,116816737475,0
11851,116816737475,0
11852,2189724947,420
11853,49960028,80
11854,9442318618,1510
11855,116816737475,0
11856,75286965941,40
11857,43045099605,20
11858,5636666175,2380
11859,116816737475,0
11860,2218001336,1760
11861,116816737475,0
11862,75286965941,40
11863,116816737475,0
11864,75286965941,40
11865,116816737475,0
11866,3717399827,880
11867,116816737475,0
11868,60616469599,10
11869,60616469599,10
11870,75286965941,40
11871,116816737475,0
11872,116816737475,0
11873,1178509012,60
11874,285189160,50
11875,116816737475,0
11876,3766625199,12490
11877,116816737475,0
11878,116816737475,0
11879,116816737475,0
11880,116816737475,0
11881,116816737475,0
11882,116816737475,0
11883,19407538780,2620
11884,138947389494,60
11885,2329474936,2050
11886,5461951843,1290
11887,7348183689,8480
11888,801159932,150
11889,6440712739,1410
11890,116816737475,0
11891,43045099605,20
11892,116816737475,0
11893,43045099605,20
11894,138947389494,60
11895,116816737475,0
11896,116816737475,0
11897,24087826,35540
11898,5835516448,1750
11899,49960028,80
11900,190176097995,50
11901,43045099605,20
11902,116816737475,0
11903,144553899538,30
11904,116816737475,0
11905,28806999,50210
11906,222193951,110
11907,116816737475,0
11908,116816737475,0
11909,49960028,80
11910,14848918368,5620
11911,116816737475,0
11912,283519909181,70
11913,1258753930,190
11914,4090631004,1460
11915,116816737475,0
11916,3719566320,2200
11917,283519909181,70
11918,116816737475,0
11919,116816737475,0
11920,116816737475,0
11921,116816737475,0
11922,116816737475,0
11923,43045099605,20
11924,116816737475,0
11925,116816737475,0
11926,116816737475,0
11927,116816737475,0
11928,2349730130,2820
11929,1904076501,430
11930,43045099605,20
11931,11589770033,7250
11932,116816737475,0
11933,190176097995,50
11934,98935957,90
11935,116816737475,0
11936,116816737475,0
11937,75286965941,40
11938,116816737475,0
11939,222193951,110
11940,801159932,150
11941,43045099605,20
11942,116816737475,0
11943,445305940,130
11944,44715465,382540
11945,116816737475,0
11946,116816737475,0
11947,60616469599,10
11948,445305940,130
11949,43045099605,20
11950,60616469599,10
11951,116816737475,0
11952,116816737475,0
11953,144553899538,30
11954,116816737475,0
11955,43045099605,20
11956,7554158580,1570
11957,116816737475,0
11958,170483447,120
11959,18121174886,8010
11960,116816737475,0
11961,1535884552,1610
11962,116816737475,0
11963,60616469599,10
11964,205864316,100
11965,138947389494,60
11966,43045099605,20
11967,232562131,81140
11968,116816737475,0
11969,116816737475,0
11970,190176097995,50
11971,116816737475,0
11972,116816737475,0
11973,116816737475,0
11974,116816737475,0
11975,203772573,104450
11976,116816737475,0
11977,43045099605,20
11978,77069879,125350
11979,18035762,65630
11980,116816737475,0
11981,283519909181,70
11982,536334581,270
11983,3870255212,2450
11984,116816737475,0
11985,60616469599,10
11986,15862308393,7450
11987,116816737475,0
11988,1557975391,280
11989,116816737475,0
11990,2956232752,44910
11991,144553899538,30
11992,116816737475,0
11993,836353721,80
11994,116816737475,0
11995,2067588320,2780
11996,116816737475,0
11997,190176097995,50
11998,43045099605,20
11999,21604956782,2660
12000,116816737475,0
12001,116816737475,0
12002,116816737475,0
12003,75286965941,40
12004,116816737475,0
12005,801159932,150
12006,43045099605,20
12007,116816737475,0
12008,43045099605,20
12009,116816737475,0
12010,116816737475,0
12011,43045099605,20
12012,144553899538,30
12013,116816737475,0
12014,116816737475,0
12015,60616469599,10
12016,116816737475,0
12017,116816737475,0
12018,60616469599,10
12019,75286965941,40
12020,6944412204,580
12021,97008122,22820
12022,43045099605,20
12023,43045099605,20
12024,1007003949,54540
12025,138947389494,60
12026,4370146788,11100
12027,144553899538,30
12028,60616469599,10
12029,116816737475,0
12030,116816737475,0
12031,116816737475,0
12032,138947389494,60
12033,6465314963,8610
12034,116816737475,0
12035,54572263,195430
12036,116816737475,0
12037,116816737475,0
12038,594161423,200
12039,116816737475,0
12040,75286965941,40
12041,116816737475,0
12042,2524683654,2190
12043,116816737475,0
12044,43045099605,20
12045,28123994,266760
12046,63393853,213570
12047,205864316,100
12048,144553899538,30
12049,116816737475,0
12050,116816737475,0
12051,43045099605,20
12052,60616469599,10
12053,116816737475,0
12054,43045099605,20
12055,190176097995,50
12056,116816737475,0
12057,1105524794,100
12058,3306223458,1280
12059,8216724878,3030
12060,116816737475,0
12061,116816737475,0
12062,49960028,80
12063,283519909181,70
12064,116816737475,0
12065,8169258900,650
12066,15026038786,2490
12067,116816737475,0
12068,801159932,150
12069,116816737475,0
12070,116816737475,0
12071,43045099605,20
12072,1410761348,120
12073,1114193387,170
12074,116816737475,0
12075,732634955,78610
12076,43045099605,20
12077,60616469599,10
12078,7613872736,3060
12079,116816737475,0
12080,116816737475,0
12081,60616469599,10
12082,116816737475,0
12083,116816737475,0
12084,116816737475,0
12085,98935957,90
12086,836353721,80
12087,116816737475,0
12088,49960028,80
12089,3728196391,2060
12090,283519909181,70
12091,98935957,90
12092,144553899538,30
12093,116816737475,0
12094,43045099605,20
12095,116816737475,0
12096,55710766,252460
12097,144553899538,30
12098,6440712739,1410
12099,116816737475,0
12100,116816737475,0
12101,60616469599,10
12102,75286965941,40
12103,60616469599,10
12104,10171023177,530
12105,116816737475,0
12106,60616469599,10
12107,138947389494,60
12108,43045099605,20
12109,190176097995,50
12110,116816737475,0
12111,60616469599,10
12112,116816737475,0
12113,23323377791,4740
12114,2688837564,2460
12115,116816737475,0
12116,43045099605,20
12117,836353721,80
12118,2761532850,2210
12119,61784428672,1170
12120,116816737475,0
12121,2724268407,670
12122,60616469599,10
12123,116816737475,0
12124,116816737475,0
12125,445305940,130
12126,5007297159,560
12127,4970135994,2890
12128,138947389494,60
12129,3542630701,39850
12130,60616469599,10
12131,6874202280,2060
12132,49960028,80
12133,116816737475,0
12134,116816737475,0
12135,190176097995,50
12136,41713788,25080
12137,116816737475,0
12138,43045099605,20
12139,116816737475,0
12140,43045099605,20
12141,2132243772,1880
12142,801159932,150
12143,75286965941,40
12144,116816737475,0
12145,138947389494,60
12146,116816737475,0
12147,124910417,21820
12148,6377874094,2510
12149,1334728553,1710
12150,43045099605,20
12151,144553899538,30
12152,49960028,80
12153,116816737475,0
12154,2218001336,1760
12155,43045099605,20
12156,144553899538,30
12157,116816737475,0
12158,116816737475,0
12159,43045099605,20
12160,116816737475,0
12161,60616469599,10
12162,43045099605,20
12163,116816737475,0
12164,138947389494,60
12165,6461935609,960
12166,116816737475,0
12167,43045099605,20
12168,144553899538,30
12169,43045099605,20
12170,116816737475,0
12171,98935957,90
12172,846485190,140
12173,116816737475,0
12174,116816737475,0
12175,116816737475,0
12176,49960028,80
12177,116816737475,0
12178,1766970840,290
12179,116816737475,0
12180,1838222294,340
12181,283519909181,70
12182,116816737475,0
12183,60616469599,10
12184,43045099605,20
12185,49960028,80
12186,116816737475,0
12187,116816737475,0
12188,144553899538,30
12189,49960028,80
12190,116816737475,0
12191,60616469599,10
12192,75286965941,40
12193,60616469599,10
12194,190176097995,50
12195,43045099605,20
12196,205441720,18770
12197,116816737475,0
12198,41152434,174870
12199,2097363314,54780
12200,3125401130,2010
12201,13803428255,5310
12202,43045099605,20
12203,116816737475,0
12204,116816737475,0
12205,2162400270,250
12206,283519909181,70
12207,846485190,140
12208,283519909181,70
12209,116816737475,0
12210,116816737475,0
12211,116816737475,0
12212,116816737475,0
12213,116816737475,0
12214,116816737475,0
12215,116816737475,0
12216,43045099605,20
12217,116816737475,0
12218,43045099605,20
12219,60616469599,10
12220,144553899538,30
12221,3188294448,410
12222,116816737475,0
12223,635488913,84870
12224,43045099605,20
12225,455765059,170
12226,2524683654,2190
12227,13130005230,4280
12228,1410761348,120
12229,116816737475,0
12230,116816737475,0
12231,49960028,80
12232,116816737475,0
12233,116816737475,0
12234,116816737475,0
12235,116816737475,0
12236,116816737475,0
12237,138947389494,60
12238,60616469599,10
12239,29003288,178270
12240,190176097995,50
12241,43045099605,20
12242,3976150422,700
12243,116816737475,0
12244,60616469599,10
12245,116816737475,0
12246,75286965941,40
12247,116816737475,0
12248,7420932243,1780
12249,116816737475,0
12250,116816737475,0
12251,4149115875,39860
12252,116816737475,0
12253,60616469599,10
12254,138947389494,60
12255,116816737475,0
12256,122495670,58820
12257,509269242,62930
12258,11018256630,5710
12259,116816737475,0
12260,116816737475,0
12261,116816737475,0
12262,60616469599,10
12263,7175746841,600
12264,116816737475,0
12265,222193951,110
12266,116816737475,0
12267,116816737475,0
12268,116816737475,0
12269,116816737475,0
12270,116816737475,0
12271,116816737475,0
12272,205864316,100
12273,116816737475,0
12274,170483447,120
12275,116816737475,0
12276,43045099605,20
12277,1065970259,17100
12278,60616469599,10
12279,116816737475,0
12280,116816737475,0
12281,116816737475,0
12282,116816737475,0
12283,116816737475,0
12284,116816737475,0
12285,116816737475,0
12286,43045099605,20
12287,536334581,270
12288,116816737475,0
12289,116816737475,0
12290,283519909181,70
12291,116816737475,0
12292,5460206538,1860
12293,60616469599,10
12294,116816737475,0
12295,49960028,80
12296,60616469599,10
12297,116816737475,0
12298,116816737475,0
12299,3719566320,2200
12300,116816737475,0
12301,116816737475,0
12302,170483447,120
12303,116816737475,0
12304,116816737475,0
12305,116816737475,0
12306,116816737475,0
12307,116816737475,0
12308,138947389494,60
12309,116816737475,0
12310,144553899538,30
12311,43045099605,20
12312,1213957114,50540
12313,8203645108,680
12314,116816737475,0
12315,3399341067,2340
12316,1792884826,2770
12317,116816737475,0
12318,116816737475,0
12319,116816737475,0
12320,116816737475,0
12321,9641453113,3040
12322,116816737475,0
12323,116816737475,0
12324,1557975391,280
12325,3544849928,590
12326,116816737475,0
12327,116816737475,0
12328,60616469599,10
12329,60616469599,10
12330,3204249988,320
12331,43045099605,20
12332,43045099605,20
12333,116816737475,0
12334,116816737475,0
12335,116816737475,0
12336,2949900765,1450
12337,1838222294,340
12338,116816737475,0
12339,190176097995,50
12340,63763005,342070
12341,116816737475,0
12342,43045099605,20
12343,43045099605,20
12344,846485190,140
12345,116816737475,0
12346,3085526087,380
12347,49960028,80
12348,116816737475,0
12349,116816737475,0
12350,43045099605,20
12351,116816737475,0
12352,116816737475,0
12353,116816737475,0
12354,75286965941,40
12355,116816737475,0
12356,116816737475,0
12357,190176097995,50
12358,116816737475,0
12359,846485190,140
12360,709992744,40
12361,1363322724,130
12362,39428598,203010
12363,144553899538,30
12364,126957199,134000
12365,918874086,160
12366,3946574252,440
12367,116816737475,0
12368,116816737475,0
12369,190176097995,50
12370,116816737475,0
12371,116816737475,0
12372,116816737475,0
12373,116816737475,0
12374,116816737475,0
12375,116816737475,0
12376,116816737475,0
12377,954281625,84080
12378,116816737475,0
12379,138947389494,60
12380,60616469599,10
12381,285189160,50
12382,3125401130,2010
12383,190176097995,50
12384,8059646866,1730
12385,116816737475,0
12386,49960028,80
12387,75286965941,40
12388,49960028,80
12389,6028467026,1850
12390,190176097995,50
12391,2170265447,590
12392,144553899538,30
12393,116816737475,0
12394,116816737475,0
12395,7322005767,2930
12396,116816737475,0
12397,12182782326,2740
12398,5643310376,2030
12399,116816737475,0
12400,43045099605,20
12401,5091399584,2470
12402,116816737475,0
12403,75286965941,40
12404,116816737475,0
12405,116816737475,0
12406,116816737475,0
12407,116816737475,0
12408,116816737475,0
12409,116816737475,0
12410,116816737475,0
12411,116816737475,0
12412,116816737475,0
12413,75286965941,40
12414,116816737475,0
12415,44589715647,7750
12416,49960028,80
12417,116816737475,0
12418,116816737475,0
12419,43045099605,20
12420,116816737475,0
12421,116816737475,0
12422,116816737475,0
12423,116816737475,0
12424,75286965941,40
12425,98935957,90
12426,116816737475,0
12427,116816737475,0
12428,283519909181,70
12429,60616469599,10
12430,1059708818,290
12431,116816737475,0
12432,676476167,210
12433,116816737475,0
12434,1258753930,190
12435,116816737475,0
12436,285189160,50
12437,116816737475,0
12438,2644465501,910
12439,5186465691,2480
12440,116816737475,0
12441,43045099605,20
12442,116816737475,0
12443,951316791,230
12444,43045099605,20
12445,116816737475,0
12446,116816737475,0
12447,116816737475,0
12448,676476167,210
12449,138947389494,60
12450,43045099605,20
12451,116816737475,0
12452,144553899538,30
12453,116816737475,0
12454,116816737475,0
12455,116816737475,0
12456,75286965941,40
12457,116816737475,0
12458,116816737475,0
12459,116816737475,0
12460,1745581149,65380
12461,1258753930,190
12462,116816737475,0
12463,1638186750,240
12464,116816737475,0
12465,60616469599,10
12466,116816737475,0
12467,49960028,80
12468,1178509012,60
12469,116816737475,0
12470,144553899538,30
12471,455765059,170
12472,116816737475,0
12473,116816737475,0
12474,60616469599,10
12475,40379391,158090
12476,144553899538,30
12477,283519909181,70
12478,1178509012,60
12479,471970959,91620
12480,1782776233,35050
12481,116816737475,0
12482,2414103274,3000
12483,1316503233,2700
12484,116816737475,0
12485,43045099605,20
12486,43045099605,20
12487,116816737475,0
12488,116816737475,0
12489,116816737475,0
12490,116816737475,0
12491,43045099605,20
12492,1665445554,56090
12493,3921374985,520
12494,116816737475,0
12495,801159932,150
12496,116816737475,0
12497,1046622606,2520
12498,25759648,384340
12499,283519909181,70
12500,116816737475,0
12501,43045099605,20
12502,116816737475,0
12503,49960028,80
12504,116816737475,0
12505,4439027966,2570
12506,116816737475,0
12507,71212448,23660
12508,116816737475,0
12509,4197721547,1000
12510,60616469599,10
12511,977028499,180
12512,11654589640,1130
12513,116816737475,0
12514,75286965941,40
12515,116816737475,0
12516,8421771640,1660
12517,205864316,100
12518,616537238,150
12519,25019997,1500000
12520,1556853552,2150
12521,2329474936,2050
12522,116816737475,0
12523,846485190,140
12524,116816737475,0
12525,18513360206,7220
12526,116816737475,0
12527,116816737475,0
12528,49960028,80
12529,116816737475,0
12530,10343718067,7960
12531,116816737475,0
12532,116816737475,0
12533,116816737475,0
12534,116816737475,0
12535,43045099605,20
12536,138947389494,60
12537,170483447,120
12538,116816737475,0
12539,116816737475,0
12540,116816737475,0
12541,190176097995,50
12542,43045099605,20
12543,116816737475,0
12544,116816737475,0
12545,75286965941,40
12546,43045099605,20
12547,7601182348,5260
12548,116816737475,0
12549,116816737475,0
12550,75286965941,40
12551,54015792,207930
12552,116816737475,0
12553,2894129660,550
12554,3081416981,1920
12555,44907581,284170
12556,116816737475,0
12557,536334581,270
12558,60616469599,10
12559,116816737475,0
12560,2758526979,640
12561,60616469599,10
12562,116816737475,0
12563,75286965941,40
12564,3873173306,3180
12565,3175773367,380
12566,283519909181,70
12567,15835103123,3400
12568,116816737475,0
12569,116816737475,0
12570,9884032713,1590
12571,1556472607,65350
12572,116816737475,0
12573,5417518269,1500
12574,4159491220,680
12575,43045099605,20
12576,116816737475,0
12577,116816737475,0
12578,64306667,226170
12579,75286965941,40
12580,60616469599,10
12581,190176097995,50
12582,116816737475,0
12583,60616469599,10
12584,918874086,160
12585,116816737475,0
12586,116816737475,0
12587,116816737475,0
12588,15647049692,4480
12589,116816737475,0
12590,116816737475,0
12591,116816737475,0
12592,138947389494,60
12593,2115255426,41490
12594,116816737475,0
12595,116816737475,0
12596,2822282530,2610
12597,138947389494,60
12598,478014066,53050
12599,31979463,57400
12600,144553899538,30
12601,2094174641,450
12602,801159932,150
12603,190176097995,50
12604,116816737475,0
12605,441087935,19170
12606,185455880,43010
12607,10700695741,5770
12608,116816737475,0
12609,116816737475,0
12610,116816737475,0
12611,116816737475,0
12612,116816737475,0
12613,15598585998,2530
12614,116816737475,0
12615,75286965941,40
12616,60616469599,10
12617,60616469599,10
12618,116816737475,0
12619,116816737475,0
12620,109225221,150930
12621,183362365,128330
12622,116816737475,0
12623,190176097995,50
12624,48944491,27130
12625,116816737475,0
12626,4545302004,2070
12627,144553899538,30
12628,2949900765,1450
12629,116816737475,0
12630,116816737475,0
12631,116816737475,0
12632,116816737475,0
12633,190176097995,50
12634,43832511,25120
12635,116816737475,0
12636,116816737475,0
12637,116816737475,0
12638,2943233464,1870
12639,116816737475,0
12640,4363374203,1520
12641,24079366542,3530
12642,43045099605,20
12643,116816737475,0
12644,190176097995,50
12645,23664807055,3420
12646,60616469599,10
12647,1965785552,57940
12648,116816737475,0
12649,116816737475,0
12650,5101868680,1390
12651,60616469599,10
12652,116816737475,0
12653,116816737475,0
12654,5156011179,1430
12655,445305940,130
12656,116816737475,0
12657,222193951,110
12658,5636666175,2380
12659,1724158807,360
12660,285189160,50
12661,190176097995,50
12662,60616469599,10
12663,116816737475,0
12664,116816737475,0
12665,116816737475,0
12666,283519909181,70
12667,455765059,170
12668,98935957,90
12669,138947389494,60
12670,2710707777,48830
12671,75286965941,40
12672,116816737475,0
12673,283519909181,70
12674,43045099605,20
12675,60616469599,10
12676,138947389494,60
12677,116816737475,0
12678,138947389494,60
12679,116816737475,0
12680,116816737475,0
12681,593863272,40110
12682,46443629,322280
12683,445305940,130
12684,116816737475,0
12685,116816737475,0
12686,190176097995,50
12687,60616469599,10
12688,116816737475,0
12689,2329474936,2050
12690,116816737475,0
12691,60616469599,10
12692,3040343027,400
12693,455765059,170
12694,116816737475,0
12695,116816737475,0
12696,41321874858,8940
12697,43045099605,20
12698,116816737475,0
12699,43045099605,20
12700,116816737475,0
12701,116816737475,0
12702,116816737475,0
12703,7707544846,9640
12704,60616469599,10
12705,445305940,130
12706,116816737475,0
12707,116816737475,0
12708,116816737475,0
12709,222193951,110
12710,49960028,80
12711,116816737475,0
12712,190176097995,50
12713,116816737475,0
12714,43045099605,20
12715,2382967929,1830
12716,116816737475,0
12717,116816737475,0
12718,43045099605,20
12719,6103585919,1150
12720,49960028,80
12721,283519909181,70
12722,3583599315,1950
12723,4119605056,3330
12724,5603170552,2100
12725,116816737475,0
12726,6181971206,1990
12727,1442537214,2580
12728,846485190,140
12729,51913131,264150
12730,25019997,1500000
12731,116816737475,0
12732,144553899538,30
12733,60616469599,10
12734,116816737475,0
12735,60616469599,10
12736,116816737475,0
12737,116816737475,0
12738,1678508615,64080
12739,116816737475,0
12740,43045099605,20
12741,116816737475,0
12742,43045099605,20
12743,7368523004,2850
12744,116816737475,0
12745,5171474941,2590
12746,60616469599,10
12747,60616469599,10
12748,116816737475,0
12749,116816737475,0
12750,75286965941,40
12751,43045099605,20
12752,144553899538,30
12753,60616469599,10
12754,116816737475,0
12755,116816737475,0
12756,116816737475,0
12757,98935957,90
12758,43045099605,20
12759,116816737475,0
12760,3033724725,1470
12761,918874086,160
12762,116816737475,0
12763,190176097995,50
12764,1783207688,38520
12765,116816737475,0
12766,116816737475,0
12767,116816737475,0
12768,116816737475,0
12769,116816737475,0
12770,75286965941,40
12771,1535884552,1610
12772,60616469599,10
12773,116816737475,0
12774,60616469599,10
12775,116816737475,0
12776,1889443495,2390
12777,116816737475,0
12778,40506260,370110
12779,116816737475,0
12780,116816737475,0
12781,38154832,299910
12782,918874086,160
12783,75286965941,40
12784,2688837564,2460
12785,116816737475,0
12786,116816737475,0
12787,116816737475,0
12788,15920156300,1100
12789,2423409382,2330
12790,116816737475,0
12791,43045099605,20
12792,6476305066,1440
12793,4116345429,2140
12794,144553899538,30
12795,116816737475,0
12796,116816737475,0
12797,116816737475,0
12798,801159932,150
12799,222193951,110
12800,116816737475,0
12801,116816737475,0
12802,116816737475,0
12803,116816737475,0
12804,116816737475,0
12805,116816737475,0
12806,116816737475,0
12807,283519909181,70
12808,49960028,80
12809,116816737475,0
12810,445305940,130
12811,46724378,214520
12812,98935957,90
12813,116816737475,0
12814,38670781,403180
12815,116816737475,0
12816,60616469599,10
12817,116816737475,0
12818,116816737475,0
12819,116816737475,0
12820,116816737475,0
12821,2423409382,2330
12822,116816737475,0
12823,116816737475,0
12824,190176097995,50
12825,9641453113,3040
12826,116816737475,0
12827,116816737475,0
12828,116816737475,0
12829,49197045,26390
12830,116816737475,0
12831,846485190,140
12832,116816737475,0
12833,116816737475,0
12834,116816737475,0
12835,116816737475,0
12836,3033724725,1470
12837,1130008936,340
12838,116816737475,0
12839,9362518404,7690
12840,222193951,110
12841,3219489974,3110
12842,3102896069,460
12843,116816737475,0
12844,116816737475,0
12845,116816737475,0
12846,4267881521,11330
12847,116816737475,0
12848,6620864004,2920
12849,144553899538,30
12850,116816737475,0
12851,116816737475,0
12852,23035524798,690
12853,43045099605,20
12854,43045099605,20
12855,60616469599,10
12856,60616469599,10
12857,43045099605,20
12858,1234375085,30
12859,116816737475,0
12860,977028499,180
12861,283519909181,70
12862,2969884342,490
12863,116816737475,0
12864,143019865,22470
12865,116816737475,0
12866,9884032713,1590
12867,4916100688,1530
12868,5645748511,1840
12869,116816737475,0
12870,1005164830,2020
12871,116816737475,0
12872,116816737475,0
12873,205864316,100
12874,116816737475,0
12875,455765059,170
12876,1200982283,45740
12877,116816737475,0
12878,43045099605,20
12879,144553899538,30
12880,144553899538,30
12881,116816737475,0
12882,116816737475,0
12883,116816737475,0
12884,25019997,1500000
12885,116816737475,0
12886,116816737475,0
12887,116816737475,0
12888,116816737475,0
12889,116816737475,0
12890,116816737475,0
12891,43045099605,20
12892,16562307139,13690
12893,43045099605,20
12894,60616469599,10
12895,116816737475,0
12896,482156133,63080
12897,116816737475,0
12898,116816737475,0
12899,49960028,80
12900,259107135,105180
12901,116816737475,0
12902,43045099605,20
12903,49960028,80
12904,3179886486,300
12905,24846180,64260
12906,75286965941,40
12907,75286965941,40
12908,75286965941,40
12909,836353721,80
12910,1168579954,59750
12911,116816737475,0
12912,1363322724,130
12913,116816737475,0
12914,43045099605,20
12915,116816737475,0
12916,2162400270,250
12917,116816737475,0
12918,116816737475,0
12919,4471121337,2260
12920,116816737475,0
12921,116816737475,0
12922,49960028,80
12923,116816737475,0
12924,39288222,326080
12925,205864316,100
12926,144553899538,30
12927,17207929622,2430
12928,116816737475,0
12929,116816737475,0
12930,116816737475,0
12931,116816737475,0
12932,116816737475,0
12933,2943233464,1870
12934,168237505,104490
12935,4063754464,2410
12936,116816737475,0
12937,43045099605,20
12938,116816737475,0
12939,116816737475,0
12940,116816737475,0
12941,116816737475,0
12942,116816737475,0
12943,60616469599,10
12944,116816737475,0
12945,75286965941,40
12946,2162400270,250
12947,116816737475,0
12948,116816737475,0
12949,116816737475,0
12950,116816737475,0
12951,116816737475,0
12952,43045099605,20
12953,12022564555,950
12954,6028467026,1850
12955,116816737475,0
12956,116816737475,0
12957,116816737475,0
12958,11926008,28680
12959,116816737475,0
12960,116816737475,0
12961,75286965941,40
12962,116816737475,0
12963,7556000682,720
12964,116816737475,0
12965,116816737475,0
12966,75286965941,40
12967,116816737475,0
12968,138947389494,60
12969,144553899538,30
12970,190176097995,50
12971,116816737475,0
12972,116816737475,0
12973,116816737475,0
12974,116816737475,0
12975,116816737475,0
12976,1638186750,240
12977,116816737475,0
12978,75286965941,40
12979,60616469599,10
12980,116816737475,0
12981,116816737475,0
12982,116816737475,0
12983,116816737475,0
12984,43045099605,20
12985,8544685407,1130
12986,43045099605,20
12987,5883175202,600
12988,60616469599,10
12989,116816737475,0
12990,116816737475,0
12991,116816737475,0
12992,3601869146,1280
12993,170483447,120
12994,116816737475,0
12995,43045099605,20
12996,43045099605,20
12997,116816737475,0
12998,116816737475,0
12999,116816737475,0
13000,116816737475,0
13001,6028467026,1850
13002,116816737475,0
13003,116816737475,0
13004,283519909181,70
13005,116816737475,0
13006,116816737475,0
13007,3428989708,12320
13008,116816737475,0
13009,484865189,92550
13010,8169258900,650
13011,116816737475,0
13012,116816737475,0
13013,116816737475,0
13014,116816737475,0
13015,74584905,205740
13016,116816737475,0
13017,43045099605,20
13018,116816737475,0
13019,116816737475,0
13020,116816737475,0
13021,116816737475,0
13022,4842958625,780
13023,283519909181,70
13024,445305940,130
13025,116816737475,0
13026,43045099605,20
13027,116816737475,0
13028,170483447,120
13029,116816737475,0
13030,3175773367,380
13031,60616469599,10
13032,445305940,130
13033,9434802412,3340
13034,75286965941,40
13035,75286965941,40
13036,2128818507,13190
13037,43045099605,20
13038,116816737475,0
13039,7337375505,3930
13040,7704668750,22540
13041,116816737475,0
13042,60616469599,10
13043,43045099605,20
13044,6359594668,980
13045,205864316,100
13046,285189160,50
13047,205864316,100
13048,3102896069,460
13049,1442537214,2580
13050,116816737475,0
13051,8169712860,500
13052,116816737475,0
13053,6598937362,3670
13054,6766549955,1900
13055,116816737475,0
13056,116816737475,0
13057,35982966,35650
13058,75286965941,40
13059,116816737475,0
13060,43045099605,20
13061,116816737475,0
13062,116816737475,0
13063,276484064,56350
13064,2746352306,550
13065,116816737475,0
13066,222193951,110
13067,283519909181,70
13068,49960028,80
13069,116816737475,0
13070,116816737475,0
13071,138947389494,60
13072,116816737475,0
13073,116816737475,0
13074,116816737475,0
13075,222193951,110
13076,116816737475,0
13077,283519909181,70
13078,49960028,80
13079,116816737475,0
13080,116816737475,0
13081,116816737475,0
13082,801159932,150
13083,138947389494,60
13084,116816737475,0
13085,285189160,50
13086,116816737475,0
13087,116816737475,0
13088,116816737475,0
13089,116816737475,0
13090,116816737475,0
13091,75286965941,40
13092,43045099605,20
13093,1370003833,44500
13094,116816737475,0
13095,1793385163,310
13096,43045099605,20
13097,116816737475,0
13098,43045099605,20
13099,116816737475,0
13100,13826910249,880
13101,60616469599,10
13102,3739071483,740
13103,43045099605,20
13104,116816737475,0
13105,7890743490,4690
13106,5630851950,8920
13107,2307644621,2680
13108,190176097995,50
13109,222193951,110
13110,2162400270,250
13111,43045099605,20
13112,43045099605,20
13113,116816737475,0
13114,60616469599,10
13115,6967597946,950
13116,116816737475,0
13117,116816737475,0
13118,43045099605,20
13119,3081416981,1920
13120,49960028,80
13121,14223907897,8840
13122,205864316,100
13123,116816737475,0
13124,283519909181,70
13125,116816737475,0
13126,2761532850,2210
13127,205864316,100
13128,5171474941,2590
13129,43045099605,20
13130,43045099605,20
13131,116816737475,0
13132,846485190,140
13133,9475686747,4290
13134,116816737475,0
13135,116816737475,0
13136,75286965941,40
13137,116816737475,0
13138,11313650763,1020
13139,2026403412,400
13140,616537238,150
13141,2162400270,250
13142,2933401174,40570
13143,116816737475,0
13144,116816737475,0
13145,4264567438,1540
13146,2067588320,2780
13147,60616469599,10
13148,116816737475,0
13149,27381298,72560
13150,116816737475,0
13151,43045099605,20
13152,43045099605,20
13153,144553899538,30
13154,116816737475,0
13155,60616469599,10
13156,43045099605,20
13157,43045099605,20
13158,205864316,100
13159,27304291,29720
13160,116816737475,0
13161,138947389494,60
13162,49960028,80
13163,5460206538,1860
13164,43045099605,20
13165,37202155,401910
13166,138947389494,60
13167,116816737475,0
13168,49960028,80
13169,63532042,21960
13170,116816737475,0
13171,116816737475,0
13172,116816737475,0
13173,116816737475,0
13174,116816737475,0
13175,75286965941,40
13176,116816737475,0
13177,116816737475,0
13178,116816737475,0
13179,116816737475,0
13180,144553899538,30
13181,144553899538,30
13182,43045099605,20
13183,116816737475,0
13184,170483447,120
13185,3125401130,2010
13186,43045099605,20
13187,116816737475,0
13188,5196445507,2750
13189,2444290252,2810
13190,116816737475,0
13191,116816737475,0
13192,116816737475,0
13193,43045099605,20
13194,116816737475,0
13195,60616469599,10
13196,3665739315,11250
13197,43045099605,20
13198,116816737475,0
13199,43045099605,20
13200,43045099605,20
13201,116816737475,0
13202,5744834024,2080
13203,138947389494,60
13204,13476543119,3350
13205,116816737475,0
13206,9964777956,770
13207,116816737475,0
13208,43368017,207840
13209,116816737475,0
13210,43045099605,20
13211,116816737475,0
13212,116816737475,0
13213,116816737475,0
13214,4461628361,920
13215,43045099605,20
13216,60616469599,10
13217,138947389494,60
13218,116816737475,0
13219,283519909181,70
13220,2026403412,400
13221,138947389494,60
13222,170483447,120
13223,205864316,100
13224,283519909181,70
13225,1178509012,60
13226,116816737475,0
13227,5101868680,1390
13228,138947389494,60
13229,116816737475,0
13230,19619958509,3120
13231,116816737475,0
13232,116816737475,0
13233,12047820318,3380
13234,2735894371,510
13235,283519909181,70
13236,5437569418,480
13237,116816737475,0
13238,116816737475,0
13239,43045099605,20
13240,116816737475,0
13241,116816737475,0
13242,116816737475,0
13243,60616469599,10
13244,52262155,101920
13245,116816737475,0
13246,60616469599,10
13247,116816737475,0
13248,461892865,77960
13249,60616469599,10
13250,116816737475,0
13251,116816737475,0
13252,116816737475,0
13253,49960028,80
13254,75286965941,40
13255,138947389494,60
13256,116816737475,0
13257,116816737475,0
13258,144553899538,30
13259,43045099605,20
13260,116816737475,0
13261,43045099605,20
13262,75286965941,40
13263,75286965941,40
13264,12129523526,4050
13265,138947389494,60
13266,3102896069,460
13267,60616469599,10
13268,116816737475,0
13269,3306757731,670
13270,116816737475,0
13271,75286965941,40
13272,116816737475,0
13273,190176097995,50
13274,116816737475,0
13275,116816737475,0
13276,116816737475,0
13277,116816737475,0
13278,116816737475,0
13279,116816737475,0
13280,3399341067,2340
13281,43045099605,20
13282,116816737475,0
13283,60616469599,10
13284,3179886486,300
13285,116816737475,0
13286,116816737475,0
13287,60616469599,10
13288,116816737475,0
13289,43045099605,20
13290,1832533078,57760
13291,116816737475,0
13292,342862340,19990
13293,1738245466,330
13294,3452976253,900
13295,1556853552,2150
13296,3319292913,5120
13297,6892844030,1970
13298,116816737475,0
13299,75286965941,40
13300,116816737475,0
13301,138947389494,60
13302,761975835,81590
13303,116816737475,0
13304,116816737475,0
13305,116816737475,0
13306,6734975913,2370
13307,6773705854,1270
13308,43045099605,20
13309,12935745053,1030
13310,144553899538,30
13311,10689325979,3880
13312,116816737475,0
13313,116816737475,0
13314,116816737475,0
13315,1536192317,50640
13316,1757420726,2560
13317,116816737475,0
13318,116816737475,0
13319,60616469599,10
13320,116816737475,0
13321,116816737475,0
13322,116816737475,0
13323,116816737475,0
13324,116816737475,0
13325,116816737475,0
13326,116816737475,0
13327,116816737475,0
13328,34957278,32790
13329,116816737475,0
13330,1889443495,2390
13331,75286965941,40
13332,116816737475,0
13333,8495288339,610
13334,47096402,251270
13335,116816737475,0
13336,43045099605,20
13337,116816737475,0
13338,116816737475,0
13339,116816737475,0
13340,1303714018,260
13341,8844467190,1550
13342,144553899538,30
13343,116816737475,0
13344,283519909181,70
13345,43045099605,20
13346,116816737475,0
13347,116816737475,0
13348,1539214555,90
13349,455765059,170
13350,116816737475,0
13351,190176097995,50
13352,49960028,80
13353,116816737475,0
13354,190176097995,50
13355,116816737475,0
13356,138947389494,60
13357,5186465691,2480
13358,536334581,270
13359,43045099605,20
13360,8906735654,19220
13361,4187008360,2290
13362,1205302940,71740
13363,116816737475,0
13364,116816737475,0
13365,17660884458,2790
13366,672288911,76550
13367,116816737475,0
13368,116816737475,0
13369,60616469599,10
13370,15805992916,8040
13371,116816737475,0
13372,24037015255,5380
13373,1851731580,280
13374,49960028,80
13375,116816737475,0
13376,62084362,241150
13377,43045099605,20
13378,3169361997,2980
13379,116816737475,0
13380,98935957,90
13381,43045099605,20
13382,116816737475,0
13383,116816737475,0
13384,116816737475,0
13385,116816737475,0
13386,116816737475,0
13387,283519909181,70
13388,116816737475,0
13389,60616469599,10
13390,116816737475,0
13391,116816737475,0
13392,283519909181,70
13393,116816737475,0
13394,116816737475,0
13395,75286965941,40
13396,60616469599,10
13397,43045099605,20
13398,3384378788,1890
13399,116816737475,0
13400,3304016988,44450
13401,116816737475,0
13402,75286965941,40
13403,116816737475,0
13404,144553899538,30
13405,1792884826,2770
13406,116816737475,0
13407,75286965941,40
13408,116816737475,0
13409,116816737475,0
13410,116816737475,0
13411,98935957,90
13412,190176097995,50
13413,116816737475,0
13414,116816737475,0
13415,116816737475,0
13416,25019997,1500000
13417,8371757230,720
13418,75286965941,40
13419,205864316,100
13420,75286965941,40
13421,116816737475,0
13422,116816737475,0
13423,2079675970,58560
13424,75286965941,40
13425,3888914810,360
13426,116816737475,0
13427,116816737475,0
13428,1130008936,340
13429,15406422755,4980
13430,116816737475,0
13431,49960028,80
13432,1283700873,55950
13433,116816737475,0
13434,144553899538,30
13435,60616469599,10
13436,116816737475,0
13437,75286965941,40
13438,1782776233,35050
13439,4159491220,680
13440,116816737475,0
13441,2162400270,250
13442,49960028,80
13443,49960028,80
13444,43045099605,20
13445,60616469599,10
13446,18806476956,5650
13447,116816737475,0
13448,138947389494,60
13449,190176097995,50
13450,7659883819,1940
13451,75286965941,40
13452,5171474941,2590
13453,116816737475,0
13454,61712971,364160
13455,116816737475,0
13456,200088492,71200
13457,3358455073,1260
13458,36575709,30300
13459,116816737475,0
13460,68977619,131890
13461,49960028,80
13462,116816737475,0
13463,116816737475,0
13464,20891434216,4450
13465,8844467190,1550
13466,3307713300,220
13467,116816737475,0
13468,116816737475,0
13469,116816737475,0
13470,60616469599,10
13471,43045099605,20
13472,116816737475,0
13473,60616469599,10
13474,116816737475,0
13475,283519909181,70
13476,43045099605,20
13477,3870255212,2450
13478,116816737475,0
13479,116816737475,0
13480,63765740,308360
13481,116816737475,0
13482,27534114,275680
13483,116816737475,0
13484,116816737475,0
13485,43045099605,20
13486,138947389494,60
13487,4827481255,1980
13488,60616469599,10
13489,44600302,142050
13490,116816737475,0
13491,43045099605,20
13492,116816737475,0
13493,190176097995,50
13494,25536611,213890
13495,75286965941,40
13496,116816737475,0
13497,1724158807,360
13498,116816737475,0
13499,144553899538,30
13500,75286965941,40
13501,469219256,64800
13502,977028499,180
13503,574980031,18610
13504,116816737475,0
13505,677781499,89670
13506,116816737475,0
13507,3358455073,1260
13508,6461935609,960
13509,918874086,160
13510,116816737475,0
13511,116816737475,0
13512,116816737475,0
13513,116816737475,0
13514,116816737475,0
13515,1222212354,230
13516,116816737475,0
13517,283519909181,70
13518,116816737475,0
13519,351305814,19070
13520,131198404,156640
13521,4248131449,1810
13522,138947389494,60
13523,709992744,40
13524,116816737475,0
13525,116816737475,0
13526,4934908781,2660
13527,2501198098,350
13528,144553899538,30
13529,11866354190,890
13530,170483447,120
13531,222193951,110
13532,116816737475,0
13533,6181971206,1990
13534,43045099605,20
13535,116816737475,0
13536,60616469599,10
13537,116816737475,0
13538,116816737475,0
13539,116816737475,0
13540,144553899538,30
13541,116816737475,0
13542,138947389494,60
13543,116816737475,0
13544,60616469599,10
13545,75286965941,40
13546,116816737475,0
13547,359503449,53090
13548,138947389494,60
13549,60616469599,10
13550,144553899538,30
13551,2501198098,350
13552,116816737475,0
13553,60616469599,10
13554,116816737475,0
13555,5417518269,1500
13556,455765059,170
13557,3739071483,740
13558,116816737475,0
13559,43045099605,20
13560,116816737475,0
13561,43045099605,20
13562,116816737475,0
13563,116816737475,0
13564,116816737475,0
13565,116816737475,0
13566,43045099605,20
13567,116816737475,0
13568,594161423,200
13569,60616469599,10
13570,8059646866,1730
13571,116816737475,0
13572,43045099605,20
13573,60616469599,10
13574,116816737475,0
13575,49960028,80
13576,116816737475,0
13577,43045099605,20
13578,3165821340,200
13579,3055050878,52010
13580,43045099605,20
13581,75286965941,40
13582,43045099605,20
13583,116816737475,0
13584,116816737475,0
13585,116816737475,0
13586,2307644621,2680
13587,13746087918,5600
13588,75286965941,40
13589,43045099605,20
13590,43045099605,20
13591,43045099605,20
13592,285189160,50
13593,116816737475,0
13594,138947389494,60
13595,138947389494,60
13596,1440748567,62580
13597,2322907479,1700
13598,75286965941,40
13599,60616469599,10
13600,43045099605,20
13601,138947389494,60
13602,116816737475,0
13603,6478338725,760
13604,8895160380,3610
13605,116816737475,0
13606,2340578183,38040
13607,116816737475,0
13608,116816737475,0
13609,116816737475,0
13610,6014831330,8240
13611,144553899538,30
13612,1738245466,330
13613,75286965941,40
13614,116816737475,0
13615,116816737475,0
13616,43045099605,20
13617,60616469599,10
13618,1130008936,340
13619,116816737475,0
13620,116816737475,0
13621,82027995,191780
13622,116816737475,0
13623,3141017112,440
13624,116816737475,0
13625,60616469599,10
13626,1665238878,2690
13627,3081416981,1920
13628,75286965941,40
13629,116816737475,0
13630,40710628,249900
13631,39473138,234960
13632,116816737475,0
13633,116816737475,0
13634,43045099605,20
13635,2964596102,460
13636,3144955296,570
13637,19676566336,7340
13638,116816737475,0
13639,116816737475,0
13640,116816737475,0
13641,51756192,319510
13642,7858264401,5800
13643,116816737475,0
13644,116816737475,0
13645,75286965941,40
13646,49960028,80
13647,222193951,110
13648,144553899538,30
13649,6773705854,1270
13650,1215684779,2300
13651,116816737475,0
13652,75286965941,40
13653,1410761348,120
13654,75286965941,40
13655,75286965941,40
13656,116816737475,0
13657,43045099605,20
13658,138947389494,60
13659,144553899538,30
13660,190176097995,50
13661,116816737475,0
13662,116816737475,0
13663,116816737475,0
13664,144553899538,30
13665,116816737475,0
13666,116816737475,0
13667,43045099605,20
13668,3124978256,33780
13669,116816737475,0
13670,75286965941,40
13671,116816737475,0
13672,2735894371,510
13673,116816737475,0
13674,1556853552,2150
13675,116816737475,0
13676,43045099605,20
13677,205864316,100
13678,116816737475,0
13679,116816737475,0
13680,116816737475,0
13681,116816737475,0
13682,43045099605,20
13683,116816737475,0
13684,46946883,220110
13685,116816737475,0
13686,116816737475,0
13687,116816737475,0
13688,4928905584,900
13689,75286965941,40
13690,16868636396,1080
13691,4128793627,2180
13692,116816737475,0
13693,116816737475,0
13694,1556853552,2150
13695,75286965941,40
13696,116816737475,0
13697,116816737475,0
13698,60616469599,10
13699,60616469599,10
13700,116816737475,0
13701,75286965941,40
13702,116816737475,0
13703,116816737475,0
13704,116816737475,0
13705,60616469599,10
13706,116816737475,0
13707,75286965941,40
13708,43045099605,20
13709,3346385558,610
13710,116816737475,0
13711,138947389494,60
13712,60616469599,10
13713,116816737475,0
13714,9865650807,3080
13715,116816737475,0
13716,144553899538,30
13717,116816737475,0
13718,116816737475,0
13719,594161423,200
13720,1902296328,390
13721,116816737475,0
13722,846485190,140
13723,1557975391,280
13724,4607368032,8740
13725,75286965941,40
13726,205864316,100
13727,116816737475,0
13728,205864316,100
13729,60616469599,10
13730,116816737475,0
13731,116816737475,0
13732,190176097995,50
13733,29425898068,3780
13734,222193951,110
13735,43045099605,20
13736,75286965941,40
13737,75286965941,40
13738,116816737475,0
13739,116816737475,0
13740,1046622606,2520
13741,2169758250,830
13742,5417518269,1500
13743,144553899538,30
13744,116816737475,0
13745,49960028,80
13746,3142648772,1620
13747,116816737475,0
13748,116816737475,0
13749,116816737475,0
13750,3769782388,3010
13751,116816737475,0
13752,75286965941,40
13753,2439645419,2530
13754,116816737475,0
13755,190176097995,50
13756,2144558868,1800
13757,98935957,90
13758,116816737475,0
13759,724760437,57360
13760,116816737475,0
13761,116816737475,0
13762,116816737475,0
13763,116816737475,0
13764,43045099605,20
13765,60616469599,10
13766,43045099605,20
13767,144553899538,30
13768,75286965941,40
13769,4934908781,2660
13770,116816737475,0
13771,594161423,200
13772,60616469599,10
13773,116816737475,0
13774,2349730130,2820
13775,138947389494,60
13776,65144943,198020
13777,116816737475,0
13778,116816737475,0
13779,116816737475,0
13780,75286965941,40
13781,116816737475,0
13782,116816737475,0
13783,190176097995,50
13784,1007855874,80910
13785,116816737475,0
13786,144553899538,30
13787,43045099605,20
13788,116816737475,0
13789,43045099605,20
13790,3293630269,3100
13791,43045099605,20
13792,60616469599,10
13793,116816737475,0
13794,43045099605,20
13795,2682100649,620
13796,116816737475,0
13797,1685451883,390
13798,116816737475,0
13799,53202692,215190
13800,43045099605,20
13801,7570475659,660
13802,8940496009,3300
13803,4060188102,1120
13804,116816737475,0
13805,116816737475,0
13806,918874086,160
13807,116816737475,0
13808,283519909181,70
13809,116816737475,0
13810,116816737475,0
13811,116816737475,0
13812,60616469599,10
13813,116816737475,0
13814,116816737475,0
13815,116816737475,0
13816,43045099605,20
13817,43045099605,20
13818,3035438946,27900
13819,98935957,90
13820,144553899538,30
13821,1864004659,41950
13822,49960028,80
13823,43045099605,20
13824,116816737475,0
13825,116816737475,0
13826,116816737475,0
13827,116816737475,0
13828,5028030388,1720
13829,60616469599,10
13830,138947389494,60
13831,98935957,90
13832,75286965941,40
13833,116816737475,0
13834,43045099605,20
13835,116816737475,0
13836,43045099605,20
13837,536334581,270
13838,116816737475,0
13839,116816737475,0
13840,138947389494,60
13841,116816737475,0
13842,116816737475,0
13843,116816737475,0
13844,116816737475,0
13845,43045099605,20
13846,116816737475,0
13847,60616469599,10
13848,3607585520,1790
13849,116816737475,0
13850,26360128688,6060
13851,60616469599,10
13852,5223865778,2000
13853,60616469599,10
13854,49960028,80
13855,116816737475,0
13856,154587625,139950
13857,138947389494,60
13858,116816737475,0
13859,14557797065,18280
13860,4805056436,1930
13861,116816737475,0
13862,116816737475,0
13863,116816737475,0
13864,536334581,270
13865,43045099605,20
13866,116816737475,0
13867,116816737475,0
13868,7885836119,2040
13869,43045099605,20
13870,116816737475,0
13871,43045099605,20
13872,60616469599,10
13873,75286965941,40
13874,1063558241,220
13875,25287663,316300
13876,116816737475,0
13877,144553899538,30
13878,116816737475,0
13879,75286965941,40
13880,116816737475,0
13881,65724402,188850
13882,116816737475,0
13883,116816737475,0
13884,144553899538,30
13885,116816737475,0
13886,116816737475,0
13887,116816737475,0
13888,1535884552,1610
13889,138947389494,60
13890,116816737475,0
13891,116816737475,0
13892,116816737475,0
13893,116816737475,0
13894,116816737475,0
13895,116816737475,0
13896,918874086,160
13897,116816737475,0
13898,116816737475,0
13899,16850754899,2990
13900,116816737475,0
13901,103479806,137250
13902,205864316,100
13903,6736168180,1080
13904,116816737475,0
13905,98935957,90
13906,75286965941,40
13907,43045099605,20
13908,144553899538,30
13909,116816737475,0
13910,1097940893,180
13911,7059733387,2970
13912,43045099605,20
13913,116816737475,0
13914,2337037272,2800
13915,116816737475,0
13916,60616469599,10
13917,75286965941,40
13918,3102896069,460
13919,60616469599,10
13920,116816737475,0
13921,174287418,112330
13922,43045099605,20
13923,116816737475,0
13924,60616469599,10
13925,60616469599,10
13926,49960028,80
13927,75286965941,40
13928,1155536910,2320
13929,116816737475,0
13930,43045099605,20
13931,1638186750,240
13932,116816737475,0
13933,116816737475,0
13934,75286965941,40
13935,43045099605,20
13936,138947389494,60
13937,116816737475,0
13938,116816737475,0
13939,136274356,134200
13940,116816737475,0
13941,5196445507,2750
13942,205864316,100
13943,222193951,110
13944,116816737475,0
13945,60616469599,10
13946,846485190,140
13947,3306757731,670
13948,116816737475,0
13949,55894851,165570
13950,116816737475,0
13951,116816737475,0
13952,116816737475,0
13953,75286965941,40
13954,60616469599,10
13955,56641491,288090
13956,43045099605,20
13957,116816737475,0
13958,60616469599,10
13959,49960028,80
13960,190176097995,50
13961,283519909181,70
13962,60616469599,10
13963,138947389494,60
13964,116816737475,0
13965,116816737475,0
13966,639617579,85980
13967,116816737475,0
13968,116816737475,0
13969,75286965941,40
13970,283519909181,70
13971,4860072101,2730
13972,116816737475,0
13973,60616469599,10
13974,116816737475,0
13975,116816737475,0
13976,116816737475,0
13977,205864316,100
13978,116816737475,0
13979,116816737475,0
13980,116816737475,0
13981,445305940,130
13982,116816737475,0
13983,138947389494,60
13984,116816737475,0
13985,41012429,198730
13986,75286965941,40
13987,319098364,112660
13988,116816737475,0
13989,222193951,110
13990,116816737475,0
13991,63893064,304420
13992,20085193788,2300
13993,116816737475,0
13994,44917315,225570
13995,54165854,198110
13996,2612708119,1650
13997,116816737475,0
13998,735679366,87490
13999,116816737475,0
14000,116816737475,0
14001,138947389494,60
14002,8844467190,1550
14003,2997259079,160
14004,9316371866,1240
14005,7348183689,8480
14006,116816737475,0
14007,61945234,356710
14008,116816737475,0
14009,116816737475,0
14010,49960028,80
14011,116816737475,0
14012,116816737475,0
14013,116816737475,0
14014,138947389494,60
14015,43045099605,20
14016,75286965941,40
14017,3489059573,2760
14018,116816737475,0
14019,116816737475,0
14020,116816737475,0
14021,49960028,80
14022,60616469599,10
14023,116816737475,0
14024,2640128045,770
14025,116816737475,0
14026,1533185866,33610
14027,116816737475,0
14028,116816737475,0
14029,60616469599,10
14030,116816737475,0
14031,7101351243,2640
14032,116816737475,0
14033,5156011179,1430
14034,116816737475,0
14035,144553899538,30
14036,40220084,39580
14037,116816737475,0
14038,4613598754,580
14039,60616469599,10
14040,43045099605,20
14041,116816737475,0
14042,10149253830,5160
14043,116816737475,0
14044,60616469599,10
14045,144553899538,30
14046,116816737475,0
14047,43045099605,20
14048,116816737475,0
14049,144553899538,30
14050,12182782326,2740
14051,60616469599,10
14052,45340991,389910
14053,116816737475,0
14054,116816737475,0
14055,116816737475,0
14056,116816737475,0
14057,283519909181,70
14058,116816737475,0
14059,42528191,240930
14060,205864316,100
14061,138947389494,60
14062,11313650763,1020
14063,60616469599,10
14064,144553899538,30
14065,10856294268,1220
14066,801159932,150
14067,594161423,200
14068,116816737475,0
14069,116816737475,0
14070,1130008936,340
14071,116816737475,0
14072,138947389494,60
14073,8169712860,500
14074,43045099605,20
14075,116816737475,0
14076,43045099605,20
14077,43045099605,20
14078,49960028,80
14079,144553899538,30
14080,116816737475,0
14081,144553899538,30
14082,455765059,170
14083,116816737475,0
14084,1557975391,280
14085,6179557506,8570
14086,46721038,393400
14087,116816737475,0
14088,116816737475,0
14089,116816737475,0
14090,116816737475,0
14091,7224778006,1120
14092,49960028,80
14093,63049971,200810
14094,190176097995,50
14095,49960028,80
14096,116816737475,0
14097,116816737475,0
14098,116816737475,0
14099,60616469599,10
14100,41063929,224030
14101,43045099605,20
14102,1931359573,420
14103,116816737475,0
14104,49960028,80
14105,116816737475,0
14106,116816737475,0
14107,43045099605,20
14108,116816737475,0
14109,116816737475,0
14110,116816737475,0
14111,75286965941,40
14112,116816737475,0
14113,116816737475,0
14114,3717399827,880
14115,116816737475,0
14116,138947389494,60
14117,31541447036,4820
14118,116816737475,0
14119,116816737475,0
14120,60616469599,10
14121,6435301767,1560
14122,190176097995,50
14123,138947389494,60
14124,60616469599,10
14125,116816737475,0
14126,116816737475,0
14127,43045099605,20
14128,75286965941,40
14129,23736763,64920
14130,116816737475,0
14131,190176097995,50
14132,60616469599,10
14133,3175773367,380
14134,190176097995,50
14135,60616469599,10
14136,116816737475,0
14137,116816737475,0
14138,75286965941,40
14139,170483447,120
14140,60616469599,10
14141,43045099605,20
14142,4928578463,1160
14143,116816737475,0
14144,116816737475,0
14145,116816737475,0
14146,116816737475,0
14147,43045099605,20
14148,116816737475,0
14149,4928578463,1160
14150,43045099605,20
14151,144553899538,30
14152,98935957,90
14153,9884032713,1590
14154,3520133578,490
14155,116816737475,0
14156,116816737475,0
14157,116816737475,0
14158,43045099605,20
14159,144553899538,30
14160,116816737475,0
14161,60616469599,10
14162,116816737475,0
14163,116816737475,0
14164,60616469599,10
14165,116816737475,0
14166,283519909181,70
14167,116816737475,0
14168,98935957,90
14169,75286965941,40
14170,801159932,150
14171,116816737475,0
14172,75286965941,40
14173,2444290252,2810
14174,116816737475,0
14175,116816737475,0
14176,116816737475,0
14177,116816737475,0
14178,38858592252,1090
14179,536334581,270
14180,116816737475,0
14181,116816737475,0
14182,116816737475,0
14183,116816737475,0
14184,59360860,212310
14185,116816737475,0
14186,43045099605,20
14187,190176097995,50
14188,43045099605,20
14189,116816737475,0
14190,190176097995,50
14191,1190582979,63250
14192,43045099605,20
14193,116816737475,0
14194,116816737475,0
14195,116816737475,0
14196,116816737475,0
14197,2218001336,1760
14198,43045099605,20
14199,4846697301,3050
14200,116816737475,0
14201,1838222294,340
14202,190176097995,50
14203,455765059,170
14204,116816737475,0
14205,116816737475,0
14206,116816737475,0
14207,116816737475,0
14208,8314356626,1400
14209,1851731580,280
14210,116816737475,0
14211,12577382698,2540
14212,116816737475,0
14213,2341525039,2400
14214,47953203,365550
14215,1495668390,1110
14216,138947389494,60
14217,116816737475,0
14218,3188294448,410
14219,116816737475,0
14220,291563256,18250
14221,116816737475,0
14222,116816737475,0
14223,116816737475,0
14224,116816737475,0
14225,60616469599,10
14226,116816737475,0
14227,116816737475,0
14228,116816737475,0
14229,43045099605,20
14230,4063754464,2410
14231,43045099605,20
14232,116816737475,0
14233,116816737475,0
14234,43045099605,20
14235,116816737475,0
14236,116816737475,0
14237,116816737475,0
14238,116816737475,0
14239,44170858,352240
14240,116816737475,0
14241,116816737475,0
14242,246975343,114320
14243,116816737475,0
14244,2260885167,34700
14245,116816737475,0
14246,116816737475,0
14247,116816737475,0
14248,283519909181,70
14249,116816737475,0
14250,116816737475,0
14251,75286965941,40
14252,2189724947,420
14253,138947389494,60
14254,73112019,21580
14255,138947389494,60
14256,116816737475,0
14257,116816737475,0
14258,116816737475,0
14259,116816737475,0
14260,4903911186,2870
14261,116816737475,0
14262,49960028,80
14263,116816737475,0
14264,60616469599,10
14265,116816737475,0
14266,43045099605,20
14267,13979538902,1560
14268,43045099605,20
14269,290132313,73330
14270,43045099605,20
14271,116816737475,0
14272,4159491220,680
14273,116816737475,0
14274,116816737475,0
14275,1011834360,140
14276,48473344,326610
14277,496158413,97890
14278,116816737475,0
14279,116816737475,0
14280,116816737475,0
14281,116816737475,0
14282,676476167,210
14283,116816737475,0
14284,116816737475,0
14285,116816737475,0
14286,49960028,80
14287,116816737475,0
14288,75286965941,40
14289,9641453113,3040
14290,43045099605,20
14291,49960028,80
14292,116816737475,0
14293,75286965941,40
14294,222193951,110
14295,3346385558,610
14296,116816737475,0
14297,116816737475,0
14298,116816737475,0
14299,1777894361,2790
14300,116816737475,0
14301,1046622606,2520
14302,116816737475,0
14303,49960028,80
14304,75286965941,40
14305,63057624,318270
14306,75286965941,40
14307,116816737475,0
14308,43045099605,20
14309,116816737475,0
14310,116816737475,0
14311,8249250076,2900
14312,190176097995,50
14313,75286965941,40
14314,123573241,138290
14315,116816737475,0
14316,116816737475,0
14317,190176097995,50
14318,62810833,195270
14319,98935957,90
14320,116816737475,0
14321,19868649780,16750
14322,116816737475,0
14323,1339055394,110
14324,138947389494,60
14325,43045099605,20
14326,116816737475,0
14327,116816737475,0
14328,116816737475,0
14329,60616469599,10
14330,116816737475,0
14331,60616469599,10
14332,116816737475,0
14333,116816737475,0
14334,138947389494,60
14335,116816737475,0
14336,116816737475,0
14337,138947389494,60
14338,116816737475,0
14339,116816737475,0
14340,116816737475,0
14341,116816737475,0
14342,1303714018,260
14343,116816737475,0
14344,116816737475,0
14345,116816737475,0
14346,283519909181,70
14347,116816737475,0
14348,116816737475,0
14349,116816737475,0
14350,1931359573,420
14351,205864316,100
14352,1556853552,2150
14353,116816737475,0
14354,116816737475,0
14355,116816737475,0
14356,116816737475,0
14357,144553899538,30
14358,116816737475,0
14359,116816737475,0
14360,22481760,37420
14361,116816737475,0
14362,116816737475,0
14363,205864316,100
14364,43045099605,20
14365,2218001336,1760
14366,116816737475,0
14367,75286965941,40
14368,116816737475,0
14369,18052847804,3390
14370,276173103,20130
14371,43045099605,20
14372,116816737475,0
14373,48250246,386180
14374,43045099605,20
14375,4928905584,900
14376,1234375085,30
14377,116816737475,0
14378,616537238,150
14379,116816737475,0
14380,3431459247,2960
14381,21342641710,6140
14382,3142648772,1620
14383,1539214555,90
14384,14710393368,4220
14385,138947389494,60
14386,1793385163,310
14387,116816737475,0
14388,60616469599,10
14389,30843314,315160
14390,116816737475,0
14391,116816737475,0
14392,144553899538,30
14393,253221386,99450
14394,116816737475,0
14395,49960028,80
14396,122816807,124060
14397,116816737475,0
14398,138947389494,60
14399,37998341,55310
14400,116816737475,0
14401,116816737475,0
14402,3492565770,370
14403,49960028,80
14404,116816737475,0
14405,2322907479,1700
14406,116816737475,0
14407,283519909181,70
14408,116816737475,0
14409,144553899538,30
14410,116816737475,0
14411,116816737475,0
14412,138947389494,60
14413,116816737475,0
14414,8249250076,2900
14415,116816737475,0
14416,116816737475,0
14417,205864316,100
14418,75286965941,40
14419,7556000682,720
14420,116816737475,0
14421,222193951,110
14422,116816737475,0
14423,116816737475,0
14424,3358455073,1260
14425,283519909181,70
14426,1685451883,390
14427,116816737475,0
14428,9925945709,790
14429,138947389494,60
14430,12249473377,6760
14431,116816737475,0
14432,116816737475,0
14433,116816737475,0
14434,116816737475,0
14435,1005164830,2020
14436,205864316,100
14437,43045099605,20
14438,116816737475,0
14439,60616469599,10
14440,43045099605,20
14441,116816737475,0
14442,2382967929,1830
14443,43045099605,20
14444,116816737475,0
14445,144553899538,30
14446,116816737475,0
14447,43045099605,20
14448,18286514442,3890
14449,116816737475,0
14450,116816737475,0
14451,116816737475,0
14452,138947389494,60
14453,116816737475,0
14454,49625293,321450
14455,116816737475,0
14456,2382967929,1830
14457,116816737475,0
14458,9707384593,3370
14459,43045099605,20
14460,49960028,80
14461,116816737475,0
14462,43045099605,20
14463,116816737475,0
14464,116816737475,0
14465,22355034121,1420
14466,161793037,138330
14467,49864489,309280
14468,43523615,289780
14469,1202594700,14680
14470,116816737475,0
14471,1556853552,2150
14472,60616469599,10
14473,801159932,150
14474,116816737475,0
14475,116816737475,0
14476,43045099605,20
14477,60616469599,10
14478,10288339235,6490
14479,116816737475,0
14480,116816737475,0
14481,43045099605,20
14482,43045099605,20
14483,116816737475,0
14484,116816737475,0
14485,116816737475,0
14486,25019997,1500000
14487,836353721,80
14488,4564481253,2270
14489,144553899538,30
14490,116816737475,0
14491,2162400270,250
14492,151440617,72930
14493,222193951,110
14494,116816737475,0
14495,116816737475,0
14496,205864316,100
14497,5460206538,1860
14498,116816737475,0
14499,190176097995,50
14500,116816737475,0
14501,58108175,23650
14502,5835516448,1750
14503,116816737475,0
14504,75286965941,40
14505,3643021698,12860
14506,116816737475,0
14507,116816737475,0
14508,75286965941,40
14509,9891102751,2430
14510,116816737475,0
14511,2854848331,1640
14512,49960028,80
14513,1085844684,16250
14514,116816737475,0
14515,116816737475,0
14516,9747837344,1670
14517,116816737475,0
14518,1303714018,260
14519,116816737475,0
14520,75286965941,40
14521,144553899538,30
14522,34645757,185000
14523,116816737475,0
14524,116816737475,0
14525,43045099605,20
14526,116816737475,0
14527,1847865252,50860
14528,190176097995,50
14529,60616469599,10
14530,116816737475,0
14531,116816737475,0
14532,265475528,20900
14533,116816737475,0
14534,116816737475,0
14535,116816737475,0
14536,116816737475,0
14537,116816737475,0
14538,116816737475,0
14539,116816737475,0
14540,1665238878,2690
14541,116816737475,0
14542,116816737475,0
14543,116816737475,0
14544,144553899538,30
14545,1638186750,240
14546,116816737475,0
14547,75286965941,40
14548,49960028,80
14549,43045099605,20
14550,4928905584,900
14551,116816737475,0
14552,9316371866,1240
14553,43045099605,20
14554,116816737475,0
14555,7874409462,470
14556,60616469599,10
14557,116816737475,0
14558,116816737475,0
14559,116816737475,0
14560,116816737475,0
14561,116816737475,0
14562,49960028,80
14563,116816737475,0
14564,108123780,128580
14565,116816737475,0
14566,116816737475,0
14567,272180636,54130
14568,116816737475,0
14569,144553899538,30
14570,116816737475,0
14571,60616469599,10
14572,116816737475,0
14573,116816737475,0
14574,953386841,78860
14575,116816737475,0
14576,144553899538,30
14577,116816737475,0
14578,116816737475,0
14579,20256186,25800
14580,375889610,16420
14581,43045099605,20
14582,116816737475,0
14583,60616469599,10
14584,116816737475,0
14585,116816737475,0
14586,7005065876,1370
14587,35654603,203240
14588,43045099605,20
14589,43512043,190640
14590,116816737475,0
14591,53068152,382210
14592,75286965941,40
14593,2423409382,2330
14594,2414103274,3000
14595,951316791,230
14596,60616469599,10
14597,116816737475,0
14598,116816737475,0
14599,116816737475,0
14600,116816737475,0
14601,2423409382,2330
14602,116816737475,0
14603,116816737475,0
14604,116816737475,0
14605,116816737475,0
14606,116816737475,0
14607,144553899538,30
14608,4090631004,1460
14609,116816737475,0
14610,116816737475,0
14611,116816737475,0
14612,116816737475,0
14613,75286965941,40
14614,75286965941,40
14615,2202351163,15490
14616,118876769,151150
14617,2228192960,2440
14618,116816737475,0
14619,116816737475,0
14620,9475686747,4290
14621,60616469599,10
14622,2854848331,1640
14623,75286965941,40
14624,116816737475,0
14625,116816737475,0
14626,116816737475,0
14627,116816737475,0
14628,116816737475,0
14629,184494504,122600
14630,205864316,100
14631,116816737475,0
14632,60616469599,10
14633,116816737475,0
14634,116816737475,0
14635,8028119038,1060
14636,116816737475,0
14637,116816737475,0
14638,1264723438,350
14639,49960028,80
14640,116816737475,0
14641,75286965941,40
14642,2312722998,58500
14643,918874086,160
14644,116816737475,0
14645,116816737475,0
14646,793637882,79470
14647,455765059,170
14648,3946574252,440
14649,190176097995,50
14650,43045099605,20
14651,3204249988,320
14652,116816737475,0
14653,285189160,50
14654,116816737475,0
14655,12582613634,6740
14656,846485190,140
14657,5643310376,2030
14658,862478118,83250
14659,116816737475,0
14660,138947389494,60
14661,116816737475,0
14662,445305940,130
14663,57872796,189830
14664,116816737475,0
14665,116816737475,0
14666,116816737475,0
14667,1363322724,130
14668,676476167,210
14669,116816737475,0
14670,13011543328,9030
14671,2317090725,60560
14672,116816737475,0
14673,31036607,175940
14674,116816737475,0
14675,49960028,80
14676,116816737475,0
14677,43045099605,20
14678,116816737475,0
14679,3678733330,42180
14680,116816737475,0
14681,6435301767,1560
14682,116816737475,0
14683,116816737475,0
14684,43045099605,20
14685,600465875,86500
14686,18977589769,5210
14687,116816737475,0
14688,60616469599,10
14689,116816737475,0
14690,2144558868,1800
14691,11663692179,1200
14692,116816737475,0
14693,4105301570,4680
14694,44453159,227510
14695,116816737475,0
14696,1161313702,2090
14697,49960028,80
14698,116816737475,0
14699,116816737475,0
14700,5506231579,12610
14701,116816737475,0
14702,116816737475,0
14703,116816737475,0
14704,116816737475,0
14705,170483447,120
14706,7636050387,1680
14707,60616469599,10
14708,60616469599,10
14709,138947389494,60
14710,2444290252,2810
14711,222193951,110
14712,138947389494,60
14713,12726243606,990
14714,116816737475,0
14715,116816737475,0
14716,98935957,90
14717,12264581438,4630
14718,283519909181,70
14719,594161423,200
14720,116816737475,0
14721,670234058,20
14722,116816737475,0
14723,116816737475,0
14724,12356259329,1380
14725,45418018,287840
14726,1059708818,290
14727,60616469599,10
14728,75286965941,40
14729,116816737475,0
14730,116816737475,0
14731,116816737475,0
14732,60616469599,10
14733,116816737475,0
14734,116816737475,0
14735,116816737475,0
14736,4439027966,2570
14737,1177475667,46550
14738,116816737475,0
14739,2734401992,3360
14740,60616469599,10
14741,116816737475,0
14742,4227921198,1180
14743,144553899538,30
14744,7322005767,2930
14745,49960028,80
14746,43045099605,20
14747,116816737475,0
14748,60616469599,10
14749,116816737475,0
14750,1738245466,330
14751,75286965941,40
14752,13693877289,4760
14753,116816737475,0
14754,283519909181,70
14755,801159932,150
14756,43045099605,20
14757,24689247,44410
14758,5223865778,2000
14759,116816737475,0
14760,43045099605,20
14761,6028467026,1850
14762,116816737475,0
14763,75286965941,40
14764,60616469599,10
14765,1020697240,58190
14766,75286965941,40
14767,3179886486,300
14768,116816737475,0
14769,190176097995,50
14770,75286965941,40
14771,801159932,150
14772,116816737475,0
14773,116816737475,0
14774,116816737475,0
14775,1258753930,190
14776,43045099605,20
14777,75286965941,40
14778,6651387372,1820
14779,116816737475,0
14780,33228587639,3070
14781,506974189,17550
14782,138947389494,60
14783,5527567165,2880
14784,474553929,91110
14785,34050788,295730
14786,1488507447,2110
14787,43045099605,20
14788,116816737475,0
14789,846485190,140
14790,38134148,168150
14791,116816737475,0
14792,116816737475,0
14793,116816737475,0
14794,144553899538,30
14795,6834112659,710
14796,116816737475,0
14797,116816737475,0
14798,60616469599,10
14799,116816737475,0
14800,60616469599,10
14801,4164585129,3190
14802,2904528843,52970
14803,75286965941,40
14804,43045099605,20
14805,6181971206,1990
14806,455765059,170
14807,116816737475,0
14808,30551868,44170
14809,116816737475,0
14810,116816737475,0
14811,2253690152,61000
14812,48653410,260130
14813,116816737475,0
14814,4903911186,2870
14815,1334728553,1710
14816,116816737475,0
14817,116816737475,0
14818,455765059,170
14819,60616469599,10
14820,116816737475,0
14821,1793385163,310
14822,116816737475,0
14823,3033724725,1470
14824,116816737475,0
14825,116816737475,0
14826,43045099605,20
14827,116816737475,0
14828,43045099605,20
14829,116816737475,0
14830,7636050387,1680
14831,116816737475,0
14832,14778082827,1880
14833,116816737475,0
14834,116816737475,0
14835,7005065876,1370
14836,116816737475,0
14837,116816737475,0
14838,116816737475,0
14839,60616469599,10
14840,25019997,1500000
14841,12632656376,1190
14842,222193951,110
14843,957560775,40940
14844,43045099605,20
14845,445305940,130
14846,918874086,160
14847,116816737475,0
14848,60616469599,10
14849,846485190,140
14850,116816737475,0
14851,455765059,170
14852,3169361997,2980
14853,116816737475,0
14854,283519909181,70
14855,116816737475,0
14856,60616469599,10
14857,1956261898,2240
14858,43045099605,20
14859,116816737475,0
14860,116816737475,0
14861,138947389494,60
14862,49960028,80
14863,116816737475,0
14864,9253138971,7520
14865,1894859520,58900
14866,2382967929,1830
14867,283519909181,70
14868,116816737475,0
14869,7636050387,1680
14870,60616469599,10
14871,43045099605,20
14872,7451990210,620
14873,138947389494,60
14874,676457660,56970
14875,116816737475,0
14876,116816737475,0
14877,222193951,110
14878,116816737475,0
14879,116816737475,0
14880,116816737475,0
14881,116816737475,0
14882,3384378788,1890
14883,138947389494,60
14884,116816737475,0
14885,60616469599,10
14886,116816737475,0
14887,43045099605,20
14888,116816737475,0
14889,116816737475,0
14890,918874086,160
14891,445305940,130
14892,75986716,209080
14893,116816737475,0
14894,670234058,20
14895,25408694618,5790
14896,116816737475,0
14897,75286965941,40
14898,15775060784,1090
14899,60616469599,10
14900,116816737475,0
14901,2227839800,300
14902,4248131449,1810
14903,25415107108,14030
14904,116816737475,0
14905,190176097995,50
14906,3125401130,2010
14907,43045099605,20
14908,116816737475,0
14909,43045099605,20
14910,116816737475,0
14911,43045099605,20
14912,116816737475,0
14913,43045099605,20
14914,43045099605,20
14915,116816737475,0
14916,1316503233,2700
14917,116816737475,0
14918,116816737475,0
14919,235334296,78760
14920,116816737475,0
14921,144553899538,30
14922,116816737475,0
14923,60616469599,10
14924,49960028,80
14925,43045099605,20
14926,116816737475,0
14927,3520133578,490
14928,116816737475,0
14929,138947389494,60
14930,49960028,80
14931,116816737475,0
14932,138947389494,60
14933,60616469599,10
14934,138947389494,60
14935,116816737475,0
14936,116816737475,0
14937,60616469599,10
14938,116816737475,0
14939,6651387372,1820
14940,60616469599,10
14941,116816737475,0
14942,116816737475,0
14943,49960028,80
14944,116816737475,0
14945,846485190,140
14946,75286965941,40
14947,116816737475,0
14948,6028467026,1850
14949,116816737475,0
14950,116816737475,0
14951,19711126353,3160
14952,1264723438,350
14953,116816737475,0
14954,144553899538,30
14955,49960028,80
14956,116816737475,0
14957,116816737475,0
14958,116816737475,0
14959,116816737475,0
14960,9939762153,5500
14961,116816737475,0
14962,43045099605,20
14963,116816737475,0
14964,60616469599,10
14965,351817758,106260
14966,60616469599,10
14967,116816737475,0
14968,116816737475,0
14969,116816737475,0
14970,116816737475,0
14971,934841731,14300
14972,116816737475,0
14973,60616469599,10
14974,2943233464,1870
14975,116816737475,0
14976,116816737475,0
14977,144553899538,30
14978,32109666,199700
14979,98935957,90
14980,12257397196,3600
14981,43045099605,20
14982,75286965941,40
14983,48852370,294430
14984,7933036235,4920
14985,116816737475,0
14986,116816737475,0
14987,116816737475,0
14988,116816737475,0
14989,43045099605,20
14990,75286965941,40
14991,116816737475,0
14992,116816737475,0
14993,116816737475,0
